uesi_id,iso,name,year,GHG_self
ARG_R3594027,ARG,Rosario,2018,1.5091505935898162
ARG_R3594027,ARG,Rosario,2019,1.4814828327073362
ARG_R3594027,ARG,Rosario,2020,1.4538150718248564
ARG_R3594027,ARG,Rosario,2021,1.4261473109423763
ARG_R3594027,ARG,Rosario,2022,1.3984795500598963
ARG_R3594027,ARG,Rosario,2023,1.3708117891774163
ARG_R3594027,ARG,Rosario,2024,1.3431440282949363
ARG_R3594027,ARG,Rosario,2025,1.3154762674124565
ARG_R3594027,ARG,Rosario,2026,1.2878085065299765
ARG_R3594027,ARG,Rosario,2027,1.2601407456474965
ARG_R3594027,ARG,Rosario,2028,1.2324729847650167
ARG_R3594027,ARG,Rosario,2029,1.2048052238825366
ARG_R3594027,ARG,Rosario,2030,1.1771374630000566
ARG_R3594027,ARG,Rosario,2031,1.1182805898500539
ARG_R3594027,ARG,Rosario,2032,1.0594237167000509
ARG_R3594027,ARG,Rosario,2033,1.000566843550048
ARG_R3594027,ARG,Rosario,2034,0.9417099704000453
ARG_R3594027,ARG,Rosario,2035,0.8828530972500425
ARG_R3594027,ARG,Rosario,2036,0.8239962241000396
ARG_R3594027,ARG,Rosario,2037,0.7651393509500368
ARG_R3594027,ARG,Rosario,2038,0.706282477800034
ARG_R3594027,ARG,Rosario,2039,0.6474256046500311
ARG_R3594027,ARG,Rosario,2040,0.5885687315000283
ARG_R3594027,ARG,Rosario,2041,0.5297118583500254
ARG_R3594027,ARG,Rosario,2042,0.47085498520002267
ARG_R3594027,ARG,Rosario,2043,0.4119981120500198
ARG_R3594027,ARG,Rosario,2044,0.35314123890001703
ARG_R3594027,ARG,Rosario,2045,0.29428436575001415
ARG_R3594027,ARG,Rosario,2046,0.23542749260001128
ARG_R3594027,ARG,Rosario,2047,0.17657061945000851
ARG_R3594027,ARG,Rosario,2048,0.11771374630000553
ARG_R3594027,ARG,Rosario,2049,0.058856873150002986
ARG_R3594027,ARG,Rosario,2050,0
AUS_R4246124,AUS,Melbourne,2015,18.14374940343158
AUS_R4246124,AUS,Melbourne,2016,17.54500567311834
AUS_R4246124,AUS,Melbourne,2017,16.946261942805098
AUS_R4246124,AUS,Melbourne,2018,16.347518212491856
AUS_R4246124,AUS,Melbourne,2019,15.748774482178613
AUS_R4246124,AUS,Melbourne,2020,15.15003075186537
AUS_R4246124,AUS,Melbourne,2021,14.551287021552127
AUS_R4246124,AUS,Melbourne,2022,13.952543291238886
AUS_R4246124,AUS,Melbourne,2023,13.353799560925644
AUS_R4246124,AUS,Melbourne,2024,12.7550558306124
AUS_R4246124,AUS,Melbourne,2025,12.156312100299159
AUS_R4246124,AUS,Melbourne,2026,10.632237150410907
AUS_R4246124,AUS,Melbourne,2027,9.108162200522653
AUS_R4246124,AUS,Melbourne,2028,7.5840872506344015
AUS_R4246124,AUS,Melbourne,2029,6.060012300746148
AUS_R4246124,AUS,Melbourne,2030,4.535937350857896
AUS_R4246124,AUS,Melbourne,2031,4.082343615772107
AUS_R4246124,AUS,Melbourne,2032,3.6287498806863168
AUS_R4246124,AUS,Melbourne,2033,3.1751561456005275
AUS_R4246124,AUS,Melbourne,2034,2.7215624105147374
AUS_R4246124,AUS,Melbourne,2035,2.267968675428948
AUS_R4246124,AUS,Melbourne,2036,1.8143749403431584
AUS_R4246124,AUS,Melbourne,2037,1.3607812052573691
AUS_R4246124,AUS,Melbourne,2038,0.907187470171579
AUS_R4246124,AUS,Melbourne,2039,0.45359373508578926
AUS_R4246124,AUS,Melbourne,2040,0
AUS_R5750005,AUS,Sydney,2006,11.877434653910404
AUS_R5750005,AUS,Sydney,2007,11.531009476504684
AUS_R5750005,AUS,Sydney,2008,11.184584299098963
AUS_R5750005,AUS,Sydney,2009,10.838159121693243
AUS_R5750005,AUS,Sydney,2010,10.491733944287525
AUS_R5750005,AUS,Sydney,2011,10.145308766881804
AUS_R5750005,AUS,Sydney,2012,9.798883589476084
AUS_R5750005,AUS,Sydney,2013,9.452458412070364
AUS_R5750005,AUS,Sydney,2014,9.106033234664643
AUS_R5750005,AUS,Sydney,2015,8.759608057258923
AUS_R5750005,AUS,Sydney,2016,8.413182879853203
AUS_R5750005,AUS,Sydney,2017,8.066757702447482
AUS_R5750005,AUS,Sydney,2018,7.720332525041763
AUS_R5750005,AUS,Sydney,2019,7.3739073476360435
AUS_R5750005,AUS,Sydney,2020,7.027482170230322
AUS_R5750005,AUS,Sydney,2021,6.681056992824603
AUS_R5750005,AUS,Sydney,2022,6.3346318154188825
AUS_R5750005,AUS,Sydney,2023,5.988206638013162
AUS_R5750005,AUS,Sydney,2024,5.641781460607442
AUS_R5750005,AUS,Sydney,2025,5.2953562832017225
AUS_R5750005,AUS,Sydney,2026,4.948931105796002
AUS_R5750005,AUS,Sydney,2027,4.602505928390282
AUS_R5750005,AUS,Sydney,2028,4.256080750984562
AUS_R5750005,AUS,Sydney,2029,3.909655573578841
AUS_R5750005,AUS,Sydney,2030,3.5632303961731218
AUS_R5750005,AUS,Sydney,2031,2.8505843169384972
AUS_R5750005,AUS,Sydney,2032,2.1379382377038727
AUS_R5750005,AUS,Sydney,2033,1.4252921584692486
AUS_R5750005,AUS,Sydney,2034,0.7126460792346241
AUS_R5750005,AUS,Sydney,2035,0
BRA_R2697338,BRA,Rio de Janeiro,2017,9.79065818462569
BRA_R2697338,BRA,Rio de Janeiro,2018,9.720724911878364
BRA_R2697338,BRA,Rio de Janeiro,2019,9.650791639131036
BRA_R2697338,BRA,Rio de Janeiro,2020,9.58085836638371
BRA_R2697338,BRA,Rio de Janeiro,2021,9.510925093636384
BRA_R2697338,BRA,Rio de Janeiro,2022,9.440991820889058
BRA_R2697338,BRA,Rio de Janeiro,2023,9.37105854814173
BRA_R2697338,BRA,Rio de Janeiro,2024,9.301125275394405
BRA_R2697338,BRA,Rio de Janeiro,2025,9.056358820778762
BRA_R2697338,BRA,Rio de Janeiro,2026,8.81159236616312
BRA_R2697338,BRA,Rio de Janeiro,2027,8.566825911547479
BRA_R2697338,BRA,Rio de Janeiro,2028,8.322059456931836
BRA_R2697338,BRA,Rio de Janeiro,2029,8.077293002316193
BRA_R2697338,BRA,Rio de Janeiro,2030,7.832526547700551
BRA_R2697338,BRA,Rio de Janeiro,2031,7.440900220315523
BRA_R2697338,BRA,Rio de Janeiro,2032,7.049273892930496
BRA_R2697338,BRA,Rio de Janeiro,2033,6.657647565545469
BRA_R2697338,BRA,Rio de Janeiro,2034,6.266021238160441
BRA_R2697338,BRA,Rio de Janeiro,2035,5.874394910775413
BRA_R2697338,BRA,Rio de Janeiro,2036,5.482768583390386
BRA_R2697338,BRA,Rio de Janeiro,2037,5.091142256005359
BRA_R2697338,BRA,Rio de Janeiro,2038,4.699515928620331
BRA_R2697338,BRA,Rio de Janeiro,2039,4.307889601235303
BRA_R2697338,BRA,Rio de Janeiro,2040,3.9162632738502756
BRA_R2697338,BRA,Rio de Janeiro,2041,3.5246369464652476
BRA_R2697338,BRA,Rio de Janeiro,2042,3.1330106190802205
BRA_R2697338,BRA,Rio de Janeiro,2043,2.7413842916951925
BRA_R2697338,BRA,Rio de Janeiro,2044,2.3497579643101654
BRA_R2697338,BRA,Rio de Janeiro,2045,1.9581316369251383
BRA_R2697338,BRA,Rio de Janeiro,2046,1.5665053095401102
BRA_R2697338,BRA,Rio de Janeiro,2047,1.1748789821550831
BRA_R2697338,BRA,Rio de Janeiro,2048,0.7832526547700551
BRA_R2697338,BRA,Rio de Janeiro,2049,0.391626327385028
BRA_R2697338,BRA,Rio de Janeiro,2050,0
BRA_R297514,BRA,Curitiba,2016,5.763078898660578
BRA_R297514,BRA,Curitiba,2017,5.586070046773146
BRA_R297514,BRA,Curitiba,2018,5.409061194885714
BRA_R297514,BRA,Curitiba,2019,5.232052342998282
BRA_R297514,BRA,Curitiba,2020,5.05504349111085
BRA_R297514,BRA,Curitiba,2021,4.878034639223418
BRA_R297514,BRA,Curitiba,2022,4.701025787335986
BRA_R297514,BRA,Curitiba,2023,4.524016935448554
BRA_R297514,BRA,Curitiba,2024,4.347008083561121
BRA_R297514,BRA,Curitiba,2025,4.16999923167369
BRA_R297514,BRA,Curitiba,2026,3.9929903797862574
BRA_R297514,BRA,Curitiba,2027,3.815981527898826
BRA_R297514,BRA,Curitiba,2028,3.638972676011394
BRA_R297514,BRA,Curitiba,2029,3.4619638241239614
BRA_R297514,BRA,Curitiba,2030,3.2849549722365294
BRA_R297514,BRA,Curitiba,2031,3.120707223624703
BRA_R297514,BRA,Curitiba,2032,2.9564594750128763
BRA_R297514,BRA,Curitiba,2033,2.79221172640105
BRA_R297514,BRA,Curitiba,2034,2.6279639777892236
BRA_R297514,BRA,Curitiba,2035,2.463716229177397
BRA_R297514,BRA,Curitiba,2036,2.2994684805655705
BRA_R297514,BRA,Curitiba,2037,2.135220731953744
BRA_R297514,BRA,Curitiba,2038,1.9709729833419176
BRA_R297514,BRA,Curitiba,2039,1.806725234730091
BRA_R297514,BRA,Curitiba,2040,1.6424774861182647
BRA_R297514,BRA,Curitiba,2041,1.4782297375064382
BRA_R297514,BRA,Curitiba,2042,1.3139819888946118
BRA_R297514,BRA,Curitiba,2043,1.1497342402827853
BRA_R297514,BRA,Curitiba,2044,0.9854864916709589
BRA_R297514,BRA,Curitiba,2045,0.8212387430591326
BRA_R297514,BRA,Curitiba,2046,0.6569909944473058
BRA_R297514,BRA,Curitiba,2047,0.49274324583547946
BRA_R297514,BRA,Curitiba,2048,0.3284954972236527
BRA_R297514,BRA,Curitiba,2049,0.16424774861182678
BRA_R297514,BRA,Curitiba,2050,0
BRA_R298285,BRA,São Paulo,2022,11.197948927577096
BRA_R298285,BRA,São Paulo,2023,10.79802218016363
BRA_R298285,BRA,São Paulo,2024,10.39809543275016
BRA_R298285,BRA,São Paulo,2025,9.998168685336694
BRA_R298285,BRA,São Paulo,2026,9.598241937923225
BRA_R298285,BRA,São Paulo,2027,9.198315190509758
BRA_R298285,BRA,São Paulo,2028,8.79838844309629
BRA_R298285,BRA,São Paulo,2029,8.398461695682823
BRA_R298285,BRA,São Paulo,2030,7.998534948269355
BRA_R298285,BRA,São Paulo,2031,7.598608200855887
BRA_R298285,BRA,São Paulo,2032,7.198681453442418
BRA_R298285,BRA,São Paulo,2033,6.7987547060289515
BRA_R298285,BRA,São Paulo,2034,6.398827958615484
BRA_R298285,BRA,São Paulo,2035,5.998901211202016
BRA_R298285,BRA,São Paulo,2036,5.598974463788548
BRA_R298285,BRA,São Paulo,2037,5.19904771637508
BRA_R298285,BRA,São Paulo,2038,4.7991209689616134
BRA_R298285,BRA,São Paulo,2039,4.399194221548146
BRA_R298285,BRA,São Paulo,2040,3.999267474134677
BRA_R298285,BRA,São Paulo,2041,3.599340726721209
BRA_R298285,BRA,São Paulo,2042,3.1994139793077414
BRA_R298285,BRA,São Paulo,2043,2.7994872318942736
BRA_R298285,BRA,São Paulo,2044,2.3995604844808067
BRA_R298285,BRA,São Paulo,2045,1.9996337370673398
BRA_R298285,BRA,São Paulo,2046,1.5997069896538711
BRA_R298285,BRA,São Paulo,2047,1.1997802422404025
BRA_R298285,BRA,São Paulo,2048,0.7998534948269356
BRA_R298285,BRA,São Paulo,2049,0.3999267474134669
BRA_R298285,BRA,São Paulo,2050,0
BRA_R302588,BRA,Fortaleza,2014,2.189766045450263
BRA_R302588,BRA,Fortaleza,2015,2.1487079320980706
BRA_R302588,BRA,Fortaleza,2016,2.1076498187458785
BRA_R302588,BRA,Fortaleza,2017,2.066591705393686
BRA_R302588,BRA,Fortaleza,2018,2.0255335920414934
BRA_R302588,BRA,Fortaleza,2019,1.984475478689301
BRA_R302588,BRA,Fortaleza,2020,1.9434173653371085
BRA_R302588,BRA,Fortaleza,2021,1.9023592519849162
BRA_R302588,BRA,Fortaleza,2022,1.8613011386327236
BRA_R302588,BRA,Fortaleza,2023,1.8202430252805313
BRA_R302588,BRA,Fortaleza,2024,1.779184911928339
BRA_R302588,BRA,Fortaleza,2025,1.7381267985761464
BRA_R302588,BRA,Fortaleza,2026,1.697068685223954
BRA_R302588,BRA,Fortaleza,2027,1.6560105718717617
BRA_R302588,BRA,Fortaleza,2028,1.6149524585195691
BRA_R302588,BRA,Fortaleza,2029,1.5738943451673766
BRA_R302588,BRA,Fortaleza,2030,1.5328362318151842
BRA_R302588,BRA,Fortaleza,2031,1.456194420224425
BRA_R302588,BRA,Fortaleza,2032,1.3795526086336658
BRA_R302588,BRA,Fortaleza,2033,1.3029107970429066
BRA_R302588,BRA,Fortaleza,2034,1.2262689854521474
BRA_R302588,BRA,Fortaleza,2035,1.1496271738613881
BRA_R302588,BRA,Fortaleza,2036,1.0729853622706291
BRA_R302588,BRA,Fortaleza,2037,0.9963435506798698
BRA_R302588,BRA,Fortaleza,2038,0.9197017390891105
BRA_R302588,BRA,Fortaleza,2039,0.8430599274983513
BRA_R302588,BRA,Fortaleza,2040,0.7664181159075921
BRA_R302588,BRA,Fortaleza,2041,0.6897763043168328
BRA_R302588,BRA,Fortaleza,2042,0.6131344927260738
BRA_R302588,BRA,Fortaleza,2043,0.5364926811353145
BRA_R302588,BRA,Fortaleza,2044,0.45985086954455534
BRA_R302588,BRA,Fortaleza,2045,0.3832090579537961
BRA_R302588,BRA,Fortaleza,2046,0.30656724636303667
BRA_R302588,BRA,Fortaleza,2047,0.22992543477227767
BRA_R302588,BRA,Fortaleza,2048,0.15328362318151845
BRA_R302588,BRA,Fortaleza,2049,0.07664181159075922
BRA_R302588,BRA,Fortaleza,2050,0
BRA_R368782,BRA,Belo Horizonte,2007,2.3700412874277443
BRA_R368782,BRA,Belo Horizonte,2008,2.3494322327544594
BRA_R368782,BRA,Belo Horizonte,2009,2.328823178081175
BRA_R368782,BRA,Belo Horizonte,2010,2.30821412340789
BRA_R368782,BRA,Belo Horizonte,2011,2.2876050687346052
BRA_R368782,BRA,Belo Horizonte,2012,2.266996014061321
BRA_R368782,BRA,Belo Horizonte,2013,2.246386959388036
BRA_R368782,BRA,Belo Horizonte,2014,2.225777904714751
BRA_R368782,BRA,Belo Horizonte,2015,2.2051688500414666
BRA_R368782,BRA,Belo Horizonte,2016,2.1845597953681817
BRA_R368782,BRA,Belo Horizonte,2017,2.1639507406948972
BRA_R368782,BRA,Belo Horizonte,2018,2.1433416860216123
BRA_R368782,BRA,Belo Horizonte,2019,2.1227326313483275
BRA_R368782,BRA,Belo Horizonte,2020,2.102123576675043
BRA_R368782,BRA,Belo Horizonte,2021,2.081514522001758
BRA_R368782,BRA,Belo Horizonte,2022,2.0609054673284732
BRA_R368782,BRA,Belo Horizonte,2023,2.040296412655189
BRA_R368782,BRA,Belo Horizonte,2024,2.019687357981904
BRA_R368782,BRA,Belo Horizonte,2025,1.999078303308619
BRA_R368782,BRA,Belo Horizonte,2026,1.9784692486353344
BRA_R368782,BRA,Belo Horizonte,2027,1.9578601939620497
BRA_R368782,BRA,Belo Horizonte,2028,1.937251139288765
BRA_R368782,BRA,Belo Horizonte,2029,1.9166420846154801
BRA_R368782,BRA,Belo Horizonte,2030,1.8960330299421955
BRA_R368782,BRA,Belo Horizonte,2031,1.8012313784450857
BRA_R368782,BRA,Belo Horizonte,2032,1.706429726947976
BRA_R368782,BRA,Belo Horizonte,2033,1.611628075450866
BRA_R368782,BRA,Belo Horizonte,2034,1.5168264239537563
BRA_R368782,BRA,Belo Horizonte,2035,1.4220247724566466
BRA_R368782,BRA,Belo Horizonte,2036,1.3272231209595369
BRA_R368782,BRA,Belo Horizonte,2037,1.2324214694624271
BRA_R368782,BRA,Belo Horizonte,2038,1.1376198179653172
BRA_R368782,BRA,Belo Horizonte,2039,1.0428181664682075
BRA_R368782,BRA,Belo Horizonte,2040,0.9480165149710977
BRA_R368782,BRA,Belo Horizonte,2041,0.8532148634739878
BRA_R368782,BRA,Belo Horizonte,2042,0.7584132119768783
BRA_R368782,BRA,Belo Horizonte,2043,0.6636115604797683
BRA_R368782,BRA,Belo Horizonte,2044,0.5688099089826588
BRA_R368782,BRA,Belo Horizonte,2045,0.47400825748554887
BRA_R368782,BRA,Belo Horizonte,2046,0.3792066059884389
BRA_R368782,BRA,Belo Horizonte,2047,0.2844049544913294
BRA_R368782,BRA,Belo Horizonte,2048,0.18960330299421946
BRA_R368782,BRA,Belo Horizonte,2049,0.09480165149710995
BRA_R368782,BRA,Belo Horizonte,2050,0
CAN_R1571328,CAN,"Montreal, QC",1990,7.31963862649668
CAN_R1571328,CAN,"Montreal, QC",1991,7.218993595382351
CAN_R1571328,CAN,"Montreal, QC",1992,7.118348564268021
CAN_R1571328,CAN,"Montreal, QC",1993,7.017703533153692
CAN_R1571328,CAN,"Montreal, QC",1994,6.917058502039362
CAN_R1571328,CAN,"Montreal, QC",1995,6.816413470925033
CAN_R1571328,CAN,"Montreal, QC",1996,6.715768439810704
CAN_R1571328,CAN,"Montreal, QC",1997,6.615123408696374
CAN_R1571328,CAN,"Montreal, QC",1998,6.514478377582044
CAN_R1571328,CAN,"Montreal, QC",1999,6.413833346467715
CAN_R1571328,CAN,"Montreal, QC",2000,6.313188315353386
CAN_R1571328,CAN,"Montreal, QC",2001,6.212543284239056
CAN_R1571328,CAN,"Montreal, QC",2002,6.1118982531247275
CAN_R1571328,CAN,"Montreal, QC",2003,6.011253222010398
CAN_R1571328,CAN,"Montreal, QC",2004,5.910608190896069
CAN_R1571328,CAN,"Montreal, QC",2005,5.80996315978174
CAN_R1571328,CAN,"Montreal, QC",2006,5.70931812866741
CAN_R1571328,CAN,"Montreal, QC",2007,5.608673097553081
CAN_R1571328,CAN,"Montreal, QC",2008,5.508028066438751
CAN_R1571328,CAN,"Montreal, QC",2009,5.407383035324422
CAN_R1571328,CAN,"Montreal, QC",2010,5.306738004210093
CAN_R1571328,CAN,"Montreal, QC",2011,5.206092973095763
CAN_R1571328,CAN,"Montreal, QC",2012,5.105447941981433
CAN_R1571328,CAN,"Montreal, QC",2013,5.004802910867104
CAN_R1571328,CAN,"Montreal, QC",2014,4.904157879752775
CAN_R1571328,CAN,"Montreal, QC",2015,4.803512848638446
CAN_R1571328,CAN,"Montreal, QC",2016,4.702867817524116
CAN_R1571328,CAN,"Montreal, QC",2017,4.602222786409786
CAN_R1571328,CAN,"Montreal, QC",2018,4.5015777552954575
CAN_R1571328,CAN,"Montreal, QC",2019,4.4009327241811285
CAN_R1571328,CAN,"Montreal, QC",2020,4.300287693066799
CAN_R1571328,CAN,"Montreal, QC",2021,4.199642661952469
CAN_R1571328,CAN,"Montreal, QC",2022,4.09899763083814
CAN_R1571328,CAN,"Montreal, QC",2023,3.9983525997238107
CAN_R1571328,CAN,"Montreal, QC",2024,3.8977075686094813
CAN_R1571328,CAN,"Montreal, QC",2025,3.797062537495152
CAN_R1571328,CAN,"Montreal, QC",2026,3.6964175063808224
CAN_R1571328,CAN,"Montreal, QC",2027,3.595772475266493
CAN_R1571328,CAN,"Montreal, QC",2028,3.495127444152164
CAN_R1571328,CAN,"Montreal, QC",2029,3.3944824130378346
CAN_R1571328,CAN,"Montreal, QC",2030,3.293837381923505
CAN_R1571328,CAN,"Montreal, QC",2031,3.1291455128273298
CAN_R1571328,CAN,"Montreal, QC",2032,2.9644536437311544
CAN_R1571328,CAN,"Montreal, QC",2033,2.7997617746349794
CAN_R1571328,CAN,"Montreal, QC",2034,2.635069905538804
CAN_R1571328,CAN,"Montreal, QC",2035,2.4703780364426287
CAN_R1571328,CAN,"Montreal, QC",2036,2.3056861673464537
CAN_R1571328,CAN,"Montreal, QC",2037,2.1409942982502788
CAN_R1571328,CAN,"Montreal, QC",2038,1.976302429154103
CAN_R1571328,CAN,"Montreal, QC",2039,1.8116105600579278
CAN_R1571328,CAN,"Montreal, QC",2040,1.6469186909617526
CAN_R1571328,CAN,"Montreal, QC",2041,1.4822268218655772
CAN_R1571328,CAN,"Montreal, QC",2042,1.3175349527694022
CAN_R1571328,CAN,"Montreal, QC",2043,1.1528430836732269
CAN_R1571328,CAN,"Montreal, QC",2044,0.9881512145770519
CAN_R1571328,CAN,"Montreal, QC",2045,0.8234593454808765
CAN_R1571328,CAN,"Montreal, QC",2046,0.6587674763847007
CAN_R1571328,CAN,"Montreal, QC",2047,0.49407560728852573
CAN_R1571328,CAN,"Montreal, QC",2048,0.32938373819235034
CAN_R1571328,CAN,"Montreal, QC",2049,0.1646918690961754
CAN_R1571328,CAN,"Montreal, QC",2050,0
CAN_R1852574,CAN,"Vancouver, BC",2007,1.7218696526708768
CAN_R1852574,CAN,"Vancouver, BC",2008,1.6844377036997709
CAN_R1852574,CAN,"Vancouver, BC",2009,1.6470057547286647
CAN_R1852574,CAN,"Vancouver, BC",2010,1.6095738057575588
CAN_R1852574,CAN,"Vancouver, BC",2011,1.5721418567864527
CAN_R1852574,CAN,"Vancouver, BC",2012,1.5347099078153468
CAN_R1852574,CAN,"Vancouver, BC",2013,1.4972779588442406
CAN_R1852574,CAN,"Vancouver, BC",2014,1.4598460098731345
CAN_R1852574,CAN,"Vancouver, BC",2015,1.4224140609020286
CAN_R1852574,CAN,"Vancouver, BC",2016,1.3849821119309227
CAN_R1852574,CAN,"Vancouver, BC",2017,1.3475501629598166
CAN_R1852574,CAN,"Vancouver, BC",2018,1.3101182139887106
CAN_R1852574,CAN,"Vancouver, BC",2019,1.2726862650176045
CAN_R1852574,CAN,"Vancouver, BC",2020,1.2352543160464986
CAN_R1852574,CAN,"Vancouver, BC",2021,1.1978223670753925
CAN_R1852574,CAN,"Vancouver, BC",2022,1.1603904181042866
CAN_R1852574,CAN,"Vancouver, BC",2023,1.1229584691331804
CAN_R1852574,CAN,"Vancouver, BC",2024,1.0855265201620745
CAN_R1852574,CAN,"Vancouver, BC",2025,1.0480945711909686
CAN_R1852574,CAN,"Vancouver, BC",2026,1.0106626222198625
CAN_R1852574,CAN,"Vancouver, BC",2027,0.9732306732487565
CAN_R1852574,CAN,"Vancouver, BC",2028,0.9357987242776504
CAN_R1852574,CAN,"Vancouver, BC",2029,0.8983667753065444
CAN_R1852574,CAN,"Vancouver, BC",2030,0.8609348263354384
CAN_R1852574,CAN,"Vancouver, BC",2031,0.8178880850186665
CAN_R1852574,CAN,"Vancouver, BC",2032,0.7748413437018945
CAN_R1852574,CAN,"Vancouver, BC",2033,0.7317946023851226
CAN_R1852574,CAN,"Vancouver, BC",2034,0.6887478610683507
CAN_R1852574,CAN,"Vancouver, BC",2035,0.6457011197515787
CAN_R1852574,CAN,"Vancouver, BC",2036,0.6026543784348068
CAN_R1852574,CAN,"Vancouver, BC",2037,0.559607637118035
CAN_R1852574,CAN,"Vancouver, BC",2038,0.5165608958012631
CAN_R1852574,CAN,"Vancouver, BC",2039,0.4735141544844911
CAN_R1852574,CAN,"Vancouver, BC",2040,0.4304674131677192
CAN_R1852574,CAN,"Vancouver, BC",2041,0.38742067185094725
CAN_R1852574,CAN,"Vancouver, BC",2042,0.3443739305341754
CAN_R1852574,CAN,"Vancouver, BC",2043,0.3013271892174034
CAN_R1852574,CAN,"Vancouver, BC",2044,0.25828044790063154
CAN_R1852574,CAN,"Vancouver, BC",2045,0.21523370658385965
CAN_R1852574,CAN,"Vancouver, BC",2046,0.17218696526708765
CAN_R1852574,CAN,"Vancouver, BC",2047,0.12914022395031577
CAN_R1852574,CAN,"Vancouver, BC",2048,0.08609348263354377
CAN_R1852574,CAN,"Vancouver, BC",2049,0.043046741316772
CAN_R1852574,CAN,"Vancouver, BC",2050,0
CHN_R3469133,CHN,Qingdao,2022,51.34685995469668
CHN_R3469133,CHN,Qingdao,2023,49.99562679799414
CHN_R3469133,CHN,Qingdao,2024,48.64439364129159
CHN_R3469133,CHN,Qingdao,2025,47.29316048458905
CHN_R3469133,CHN,Qingdao,2026,45.9419273278865
CHN_R3469133,CHN,Qingdao,2027,44.59069417118396
CHN_R3469133,CHN,Qingdao,2028,43.23946101448142
CHN_R3469133,CHN,Qingdao,2029,41.88822785777887
CHN_R3469133,CHN,Qingdao,2030,40.53699470107633
CHN_R3469133,CHN,Qingdao,2031,39.18576154437378
CHN_R3469133,CHN,Qingdao,2032,37.83452838767124
CHN_R3469133,CHN,Qingdao,2033,36.48329523096869
CHN_R3469133,CHN,Qingdao,2034,35.13206207426615
CHN_R3469133,CHN,Qingdao,2035,33.78082891756361
CHN_R3469133,CHN,Qingdao,2036,32.42959576086106
CHN_R3469133,CHN,Qingdao,2037,31.078362604158517
CHN_R3469133,CHN,Qingdao,2038,29.727129447455976
CHN_R3469133,CHN,Qingdao,2039,28.37589629075343
CHN_R3469133,CHN,Qingdao,2040,27.024663134050886
CHN_R3469133,CHN,Qingdao,2041,25.67342997734834
CHN_R3469133,CHN,Qingdao,2042,24.3221968206458
CHN_R3469133,CHN,Qingdao,2043,22.97096366394325
CHN_R3469133,CHN,Qingdao,2044,21.619730507240707
CHN_R3469133,CHN,Qingdao,2045,20.268497350538166
CHN_R3469133,CHN,Qingdao,2046,18.91726419383562
CHN_R3469133,CHN,Qingdao,2047,17.566031037133072
CHN_R3469133,CHN,Qingdao,2048,16.21479788043053
CHN_R3469133,CHN,Qingdao,2049,14.86356472372799
CHN_R3469133,CHN,Qingdao,2050,13.512331567025448
CHN_R3469133,CHN,Qingdao,2051,12.161098410322893
CHN_R3469133,CHN,Qingdao,2052,10.809865253620352
CHN_R3469133,CHN,Qingdao,2053,9.45863209691781
CHN_R3469133,CHN,Qingdao,2054,8.107398940215269
CHN_R3469133,CHN,Qingdao,2055,6.756165783512721
CHN_R3469133,CHN,Qingdao,2056,5.404932626810179
CHN_R3469133,CHN,Qingdao,2057,4.053699470107631
CHN_R3469133,CHN,Qingdao,2058,2.7024663134050897
CHN_R3469133,CHN,Qingdao,2059,1.3512331567025413
CHN_R3469133,CHN,Qingdao,2060,0
CZE_R437354,CZE,Ostrava,2000,2.7967124440697604
CZE_R437354,CZE,Ostrava,2001,2.768745319629063
CZE_R437354,CZE,Ostrava,2002,2.740778195188365
CZE_R437354,CZE,Ostrava,2003,2.7128110707476676
CZE_R437354,CZE,Ostrava,2004,2.68484394630697
CZE_R437354,CZE,Ostrava,2005,2.6568768218662724
CZE_R437354,CZE,Ostrava,2006,2.628909697425575
CZE_R437354,CZE,Ostrava,2007,2.600942572984877
CZE_R437354,CZE,Ostrava,2008,2.5729754485441796
CZE_R437354,CZE,Ostrava,2009,2.545008324103482
CZE_R437354,CZE,Ostrava,2010,2.5170411996627844
CZE_R437354,CZE,Ostrava,2011,2.489074075222087
CZE_R437354,CZE,Ostrava,2012,2.461106950781389
CZE_R437354,CZE,Ostrava,2013,2.4331398263406916
CZE_R437354,CZE,Ostrava,2014,2.405172701899994
CZE_R437354,CZE,Ostrava,2015,2.3772055774592964
CZE_R437354,CZE,Ostrava,2016,2.349238453018599
CZE_R437354,CZE,Ostrava,2017,2.321271328577901
CZE_R437354,CZE,Ostrava,2018,2.2933042041372036
CZE_R437354,CZE,Ostrava,2019,2.265337079696506
CZE_R437354,CZE,Ostrava,2020,2.2373699552558084
CZE_R437354,CZE,Ostrava,2021,2.209402830815111
CZE_R437354,CZE,Ostrava,2022,2.181435706374413
CZE_R437354,CZE,Ostrava,2023,2.1534685819337156
CZE_R437354,CZE,Ostrava,2024,2.125501457493018
CZE_R437354,CZE,Ostrava,2025,2.0975343330523204
CZE_R437354,CZE,Ostrava,2026,2.069567208611623
CZE_R437354,CZE,Ostrava,2027,2.041600084170925
CZE_R437354,CZE,Ostrava,2028,2.0136329597302276
CZE_R437354,CZE,Ostrava,2029,1.98566583528953
CZE_R437354,CZE,Ostrava,2030,1.9576987108488324
CZE_R438171,CZE,Brno,2000,3.286808377520587
CZE_R438171,CZE,Brno,2001,3.2429842658203123
CZE_R438171,CZE,Brno,2002,3.199160154120038
CZE_R438171,CZE,Brno,2003,3.1553360424197634
CZE_R438171,CZE,Brno,2004,3.111511930719489
CZE_R438171,CZE,Brno,2005,3.0676878190192145
CZE_R438171,CZE,Brno,2006,3.02386370731894
CZE_R438171,CZE,Brno,2007,2.9800395956186656
CZE_R438171,CZE,Brno,2008,2.936215483918391
CZE_R438171,CZE,Brno,2009,2.8923913722181167
CZE_R438171,CZE,Brno,2010,2.848567260517842
CZE_R438171,CZE,Brno,2011,2.8047431488175674
CZE_R438171,CZE,Brno,2012,2.760919037117293
CZE_R438171,CZE,Brno,2013,2.7170949254170185
CZE_R438171,CZE,Brno,2014,2.6732708137167442
CZE_R438171,CZE,Brno,2015,2.6294467020164696
CZE_R438171,CZE,Brno,2016,2.585622590316195
CZE_R438171,CZE,Brno,2017,2.5417984786159207
CZE_R438171,CZE,Brno,2018,2.497974366915646
CZE_R438171,CZE,Brno,2019,2.454150255215372
CZE_R438171,CZE,Brno,2020,2.410326143515097
CZE_R438171,CZE,Brno,2021,2.3665020318148224
CZE_R438171,CZE,Brno,2022,2.322677920114548
CZE_R438171,CZE,Brno,2023,2.2788538084142735
CZE_R438171,CZE,Brno,2024,2.2350296967139993
CZE_R438171,CZE,Brno,2025,2.1912055850137246
CZE_R438171,CZE,Brno,2026,2.14738147331345
CZE_R438171,CZE,Brno,2027,2.1035573616131753
CZE_R438171,CZE,Brno,2028,2.059733249912901
CZE_R438171,CZE,Brno,2029,2.015909138212627
CZE_R438171,CZE,Brno,2030,1.9720850265123522
DEU_R62428,DEU,Munich,2022,5.5347227608390215
DEU_R62428,DEU,Munich,2023,4.8428824157341435
DEU_R62428,DEU,Munich,2024,4.151042070629266
DEU_R62428,DEU,Munich,2025,3.4592017255243883
DEU_R62428,DEU,Munich,2026,2.7673613804195107
DEU_R62428,DEU,Munich,2027,2.075521035314633
DEU_R62428,DEU,Munich,2028,1.3836806902097551
DEU_R62428,DEU,Munich,2029,0.691840345104878
DEU_R62428,DEU,Munich,2030,0
DNK_N13707878,DNK,Copenhagen,2015,0.9275601374931784
DNK_N13707878,DNK,Copenhagen,2016,0.8348041237438606
DNK_N13707878,DNK,Copenhagen,2017,0.7420481099945427
DNK_N13707878,DNK,Copenhagen,2018,0.6492920962452249
DNK_N13707878,DNK,Copenhagen,2019,0.556536082495907
DNK_N13707878,DNK,Copenhagen,2020,0.4637800687465892
DNK_N13707878,DNK,Copenhagen,2021,0.3710240549972714
DNK_N13707878,DNK,Copenhagen,2022,0.27826804124795357
DNK_N13707878,DNK,Copenhagen,2023,0.1855120274986356
DNK_N13707878,DNK,Copenhagen,2024,0.09275601374931786
DNK_N13707878,DNK,Copenhagen,2025,0
DNK_N13707878,DNK,Copenhagen,2026,0
DNK_N13707878,DNK,Copenhagen,2027,0
DNK_N13707878,DNK,Copenhagen,2028,0
DNK_N13707878,DNK,Copenhagen,2029,0
DNK_N13707878,DNK,Copenhagen,2030,0
ESP_R339549,ESP,Bilbao,2005,0.49270047693918273
ESP_R339549,ESP,Bilbao,2006,0.48481726930815583
ESP_R339549,ESP,Bilbao,2007,0.4769340616771289
ESP_R339549,ESP,Bilbao,2008,0.469050854046102
ESP_R339549,ESP,Bilbao,2009,0.461167646415075
ESP_R339549,ESP,Bilbao,2010,0.4532844387840481
ESP_R339549,ESP,Bilbao,2011,0.4454012311530212
ESP_R339549,ESP,Bilbao,2012,0.43751802352199426
ESP_R339549,ESP,Bilbao,2013,0.42963481589096736
ESP_R339549,ESP,Bilbao,2014,0.4217516082599404
ESP_R339549,ESP,Bilbao,2015,0.4138684006289135
ESP_R339549,ESP,Bilbao,2016,0.4059851929978866
ESP_R339549,ESP,Bilbao,2017,0.39810198536685965
ESP_R339549,ESP,Bilbao,2018,0.39021877773583274
ESP_R339549,ESP,Bilbao,2019,0.3823355701048058
ESP_R339549,ESP,Bilbao,2020,0.3744523624737789
ESP_R339549,ESP,Bilbao,2021,0.366569154842752
ESP_R339549,ESP,Bilbao,2022,0.35868594721172503
ESP_R339549,ESP,Bilbao,2023,0.35080273958069813
ESP_R339549,ESP,Bilbao,2024,0.3429195319496712
ESP_R339549,ESP,Bilbao,2025,0.3350363243186443
ESP_R339549,ESP,Bilbao,2026,0.3271531166876174
ESP_R339549,ESP,Bilbao,2027,0.3192699090565904
ESP_R339549,ESP,Bilbao,2028,0.31138670142556346
ESP_R339549,ESP,Bilbao,2029,0.30350349379453656
ESP_R339549,ESP,Bilbao,2030,0.29562028616350966
ESP_R342563,ESP,Seville,2022,0.7543079114957922
ESP_R342563,ESP,Seville,2023,0.6600194225588182
ESP_R342563,ESP,Seville,2024,0.5657309336218441
ESP_R342563,ESP,Seville,2025,0.4714424446848702
ESP_R342563,ESP,Seville,2026,0.3771539557478961
ESP_R342563,ESP,Seville,2027,0.28286546681092206
ESP_R342563,ESP,Seville,2028,0.18857697787394812
ESP_R342563,ESP,Seville,2029,0.09428848893697406
ESP_R342563,ESP,Seville,2030,0
ESP_R344953,ESP,Valencia,2022,0.7375108308097055
ESP_R344953,ESP,Valencia,2023,0.6453219769584922
ESP_R344953,ESP,Valencia,2024,0.5531331231072791
ESP_R344953,ESP,Valencia,2025,0.4609442692560659
ESP_R344953,ESP,Valencia,2026,0.36875541540485274
ESP_R344953,ESP,Valencia,2027,0.27656656155363957
ESP_R344953,ESP,Valencia,2028,0.18437770770242634
ESP_R344953,ESP,Valencia,2029,0.09218885385121323
ESP_R344953,ESP,Valencia,2030,0
ESP_R345401,ESP,Municipality of L'Hospitalet de Llobregat,2005,0.1850860264091342
ESP_R345401,ESP,Municipality of L'Hospitalet de Llobregat,2006,0.18101413382813325
ESP_R345401,ESP,Municipality of L'Hospitalet de Llobregat,2007,0.17694224124713231
ESP_R345401,ESP,Municipality of L'Hospitalet de Llobregat,2008,0.17287034866613135
ESP_R345401,ESP,Municipality of L'Hospitalet de Llobregat,2009,0.1687984560851304
ESP_R345401,ESP,Municipality of L'Hospitalet de Llobregat,2010,0.16472656350412945
ESP_R345401,ESP,Municipality of L'Hospitalet de Llobregat,2011,0.1606546709231285
ESP_R345401,ESP,Municipality of L'Hospitalet de Llobregat,2012,0.15658277834212753
ESP_R345401,ESP,Municipality of L'Hospitalet de Llobregat,2013,0.1525108857611266
ESP_R345401,ESP,Municipality of L'Hospitalet de Llobregat,2014,0.14843899318012563
ESP_R345401,ESP,Municipality of L'Hospitalet de Llobregat,2015,0.14436710059912466
ESP_R345401,ESP,Municipality of L'Hospitalet de Llobregat,2016,0.14029520801812373
ESP_R345401,ESP,Municipality of L'Hospitalet de Llobregat,2017,0.1362233154371228
ESP_R345401,ESP,Municipality of L'Hospitalet de Llobregat,2018,0.1321514228561218
ESP_R345401,ESP,Municipality of L'Hospitalet de Llobregat,2019,0.12807953027512087
ESP_R345401,ESP,Municipality of L'Hospitalet de Llobregat,2020,0.12400763769411992
ESP_R345401,ESP,Municipality of L'Hospitalet de Llobregat,2021,0.11993574511311896
ESP_R345401,ESP,Municipality of L'Hospitalet de Llobregat,2022,0.115863852532118
ESP_R345401,ESP,Municipality of L'Hospitalet de Llobregat,2023,0.11179195995111706
ESP_R345401,ESP,Municipality of L'Hospitalet de Llobregat,2024,0.10772006737011611
ESP_R345401,ESP,Municipality of L'Hospitalet de Llobregat,2025,0.10364817478911514
ESP_R345401,ESP,Municipality of L'Hospitalet de Llobregat,2026,0.0995762822081142
ESP_R345401,ESP,Municipality of L'Hospitalet de Llobregat,2027,0.09550438962711325
ESP_R345401,ESP,Municipality of L'Hospitalet de Llobregat,2028,0.09143249704611228
ESP_R345401,ESP,Municipality of L'Hospitalet de Llobregat,2029,0.08736060446511135
ESP_R345401,ESP,Municipality of L'Hospitalet de Llobregat,2030,0.08328871188411038
ESP_R347950,ESP,Barcelona,2022,1.9566995236574407
ESP_R347950,ESP,Barcelona,2023,1.7121120832002605
ESP_R347950,ESP,Barcelona,2024,1.4675246427430806
ESP_R347950,ESP,Barcelona,2025,1.2229372022859004
ESP_R347950,ESP,Barcelona,2026,0.9783497618287204
ESP_R347950,ESP,Barcelona,2027,0.7337623213715403
ESP_R347950,ESP,Barcelona,2028,0.4891748809143601
ESP_R347950,ESP,Barcelona,2029,0.24458744045718017
ESP_R347950,ESP,Barcelona,2030,0
ESP_R5326784,ESP,Madrid,2022,4.924031534405421
ESP_R5326784,ESP,Madrid,2023,4.308527592604743
ESP_R5326784,ESP,Madrid,2024,3.6930236508040655
ESP_R5326784,ESP,Madrid,2025,3.077519709003388
ESP_R5326784,ESP,Madrid,2026,2.4620157672027103
ESP_R5326784,ESP,Madrid,2027,1.8465118254020325
ESP_R5326784,ESP,Madrid,2028,1.2310078836013552
ESP_R5326784,ESP,Madrid,2029,0.6155039418006778
ESP_R5326784,ESP,Madrid,2030,0
EST_R2164745,EST,Tallinn,2007,0.7675812708967584
EST_R2164745,EST,Tallinn,2008,0.7542320314029017
EST_R2164745,EST,Tallinn,2009,0.740882791909045
EST_R2164745,EST,Tallinn,2010,0.7275335524151885
EST_R2164745,EST,Tallinn,2011,0.7141843129213318
EST_R2164745,EST,Tallinn,2012,0.7008350734274751
EST_R2164745,EST,Tallinn,2013,0.6874858339336184
EST_R2164745,EST,Tallinn,2014,0.6741365944397617
EST_R2164745,EST,Tallinn,2015,0.6607873549459051
EST_R2164745,EST,Tallinn,2016,0.6474381154520484
EST_R2164745,EST,Tallinn,2017,0.6340888759581917
EST_R2164745,EST,Tallinn,2018,0.620739636464335
EST_R2164745,EST,Tallinn,2019,0.6073903969704784
EST_R2164745,EST,Tallinn,2020,0.5940411574766218
EST_R2164745,EST,Tallinn,2021,0.5806919179827651
EST_R2164745,EST,Tallinn,2022,0.5673426784889084
EST_R2164745,EST,Tallinn,2023,0.5539934389950517
EST_R2164745,EST,Tallinn,2024,0.540644199501195
EST_R2164745,EST,Tallinn,2025,0.5272949600073384
EST_R2164745,EST,Tallinn,2026,0.5139457205134816
EST_R2164745,EST,Tallinn,2027,0.5005964810196251
EST_R2164745,EST,Tallinn,2028,0.4872472415257684
EST_R2164745,EST,Tallinn,2029,0.4738980020319117
EST_R2164745,EST,Tallinn,2030,0.46054876253805505
FIN_R34914,FIN,Helsinki,2022,3.1691875144588306
FIN_R34914,FIN,Helsinki,2023,2.773039075151477
FIN_R34914,FIN,Helsinki,2024,2.376890635844123
FIN_R34914,FIN,Helsinki,2025,1.980742196536769
FIN_R34914,FIN,Helsinki,2026,1.5845937572294153
FIN_R34914,FIN,Helsinki,2027,1.1884453179220615
FIN_R34914,FIN,Helsinki,2028,0.7922968786147075
FIN_R34914,FIN,Helsinki,2029,0.3961484393073538
FIN_R34914,FIN,Helsinki,2030,0
FIN_R36097,FIN,Espoo,1990,2.0551675355599817
FIN_R36097,FIN,Espoo,1991,2.0037883471709823
FIN_R36097,FIN,Espoo,1992,1.9524091587819825
FIN_R36097,FIN,Espoo,1993,1.9010299703929832
FIN_R36097,FIN,Espoo,1994,1.8496507820039834
FIN_R36097,FIN,Espoo,1995,1.798271593614984
FIN_R36097,FIN,Espoo,1996,1.7468924052259844
FIN_R36097,FIN,Espoo,1997,1.6955132168369849
FIN_R36097,FIN,Espoo,1998,1.6441340284479853
FIN_R36097,FIN,Espoo,1999,1.5927548400589857
FIN_R36097,FIN,Espoo,2000,1.5413756516699864
FIN_R36097,FIN,Espoo,2001,1.4899964632809866
FIN_R36097,FIN,Espoo,2002,1.4386172748919872
FIN_R36097,FIN,Espoo,2003,1.3872380865029876
FIN_R36097,FIN,Espoo,2004,1.335858898113988
FIN_R36097,FIN,Espoo,2005,1.2844797097249885
FIN_R36097,FIN,Espoo,2006,1.233100521335989
FIN_R36097,FIN,Espoo,2007,1.1817213329469896
FIN_R36097,FIN,Espoo,2008,1.1303421445579898
FIN_R36097,FIN,Espoo,2009,1.0789629561689904
FIN_R36097,FIN,Espoo,2010,1.0275837677799908
FIN_R36097,FIN,Espoo,2011,0.9762045793909913
FIN_R36097,FIN,Espoo,2012,0.9248253910019917
FIN_R36097,FIN,Espoo,2013,0.8734462026129923
FIN_R36097,FIN,Espoo,2014,0.8220670142239928
FIN_R36097,FIN,Espoo,2015,0.7706878258349932
FIN_R36097,FIN,Espoo,2016,0.7193086374459936
FIN_R36097,FIN,Espoo,2017,0.667929449056994
FIN_R36097,FIN,Espoo,2018,0.6165502606679947
FIN_R36097,FIN,Espoo,2019,0.5651710722789951
FIN_R36097,FIN,Espoo,2020,0.5137918838899953
FIN_R36097,FIN,Espoo,2021,0.46241269550099573
FIN_R36097,FIN,Espoo,2022,0.41103350711199615
FIN_R36097,FIN,Espoo,2023,0.3596543187229968
FIN_R36097,FIN,Espoo,2024,0.3082751303339972
FIN_R36097,FIN,Espoo,2025,0.25689594194499765
FIN_R36097,FIN,Espoo,2026,0.20551675355599808
FIN_R36097,FIN,Espoo,2027,0.1541375651669985
FIN_R36097,FIN,Espoo,2028,0.10275837677799915
FIN_R36097,FIN,Espoo,2029,0.0513791883889998
FIN_R36097,FIN,Espoo,2030,0
FRA_R7444,FRA,Paris,2004,3.902385192892217
FRA_R7444,FRA,Paris,2005,3.7522934547040547
FRA_R7444,FRA,Paris,2006,3.602201716515893
FRA_R7444,FRA,Paris,2007,3.4521099783277305
FRA_R7444,FRA,Paris,2008,3.302018240139568
FRA_R7444,FRA,Paris,2009,3.1519265019514062
FRA_R7444,FRA,Paris,2010,3.001834763763244
FRA_R7444,FRA,Paris,2011,2.8517430255750815
FRA_R7444,FRA,Paris,2012,2.7016512873869196
FRA_R7444,FRA,Paris,2013,2.5515595491987573
FRA_R7444,FRA,Paris,2014,2.401467811010595
FRA_R7444,FRA,Paris,2015,2.251376072822433
FRA_R7444,FRA,Paris,2016,2.1012843346342707
FRA_R7444,FRA,Paris,2017,1.9511925964461085
FRA_R7444,FRA,Paris,2018,1.8011008582579464
FRA_R7444,FRA,Paris,2019,1.6510091200697845
FRA_R7444,FRA,Paris,2020,1.5009173818816217
FRA_R7444,FRA,Paris,2021,1.3508256436934598
FRA_R7444,FRA,Paris,2022,1.2007339055052975
FRA_R7444,FRA,Paris,2023,1.0506421673171356
FRA_R7444,FRA,Paris,2024,0.9005504291289732
FRA_R7444,FRA,Paris,2025,0.7504586909408109
FRA_R7444,FRA,Paris,2026,0.600366952752649
FRA_R7444,FRA,Paris,2027,0.4502752145644866
FRA_R7444,FRA,Paris,2028,0.30018347637632425
FRA_R7444,FRA,Paris,2029,0.1500917381881619
FRA_R7444,FRA,Paris,2030,0
FRA_R7444,FRA,Paris,2031,0
FRA_R7444,FRA,Paris,2032,0
FRA_R7444,FRA,Paris,2033,0
FRA_R7444,FRA,Paris,2034,0
FRA_R7444,FRA,Paris,2035,0
FRA_R7444,FRA,Paris,2036,0
FRA_R7444,FRA,Paris,2037,0
FRA_R7444,FRA,Paris,2038,0
FRA_R7444,FRA,Paris,2039,0
FRA_R7444,FRA,Paris,2040,0
FRA_R7444,FRA,Paris,2041,0
FRA_R7444,FRA,Paris,2042,0
FRA_R7444,FRA,Paris,2043,0
FRA_R7444,FRA,Paris,2044,0
FRA_R7444,FRA,Paris,2045,0
FRA_R7444,FRA,Paris,2046,0
FRA_R7444,FRA,Paris,2047,0
FRA_R7444,FRA,Paris,2048,0
FRA_R7444,FRA,Paris,2049,0
FRA_R7444,FRA,Paris,2050,0
FRA_R76469,FRA,Marseille,2022,0.9966532139359717
FRA_R76469,FRA,Marseille,2023,0.8720715621939753
FRA_R76469,FRA,Marseille,2024,0.7474899104519788
FRA_R76469,FRA,Marseille,2025,0.6229082587099823
FRA_R76469,FRA,Marseille,2026,0.49832660696798586
FRA_R76469,FRA,Marseille,2027,0.3737449552259894
FRA_R76469,FRA,Marseille,2028,0.24916330348399296
FRA_R76469,FRA,Marseille,2029,0.12458165174199642
FRA_R76469,FRA,Marseille,2030,0
GBR_R1920901,GBR,Edinburgh,2020,1.4377802785793077
GBR_R1920901,GBR,Edinburgh,2021,1.2940022507213769
GBR_R1920901,GBR,Edinburgh,2022,1.150224222863446
GBR_R1920901,GBR,Edinburgh,2023,1.0064461950055155
GBR_R1920901,GBR,Edinburgh,2024,0.8626681671475845
GBR_R1920901,GBR,Edinburgh,2025,0.7188901392896538
GBR_R1920901,GBR,Edinburgh,2026,0.5751121114317231
GBR_R1920901,GBR,Edinburgh,2027,0.43133408357379244
GBR_R1920901,GBR,Edinburgh,2028,0.2875560557158614
GBR_R1920901,GBR,Edinburgh,2029,0.1437780278579308
GBR_R1920901,GBR,Edinburgh,2030,0
GRC_R1370736,GRC,Athens,2018,0.3737851376665003
GRC_R1370736,GRC,Athens,2019,0.34263637619429194
GRC_R1370736,GRC,Athens,2020,0.3114876147220836
GRC_R1370736,GRC,Athens,2021,0.28033885324987523
GRC_R1370736,GRC,Athens,2022,0.24919009177766688
GRC_R1370736,GRC,Athens,2023,0.2180413303054585
GRC_R1370736,GRC,Athens,2024,0.18689256883325014
GRC_R1370736,GRC,Athens,2025,0.15574380736104176
GRC_R1370736,GRC,Athens,2026,0.12459504588883344
GRC_R1370736,GRC,Athens,2027,0.09344628441662506
GRC_R1370736,GRC,Athens,2028,0.062297522944416706
GRC_R1370736,GRC,Athens,2029,0.031148761472208353
GRC_R1370736,GRC,Athens,2030,0
HRV_R3168167,HRV,Zagreb,2008,1.7317291793116856
HRV_R3168167,HRV,Zagreb,2009,1.6530142166156998
HRV_R3168167,HRV,Zagreb,2010,1.574299253919714
HRV_R3168167,HRV,Zagreb,2011,1.4955842912237285
HRV_R3168167,HRV,Zagreb,2012,1.4168693285277427
HRV_R3168167,HRV,Zagreb,2013,1.3381543658317572
HRV_R3168167,HRV,Zagreb,2014,1.2594394031357714
HRV_R3168167,HRV,Zagreb,2015,1.1807244404397856
HRV_R3168167,HRV,Zagreb,2016,1.1020094777437999
HRV_R3168167,HRV,Zagreb,2017,1.023294515047814
HRV_R3168167,HRV,Zagreb,2018,0.9445795523518286
HRV_R3168167,HRV,Zagreb,2019,0.8658645896558428
HRV_R3168167,HRV,Zagreb,2020,0.7871496269598571
HRV_R3168167,HRV,Zagreb,2021,0.7084346642638712
HRV_R3168167,HRV,Zagreb,2022,0.6297197015678857
HRV_R3168167,HRV,Zagreb,2023,0.5510047388718999
HRV_R3168167,HRV,Zagreb,2024,0.47228977617591417
HRV_R3168167,HRV,Zagreb,2025,0.3935748134799286
HRV_R3168167,HRV,Zagreb,2026,0.31485985078394285
HRV_R3168167,HRV,Zagreb,2027,0.23614488808795708
HRV_R3168167,HRV,Zagreb,2028,0.15742992539197154
HRV_R3168167,HRV,Zagreb,2029,0.07871496269598555
HRV_R3168167,HRV,Zagreb,2030,0
IND_R7910817,IND,Chennai,2022,7.874575198984563
IND_R7910817,IND,Chennai,2023,7.5933403704494005
IND_R7910817,IND,Chennai,2024,7.312105541914237
IND_R7910817,IND,Chennai,2025,7.030870713379074
IND_R7910817,IND,Chennai,2026,6.7496358848439115
IND_R7910817,IND,Chennai,2027,6.468401056308748
IND_R7910817,IND,Chennai,2028,6.187166227773585
IND_R7910817,IND,Chennai,2029,5.905931399238423
IND_R7910817,IND,Chennai,2030,5.624696570703259
IND_R7910817,IND,Chennai,2031,5.343461742168096
IND_R7910817,IND,Chennai,2032,5.062226913632934
IND_R7910817,IND,Chennai,2033,4.78099208509777
IND_R7910817,IND,Chennai,2034,4.499757256562608
IND_R7910817,IND,Chennai,2035,4.218522428027445
IND_R7910817,IND,Chennai,2036,3.9372875994922816
IND_R7910817,IND,Chennai,2037,3.6560527709571184
IND_R7910817,IND,Chennai,2038,3.3748179424219558
IND_R7910817,IND,Chennai,2039,3.093583113886793
IND_R7910817,IND,Chennai,2040,2.8123482853516295
IND_R7910817,IND,Chennai,2041,2.531113456816467
IND_R7910817,IND,Chennai,2042,2.2498786282813032
IND_R7910817,IND,Chennai,2043,1.9686437997461406
IND_R7910817,IND,Chennai,2044,1.6874089712109779
IND_R7910817,IND,Chennai,2045,1.4061741426758152
IND_R7910817,IND,Chennai,2046,1.1249393141406525
IND_R7910817,IND,Chennai,2047,0.8437044856054889
IND_R7910817,IND,Chennai,2048,0.5624696570703254
IND_R7910817,IND,Chennai,2049,0.2812348285351627
IND_R7910817,IND,Chennai,2050,0
IND_R9381363,IND,Kolkata,2022,2.709081983406217
IND_R9381363,IND,Kolkata,2023,2.612329055427424
IND_R9381363,IND,Kolkata,2024,2.51557612744863
IND_R9381363,IND,Kolkata,2025,2.418823199469837
IND_R9381363,IND,Kolkata,2026,2.3220702714910435
IND_R9381363,IND,Kolkata,2027,2.2253173435122497
IND_R9381363,IND,Kolkata,2028,2.1285644155334564
IND_R9381363,IND,Kolkata,2029,2.0318114875546627
IND_R9381363,IND,Kolkata,2030,1.9350585595758694
IND_R9381363,IND,Kolkata,2031,1.838305631597076
IND_R9381363,IND,Kolkata,2032,1.7415527036182825
IND_R9381363,IND,Kolkata,2033,1.644799775639489
IND_R9381363,IND,Kolkata,2034,1.5480468476606957
IND_R9381363,IND,Kolkata,2035,1.4512939196819021
IND_R9381363,IND,Kolkata,2036,1.3545409917031086
IND_R9381363,IND,Kolkata,2037,1.257788063724315
IND_R9381363,IND,Kolkata,2038,1.1610351357455218
IND_R9381363,IND,Kolkata,2039,1.0642822077667282
IND_R9381363,IND,Kolkata,2040,0.9675292797879347
IND_R9381363,IND,Kolkata,2041,0.8707763518091411
IND_R9381363,IND,Kolkata,2042,0.7740234238303478
IND_R9381363,IND,Kolkata,2043,0.6772704958515545
IND_R9381363,IND,Kolkata,2044,0.5805175678727608
IND_R9381363,IND,Kolkata,2045,0.48376463989396745
IND_R9381363,IND,Kolkata,2046,0.38701171191517414
IND_R9381363,IND,Kolkata,2047,0.2902587839363804
IND_R9381363,IND,Kolkata,2048,0.19350585595758707
IND_R9381363,IND,Kolkata,2049,0.09675292797879331
IND_R9381363,IND,Kolkata,2050,0
IRL_R1109531,IRL,Dublin,2022,2.0493029953008177
IRL_R1109531,IRL,Dublin,2023,1.7931401208882156
IRL_R1109531,IRL,Dublin,2024,1.5369772464756133
IRL_R1109531,IRL,Dublin,2025,1.280814372063011
IRL_R1109531,IRL,Dublin,2026,1.0246514976504089
IRL_R1109531,IRL,Dublin,2027,0.7684886232378068
IRL_R1109531,IRL,Dublin,2028,0.5123257488252044
IRL_R1109531,IRL,Dublin,2029,0.2561628744126021
IRL_R1109531,IRL,Dublin,2030,0
ISL_R2580605,ISL,Reykjavik,2022,0.34161793327317963
ISL_R2580605,ISL,Reykjavik,2023,0.32263915920244746
ISL_R2580605,ISL,Reykjavik,2024,0.3036603851317152
ISL_R2580605,ISL,Reykjavik,2025,0.284681611060983
ISL_R2580605,ISL,Reykjavik,2026,0.2657028369902508
ISL_R2580605,ISL,Reykjavik,2027,0.24672406291951862
ISL_R2580605,ISL,Reykjavik,2028,0.22774528884878642
ISL_R2580605,ISL,Reykjavik,2029,0.20876651477805422
ISL_R2580605,ISL,Reykjavik,2030,0.18978774070732202
ISL_R2580605,ISL,Reykjavik,2031,0.17080896663658982
ISL_R2580605,ISL,Reykjavik,2032,0.1518301925658576
ISL_R2580605,ISL,Reykjavik,2033,0.13285141849512538
ISL_R2580605,ISL,Reykjavik,2034,0.11387264442439321
ISL_R2580605,ISL,Reykjavik,2035,0.09489387035366101
ISL_R2580605,ISL,Reykjavik,2036,0.0759150962829288
ISL_R2580605,ISL,Reykjavik,2037,0.05693632221219658
ISL_R2580605,ISL,Reykjavik,2038,0.0379575481414644
ISL_R2580605,ISL,Reykjavik,2039,0.01897877407073223
ISL_R2580605,ISL,Reykjavik,2040,0
ITA_R42602,ITA,Florence,2022,0.44439679555925105
ITA_R42602,ITA,Florence,2023,0.38884719611434465
ITA_R42602,ITA,Florence,2024,0.33329759666943826
ITA_R42602,ITA,Florence,2025,0.2777479972245319
ITA_R42602,ITA,Florence,2026,0.22219839777962552
ITA_R42602,ITA,Florence,2027,0.16664879833471913
ITA_R42602,ITA,Florence,2028,0.11109919888981279
ITA_R42602,ITA,Florence,2029,0.055549599444906395
ITA_R42602,ITA,Florence,2030,0
ITA_R43172,ITA,Bologna,2022,0.7818852735790477
ITA_R43172,ITA,Bologna,2023,0.6841496143816668
ITA_R43172,ITA,Bologna,2024,0.5864139551842857
ITA_R43172,ITA,Bologna,2025,0.4886782959869048
ITA_R43172,ITA,Bologna,2026,0.39094263678952385
ITA_R43172,ITA,Bologna,2027,0.29320697759214287
ITA_R43172,ITA,Bologna,2028,0.19547131839476195
ITA_R43172,ITA,Bologna,2029,0.09773565919738092
ITA_R43172,ITA,Bologna,2030,0
ITA_R44915,ITA,Milan,2022,2.436439051512982
ITA_R44915,ITA,Milan,2023,2.1318841700738593
ITA_R44915,ITA,Milan,2024,1.8273292886347363
ITA_R44915,ITA,Milan,2025,1.5227744071956137
ITA_R44915,ITA,Milan,2026,1.218219525756491
ITA_R44915,ITA,Milan,2027,0.9136646443173682
ITA_R44915,ITA,Milan,2028,0.6091097628782456
ITA_R44915,ITA,Milan,2029,0.30455488143912257
ITA_R44915,ITA,Milan,2030,0
JPN_R1767047,JPN,"Saitama City, STM",2013,1.9827950613814862
JPN_R1767047,JPN,"Saitama City, STM",2014,1.9291429597205754
JPN_R1767047,JPN,"Saitama City, STM",2015,1.8754908580596645
JPN_R1767047,JPN,"Saitama City, STM",2016,1.8218387563987537
JPN_R1767047,JPN,"Saitama City, STM",2017,1.768186654737843
JPN_R1767047,JPN,"Saitama City, STM",2018,1.7145345530769323
JPN_R1767047,JPN,"Saitama City, STM",2019,1.6608824514160214
JPN_R1767047,JPN,"Saitama City, STM",2020,1.6072303497551106
JPN_R1767047,JPN,"Saitama City, STM",2021,1.5535782480941998
JPN_R1767047,JPN,"Saitama City, STM",2022,1.499926146433289
JPN_R1767047,JPN,"Saitama City, STM",2023,1.446274044772378
JPN_R1767047,JPN,"Saitama City, STM",2024,1.3926219431114673
JPN_R1767047,JPN,"Saitama City, STM",2025,1.3389698414505564
JPN_R1767047,JPN,"Saitama City, STM",2026,1.2853177397896456
JPN_R1767047,JPN,"Saitama City, STM",2027,1.231665638128735
JPN_R1767047,JPN,"Saitama City, STM",2028,1.1780135364678241
JPN_R1767047,JPN,"Saitama City, STM",2029,1.1243614348069133
JPN_R1767047,JPN,"Saitama City, STM",2030,1.0707093331460025
JPN_R1767047,JPN,"Saitama City, STM",2031,1.0171738664887024
JPN_R1767047,JPN,"Saitama City, STM",2032,0.9636383998314022
JPN_R1767047,JPN,"Saitama City, STM",2033,0.9101029331741021
JPN_R1767047,JPN,"Saitama City, STM",2034,0.8565674665168019
JPN_R1767047,JPN,"Saitama City, STM",2035,0.8030319998595019
JPN_R1767047,JPN,"Saitama City, STM",2036,0.7494965332022017
JPN_R1767047,JPN,"Saitama City, STM",2037,0.6959610665449016
JPN_R1767047,JPN,"Saitama City, STM",2038,0.6424255998876014
JPN_R1767047,JPN,"Saitama City, STM",2039,0.5888901332303014
JPN_R1767047,JPN,"Saitama City, STM",2040,0.5353546665730012
JPN_R1767047,JPN,"Saitama City, STM",2041,0.4818191999157011
JPN_R1767047,JPN,"Saitama City, STM",2042,0.42828373325840097
JPN_R1767047,JPN,"Saitama City, STM",2043,0.37474826660110083
JPN_R1767047,JPN,"Saitama City, STM",2044,0.3212127999438008
JPN_R1767047,JPN,"Saitama City, STM",2045,0.26767733328650056
JPN_R1767047,JPN,"Saitama City, STM",2046,0.21414186662920043
JPN_R1767047,JPN,"Saitama City, STM",2047,0.1606063999719004
JPN_R1767047,JPN,"Saitama City, STM",2048,0.10707093331460027
JPN_R1767047,JPN,"Saitama City, STM",2049,0.053535466657300246
JPN_R1767047,JPN,"Saitama City, STM",2050,0
JPN_R357794,JPN,"Kyoto City, KYT",2013,3.731407751318258
JPN_R357794,JPN,"Kyoto City, KYT",2014,3.6304402474590582
JPN_R357794,JPN,"Kyoto City, KYT",2015,3.5294727435998583
JPN_R357794,JPN,"Kyoto City, KYT",2016,3.4285052397406584
JPN_R357794,JPN,"Kyoto City, KYT",2017,3.3275377358814584
JPN_R357794,JPN,"Kyoto City, KYT",2018,3.2265702320222585
JPN_R357794,JPN,"Kyoto City, KYT",2019,3.1256027281630585
JPN_R357794,JPN,"Kyoto City, KYT",2020,3.024635224303859
JPN_R357794,JPN,"Kyoto City, KYT",2021,2.9236677204446586
JPN_R357794,JPN,"Kyoto City, KYT",2022,2.822700216585459
JPN_R357794,JPN,"Kyoto City, KYT",2023,2.7217327127262587
JPN_R357794,JPN,"Kyoto City, KYT",2024,2.620765208867059
JPN_R357794,JPN,"Kyoto City, KYT",2025,2.519797705007859
JPN_R357794,JPN,"Kyoto City, KYT",2026,2.4188302011486593
JPN_R357794,JPN,"Kyoto City, KYT",2027,2.3178626972894594
JPN_R357794,JPN,"Kyoto City, KYT",2028,2.2168951934302594
JPN_R357794,JPN,"Kyoto City, KYT",2029,2.1159276895710595
JPN_R357794,JPN,"Kyoto City, KYT",2030,2.0149601857118595
JPN_R357794,JPN,"Kyoto City, KYT",2031,1.9142121764262665
JPN_R357794,JPN,"Kyoto City, KYT",2032,1.8134641671406735
JPN_R357794,JPN,"Kyoto City, KYT",2033,1.7127161578550807
JPN_R357794,JPN,"Kyoto City, KYT",2034,1.6119681485694877
JPN_R357794,JPN,"Kyoto City, KYT",2035,1.5112201392838946
JPN_R357794,JPN,"Kyoto City, KYT",2036,1.4104721299983018
JPN_R357794,JPN,"Kyoto City, KYT",2037,1.3097241207127088
JPN_R357794,JPN,"Kyoto City, KYT",2038,1.2089761114271158
JPN_R357794,JPN,"Kyoto City, KYT",2039,1.1082281021415228
JPN_R357794,JPN,"Kyoto City, KYT",2040,1.0074800928559298
JPN_R357794,JPN,"Kyoto City, KYT",2041,0.9067320835703367
JPN_R357794,JPN,"Kyoto City, KYT",2042,0.805984074284744
JPN_R357794,JPN,"Kyoto City, KYT",2043,0.7052360649991507
JPN_R357794,JPN,"Kyoto City, KYT",2044,0.6044880557135579
JPN_R357794,JPN,"Kyoto City, KYT",2045,0.5037400464279649
JPN_R357794,JPN,"Kyoto City, KYT",2046,0.40299203714237186
JPN_R357794,JPN,"Kyoto City, KYT",2047,0.30224402785677906
JPN_R357794,JPN,"Kyoto City, KYT",2048,0.20149601857118582
JPN_R357794,JPN,"Kyoto City, KYT",2049,0.10074800928559302
JPN_R357794,JPN,"Kyoto City, KYT",2050,0
JPN_R3939644,JPN,"Okayama City, OKY",2013,1.2228820208853854
JPN_R3939644,JPN,"Okayama City, OKY",2014,1.1984243804676777
JPN_R3939644,JPN,"Okayama City, OKY",2015,1.17396674004997
JPN_R3939644,JPN,"Okayama City, OKY",2016,1.1495090996322623
JPN_R3939644,JPN,"Okayama City, OKY",2017,1.1250514592145546
JPN_R3939644,JPN,"Okayama City, OKY",2018,1.100593818796847
JPN_R3939644,JPN,"Okayama City, OKY",2019,1.0761361783791392
JPN_R3939644,JPN,"Okayama City, OKY",2020,1.0516785379614315
JPN_R3939644,JPN,"Okayama City, OKY",2021,1.0272208975437238
JPN_R3939644,JPN,"Okayama City, OKY",2022,1.002763257126016
JPN_R3939644,JPN,"Okayama City, OKY",2023,0.9783056167083084
JPN_R3939644,JPN,"Okayama City, OKY",2024,0.9538479762906007
JPN_R3939644,JPN,"Okayama City, OKY",2025,0.929390335872893
JPN_R3939644,JPN,"Okayama City, OKY",2026,0.875583526953936
JPN_R3939644,JPN,"Okayama City, OKY",2027,0.8217767180349791
JPN_R3939644,JPN,"Okayama City, OKY",2028,0.7679699091160221
JPN_R3939644,JPN,"Okayama City, OKY",2029,0.7141631001970651
JPN_R3939644,JPN,"Okayama City, OKY",2030,0.6603562912781081
JPN_R3939644,JPN,"Okayama City, OKY",2031,0.6273384767142027
JPN_R3939644,JPN,"Okayama City, OKY",2032,0.5943206621502973
JPN_R3939644,JPN,"Okayama City, OKY",2033,0.5613028475863919
JPN_R3939644,JPN,"Okayama City, OKY",2034,0.5282850330224865
JPN_R3939644,JPN,"Okayama City, OKY",2035,0.4952672184585811
JPN_R3939644,JPN,"Okayama City, OKY",2036,0.4622494038946757
JPN_R3939644,JPN,"Okayama City, OKY",2037,0.4292315893307703
JPN_R3939644,JPN,"Okayama City, OKY",2038,0.39621377476686487
JPN_R3939644,JPN,"Okayama City, OKY",2039,0.36319596020295947
JPN_R3939644,JPN,"Okayama City, OKY",2040,0.33017814563905407
JPN_R3939644,JPN,"Okayama City, OKY",2041,0.2971603310751486
JPN_R3939644,JPN,"Okayama City, OKY",2042,0.26414251651124326
JPN_R3939644,JPN,"Okayama City, OKY",2043,0.2311247019473378
JPN_R3939644,JPN,"Okayama City, OKY",2044,0.19810688738343246
JPN_R3939644,JPN,"Okayama City, OKY",2045,0.165089072819527
JPN_R3939644,JPN,"Okayama City, OKY",2046,0.1320712582556216
JPN_R3939644,JPN,"Okayama City, OKY",2047,0.0990534436917162
JPN_R3939644,JPN,"Okayama City, OKY",2048,0.0660356291278108
JPN_R3939644,JPN,"Okayama City, OKY",2049,0.0330178145639054
JPN_R3939644,JPN,"Okayama City, OKY",2050,0
JPN_R4008611,JPN,"Fukuoka City, FKK",2013,3.444641881514259
JPN_R4008611,JPN,"Fukuoka City, FKK",2014,3.343328884999134
JPN_R4008611,JPN,"Fukuoka City, FKK",2015,3.2420158884840085
JPN_R4008611,JPN,"Fukuoka City, FKK",2016,3.1407028919688833
JPN_R4008611,JPN,"Fukuoka City, FKK",2017,3.039389895453758
JPN_R4008611,JPN,"Fukuoka City, FKK",2018,2.938076898938633
JPN_R4008611,JPN,"Fukuoka City, FKK",2019,2.8367639024235074
JPN_R4008611,JPN,"Fukuoka City, FKK",2020,2.7354509059083822
JPN_R4008611,JPN,"Fukuoka City, FKK",2021,2.634137909393257
JPN_R4008611,JPN,"Fukuoka City, FKK",2022,2.532824912878132
JPN_R4008611,JPN,"Fukuoka City, FKK",2023,2.4315119163630063
JPN_R4008611,JPN,"Fukuoka City, FKK",2024,2.330198919847881
JPN_R4008611,JPN,"Fukuoka City, FKK",2025,2.228885923332756
JPN_R4008611,JPN,"Fukuoka City, FKK",2026,2.127572926817631
JPN_R4008611,JPN,"Fukuoka City, FKK",2027,2.0262599303025057
JPN_R4008611,JPN,"Fukuoka City, FKK",2028,1.9249469337873801
JPN_R4008611,JPN,"Fukuoka City, FKK",2029,1.823633937272255
JPN_R4008611,JPN,"Fukuoka City, FKK",2030,1.7223209407571296
JPN_R4008611,JPN,"Fukuoka City, FKK",2031,1.5500888466814167
JPN_R4008611,JPN,"Fukuoka City, FKK",2032,1.3778567526057037
JPN_R4008611,JPN,"Fukuoka City, FKK",2033,1.2056246585299908
JPN_R4008611,JPN,"Fukuoka City, FKK",2034,1.0333925644542776
JPN_R4008611,JPN,"Fukuoka City, FKK",2035,0.8611604703785648
JPN_R4008611,JPN,"Fukuoka City, FKK",2036,0.688928376302852
JPN_R4008611,JPN,"Fukuoka City, FKK",2037,0.516696282227139
JPN_R4008611,JPN,"Fukuoka City, FKK",2038,0.3444641881514259
JPN_R4008611,JPN,"Fukuoka City, FKK",2039,0.17223209407571294
JPN_R4008611,JPN,"Fukuoka City, FKK",2040,0
JPN_R4085749,JPN,"Sapporo, HKD",2016,3.484564737653448
JPN_R4085749,JPN,"Sapporo, HKD",2017,3.3352262488968716
JPN_R4085749,JPN,"Sapporo, HKD",2018,3.1858877601402953
JPN_R4085749,JPN,"Sapporo, HKD",2019,3.036549271383719
JPN_R4085749,JPN,"Sapporo, HKD",2020,2.8872107826271427
JPN_R4085749,JPN,"Sapporo, HKD",2021,2.7378722938705664
JPN_R4085749,JPN,"Sapporo, HKD",2022,2.58853380511399
JPN_R4085749,JPN,"Sapporo, HKD",2023,2.439195316357414
JPN_R4085749,JPN,"Sapporo, HKD",2024,2.289856827600837
JPN_R4085749,JPN,"Sapporo, HKD",2025,2.140518338844261
JPN_R4085749,JPN,"Sapporo, HKD",2026,1.9911798500876845
JPN_R4085749,JPN,"Sapporo, HKD",2027,1.8418413613311084
JPN_R4085749,JPN,"Sapporo, HKD",2028,1.6925028725745321
JPN_R4085749,JPN,"Sapporo, HKD",2029,1.5431643838179556
JPN_R4085749,JPN,"Sapporo, HKD",2030,1.3938258950613793
JPN_R4085749,JPN,"Sapporo, HKD",2031,1.3241346003083103
JPN_R4085749,JPN,"Sapporo, HKD",2032,1.2544433055552413
JPN_R4085749,JPN,"Sapporo, HKD",2033,1.1847520108021725
JPN_R4085749,JPN,"Sapporo, HKD",2034,1.1150607160491035
JPN_R4085749,JPN,"Sapporo, HKD",2035,1.0453694212960345
JPN_R4085749,JPN,"Sapporo, HKD",2036,0.9756781265429655
JPN_R4085749,JPN,"Sapporo, HKD",2037,0.9059868317898966
JPN_R4085749,JPN,"Sapporo, HKD",2038,0.8362955370368276
JPN_R4085749,JPN,"Sapporo, HKD",2039,0.7666042422837586
JPN_R4085749,JPN,"Sapporo, HKD",2040,0.6969129475306897
JPN_R4085749,JPN,"Sapporo, HKD",2041,0.6272216527776207
JPN_R4085749,JPN,"Sapporo, HKD",2042,0.5575303580245518
JPN_R4085749,JPN,"Sapporo, HKD",2043,0.48783906327148274
JPN_R4085749,JPN,"Sapporo, HKD",2044,0.41814776851841384
JPN_R4085749,JPN,"Sapporo, HKD",2045,0.34845647376534483
JPN_R4085749,JPN,"Sapporo, HKD",2046,0.2787651790122758
JPN_R4085749,JPN,"Sapporo, HKD",2047,0.20907388425920703
JPN_R4085749,JPN,"Sapporo, HKD",2048,0.1393825895061378
JPN_R4085749,JPN,"Sapporo, HKD",2049,0.06969129475306901
JPN_R4085749,JPN,"Sapporo, HKD",2050,0
JPN_R4097196,JPN,"Hiroshima City, HRS",2022,2.3144094236682182
JPN_R4097196,JPN,"Hiroshima City, HRS",2023,2.231751944251496
JPN_R4097196,JPN,"Hiroshima City, HRS",2024,2.149094464834774
JPN_R4097196,JPN,"Hiroshima City, HRS",2025,2.066436985418052
JPN_R4097196,JPN,"Hiroshima City, HRS",2026,1.98377950600133
JPN_R4097196,JPN,"Hiroshima City, HRS",2027,1.9011220265846078
JPN_R4097196,JPN,"Hiroshima City, HRS",2028,1.8184645471678857
JPN_R4097196,JPN,"Hiroshima City, HRS",2029,1.7358070677511637
JPN_R4097196,JPN,"Hiroshima City, HRS",2030,1.6531495883344416
JPN_R4097196,JPN,"Hiroshima City, HRS",2031,1.5704921089177195
JPN_R4097196,JPN,"Hiroshima City, HRS",2032,1.4878346295009974
JPN_R4097196,JPN,"Hiroshima City, HRS",2033,1.4051771500842754
JPN_R4097196,JPN,"Hiroshima City, HRS",2034,1.3225196706675533
JPN_R4097196,JPN,"Hiroshima City, HRS",2035,1.2398621912508312
JPN_R4097196,JPN,"Hiroshima City, HRS",2036,1.1572047118341091
JPN_R4097196,JPN,"Hiroshima City, HRS",2037,1.074547232417387
JPN_R4097196,JPN,"Hiroshima City, HRS",2038,0.991889753000665
JPN_R4097196,JPN,"Hiroshima City, HRS",2039,0.9092322735839429
JPN_R4097196,JPN,"Hiroshima City, HRS",2040,0.8265747941672208
JPN_R4097196,JPN,"Hiroshima City, HRS",2041,0.7439173147504987
JPN_R4097196,JPN,"Hiroshima City, HRS",2042,0.6612598353337766
JPN_R4097196,JPN,"Hiroshima City, HRS",2043,0.5786023559170546
JPN_R4097196,JPN,"Hiroshima City, HRS",2044,0.4959448765003325
JPN_R4097196,JPN,"Hiroshima City, HRS",2045,0.4132873970836104
JPN_R4097196,JPN,"Hiroshima City, HRS",2046,0.3306299176668883
JPN_R4097196,JPN,"Hiroshima City, HRS",2047,0.24797243825016624
JPN_R4097196,JPN,"Hiroshima City, HRS",2048,0.16531495883344416
JPN_R4097196,JPN,"Hiroshima City, HRS",2049,0.08265747941672208
JPN_R4097196,JPN,"Hiroshima City, HRS",2050,0
JPN_R4135014,JPN,"Sendai, MYG",2013,2.452597803955856
JPN_R4135014,JPN,"Sendai, MYG",2014,2.4021031432861766
JPN_R4135014,JPN,"Sendai, MYG",2015,2.351608482616497
JPN_R4135014,JPN,"Sendai, MYG",2016,2.3011138219468177
JPN_R4135014,JPN,"Sendai, MYG",2017,2.2506191612771387
JPN_R4135014,JPN,"Sendai, MYG",2018,2.2001245006074592
JPN_R4135014,JPN,"Sendai, MYG",2019,2.14962983993778
JPN_R4135014,JPN,"Sendai, MYG",2020,2.0991351792681003
JPN_R4135014,JPN,"Sendai, MYG",2021,2.048640518598421
JPN_R4135014,JPN,"Sendai, MYG",2022,1.9981458579287414
JPN_R4135014,JPN,"Sendai, MYG",2023,1.947651197259062
JPN_R4135014,JPN,"Sendai, MYG",2024,1.8971565365893825
JPN_R4135014,JPN,"Sendai, MYG",2025,1.846661875919703
JPN_R4135014,JPN,"Sendai, MYG",2026,1.796167215250024
JPN_R4135014,JPN,"Sendai, MYG",2027,1.7456725545803446
JPN_R4135014,JPN,"Sendai, MYG",2028,1.6951778939106652
JPN_R4135014,JPN,"Sendai, MYG",2029,1.6446832332409858
JPN_R4135014,JPN,"Sendai, MYG",2030,1.5941885725713063
JPN_R4237973,JPN,"Niigata City, NGT",2013,2.3025636700660534
JPN_R4237973,JPN,"Niigata City, NGT",2014,2.239766479064252
JPN_R4237973,JPN,"Niigata City, NGT",2015,2.1769692880624505
JPN_R4237973,JPN,"Niigata City, NGT",2016,2.1141720970606492
JPN_R4237973,JPN,"Niigata City, NGT",2017,2.0513749060588475
JPN_R4237973,JPN,"Niigata City, NGT",2018,1.9885777150570463
JPN_R4237973,JPN,"Niigata City, NGT",2019,1.9257805240552448
JPN_R4237973,JPN,"Niigata City, NGT",2020,1.8629833330534433
JPN_R4237973,JPN,"Niigata City, NGT",2021,1.8001861420516416
JPN_R4237973,JPN,"Niigata City, NGT",2022,1.7373889510498404
JPN_R4237973,JPN,"Niigata City, NGT",2023,1.674591760048039
JPN_R4237973,JPN,"Niigata City, NGT",2024,1.6117945690462374
JPN_R4237973,JPN,"Niigata City, NGT",2025,1.57341850787847
JPN_R4237973,JPN,"Niigata City, NGT",2026,1.5350424467107022
JPN_R4237973,JPN,"Niigata City, NGT",2027,1.4966663855429347
JPN_R4237973,JPN,"Niigata City, NGT",2028,1.4582903243751673
JPN_R4237973,JPN,"Niigata City, NGT",2029,1.4199142632073996
JPN_R4237973,JPN,"Niigata City, NGT",2030,1.381538202039632
JPN_R4237973,JPN,"Niigata City, NGT",2031,1.3124612919376504
JPN_R4237973,JPN,"Niigata City, NGT",2032,1.243384381835669
JPN_R4237973,JPN,"Niigata City, NGT",2033,1.1743074717336872
JPN_R4237973,JPN,"Niigata City, NGT",2034,1.1052305616317057
JPN_R4237973,JPN,"Niigata City, NGT",2035,1.036153651529724
JPN_R4237973,JPN,"Niigata City, NGT",2036,0.9670767414277425
JPN_R4237973,JPN,"Niigata City, NGT",2037,0.8979998313257609
JPN_R4237973,JPN,"Niigata City, NGT",2038,0.8289229212237792
JPN_R4237973,JPN,"Niigata City, NGT",2039,0.7598460111217976
JPN_R4237973,JPN,"Niigata City, NGT",2040,0.690769101019816
JPN_R4237973,JPN,"Niigata City, NGT",2041,0.6216921909178343
JPN_R4237973,JPN,"Niigata City, NGT",2042,0.5526152808158529
JPN_R4237973,JPN,"Niigata City, NGT",2043,0.4835383707138712
JPN_R4237973,JPN,"Niigata City, NGT",2044,0.4144614606118897
JPN_R4237973,JPN,"Niigata City, NGT",2045,0.345384550509908
JPN_R4237973,JPN,"Niigata City, NGT",2046,0.2763076404079263
JPN_R4237973,JPN,"Niigata City, NGT",2047,0.20723073030594485
JPN_R4237973,JPN,"Niigata City, NGT",2048,0.13815382020396316
JPN_R4237973,JPN,"Niigata City, NGT",2049,0.06907691010198169
JPN_R4237973,JPN,"Niigata City, NGT",2050,0
JPN_R4576938,JPN,"Nagoya, ACH",2013,10.264547979653724
JPN_R4576938,JPN,"Nagoya, ACH",2014,10.101522805859224
JPN_R4576938,JPN,"Nagoya, ACH",2015,9.938497632064724
JPN_R4576938,JPN,"Nagoya, ACH",2016,9.775472458270222
JPN_R4576938,JPN,"Nagoya, ACH",2017,9.612447284475722
JPN_R4576938,JPN,"Nagoya, ACH",2018,9.449422110681223
JPN_R4576938,JPN,"Nagoya, ACH",2019,9.286396936886723
JPN_R4576938,JPN,"Nagoya, ACH",2020,9.123371763092221
JPN_R4576938,JPN,"Nagoya, ACH",2021,8.960346589297721
JPN_R4576938,JPN,"Nagoya, ACH",2022,8.797321415503221
JPN_R4576938,JPN,"Nagoya, ACH",2023,8.634296241708721
JPN_R4576938,JPN,"Nagoya, ACH",2024,8.47127106791422
JPN_R4576938,JPN,"Nagoya, ACH",2025,8.30824589411972
JPN_R4576938,JPN,"Nagoya, ACH",2026,8.14522072032522
JPN_R4576938,JPN,"Nagoya, ACH",2027,7.98219554653072
JPN_R4576938,JPN,"Nagoya, ACH",2028,7.819170372736219
JPN_R4576938,JPN,"Nagoya, ACH",2029,7.656145198941719
JPN_R4576938,JPN,"Nagoya, ACH",2030,7.493120025147219
JPN_R4674741,JPN,"Hamamatsu, SZO",2013,2.7508475242800614
JPN_R4674741,JPN,"Hamamatsu, SZO",2014,2.6958305737944603
JPN_R4674741,JPN,"Hamamatsu, SZO",2015,2.640813623308859
JPN_R4674741,JPN,"Hamamatsu, SZO",2016,2.5857966728232578
JPN_R4674741,JPN,"Hamamatsu, SZO",2017,2.5307797223376567
JPN_R4674741,JPN,"Hamamatsu, SZO",2018,2.475762771852055
JPN_R4674741,JPN,"Hamamatsu, SZO",2019,2.420745821366454
JPN_R4674741,JPN,"Hamamatsu, SZO",2020,2.365728870880853
JPN_R4674741,JPN,"Hamamatsu, SZO",2021,2.3107119203952515
JPN_R4674741,JPN,"Hamamatsu, SZO",2022,2.2556949699096505
JPN_R4674741,JPN,"Hamamatsu, SZO",2023,2.200678019424049
JPN_R4674741,JPN,"Hamamatsu, SZO",2024,2.1456610689384483
JPN_R4674741,JPN,"Hamamatsu, SZO",2025,2.090644118452847
JPN_R4674741,JPN,"Hamamatsu, SZO",2026,2.090644118452847
JPN_R4674741,JPN,"Hamamatsu, SZO",2027,2.090644118452847
JPN_R4674741,JPN,"Hamamatsu, SZO",2028,2.090644118452847
JPN_R4674741,JPN,"Hamamatsu, SZO",2029,2.090644118452847
JPN_R4674741,JPN,"Hamamatsu, SZO",2030,2.090644118452847
JPN_R4674741,JPN,"Hamamatsu, SZO",2031,1.9861119125302045
JPN_R4674741,JPN,"Hamamatsu, SZO",2032,1.8815797066075621
JPN_R4674741,JPN,"Hamamatsu, SZO",2033,1.7770475006849198
JPN_R4674741,JPN,"Hamamatsu, SZO",2034,1.6725152947622774
JPN_R4674741,JPN,"Hamamatsu, SZO",2035,1.567983088839635
JPN_R4674741,JPN,"Hamamatsu, SZO",2036,1.4634508829169928
JPN_R4674741,JPN,"Hamamatsu, SZO",2037,1.3589186769943504
JPN_R4674741,JPN,"Hamamatsu, SZO",2038,1.254386471071708
JPN_R4674741,JPN,"Hamamatsu, SZO",2039,1.1498542651490657
JPN_R4674741,JPN,"Hamamatsu, SZO",2040,1.0453220592264234
JPN_R4674741,JPN,"Hamamatsu, SZO",2041,0.9407898533037811
JPN_R4674741,JPN,"Hamamatsu, SZO",2042,0.8362576473811387
JPN_R4674741,JPN,"Hamamatsu, SZO",2043,0.7317254414584964
JPN_R4674741,JPN,"Hamamatsu, SZO",2044,0.627193235535854
JPN_R4674741,JPN,"Hamamatsu, SZO",2045,0.5226610296132117
JPN_R4674741,JPN,"Hamamatsu, SZO",2046,0.41812882369056936
JPN_R4674741,JPN,"Hamamatsu, SZO",2047,0.313596617767927
JPN_R4674741,JPN,"Hamamatsu, SZO",2048,0.20906441184528468
JPN_R4674741,JPN,"Hamamatsu, SZO",2049,0.10453220592264234
JPN_R4674741,JPN,"Hamamatsu, SZO",2050,0
JPN_R900329,JPN,"Kobe, HYG",2013,9.680111913468828
JPN_R900329,JPN,"Kobe, HYG",2014,9.150552849967298
JPN_R900329,JPN,"Kobe, HYG",2015,8.620993786465768
JPN_R900329,JPN,"Kobe, HYG",2016,8.091434722964237
JPN_R900329,JPN,"Kobe, HYG",2017,7.561875659462707
JPN_R900329,JPN,"Kobe, HYG",2018,7.032316595961177
JPN_R900329,JPN,"Kobe, HYG",2019,6.502757532459647
JPN_R900329,JPN,"Kobe, HYG",2020,5.973198468958118
JPN_R900329,JPN,"Kobe, HYG",2021,5.4436394054565875
JPN_R900329,JPN,"Kobe, HYG",2022,4.914080341955057
JPN_R900329,JPN,"Kobe, HYG",2023,4.384521278453527
JPN_R900329,JPN,"Kobe, HYG",2024,3.854962214951997
JPN_R900329,JPN,"Kobe, HYG",2025,3.325403151450467
JPN_R900329,JPN,"Kobe, HYG",2026,2.7958440879489377
JPN_R900329,JPN,"Kobe, HYG",2027,2.2662850244474075
JPN_R900329,JPN,"Kobe, HYG",2028,1.7367259609458774
JPN_R900329,JPN,"Kobe, HYG",2029,1.2071668974443472
JPN_R900329,JPN,"Kobe, HYG",2030,0.6776078339428171
JPN_R900329,JPN,"Kobe, HYG",2031,0.6437274422456762
JPN_R900329,JPN,"Kobe, HYG",2032,0.6098470505485354
JPN_R900329,JPN,"Kobe, HYG",2033,0.5759666588513945
JPN_R900329,JPN,"Kobe, HYG",2034,0.5420862671542537
JPN_R900329,JPN,"Kobe, HYG",2035,0.5082058754571128
JPN_R900329,JPN,"Kobe, HYG",2036,0.47432548375997197
JPN_R900329,JPN,"Kobe, HYG",2037,0.4404450920628311
JPN_R900329,JPN,"Kobe, HYG",2038,0.40656470036569026
JPN_R900329,JPN,"Kobe, HYG",2039,0.3726843086685494
JPN_R900329,JPN,"Kobe, HYG",2040,0.33880391697140855
JPN_R900329,JPN,"Kobe, HYG",2041,0.30492352527426764
JPN_R900329,JPN,"Kobe, HYG",2042,0.27104313357712684
JPN_R900329,JPN,"Kobe, HYG",2043,0.23716274187998598
JPN_R900329,JPN,"Kobe, HYG",2044,0.20328235018284518
JPN_R900329,JPN,"Kobe, HYG",2045,0.16940195848570427
JPN_R900329,JPN,"Kobe, HYG",2046,0.13552156678856342
JPN_R900329,JPN,"Kobe, HYG",2047,0.10164117509142256
JPN_R900329,JPN,"Kobe, HYG",2048,0.06776078339428171
JPN_R900329,JPN,"Kobe, HYG",2049,0.033880391697140855
JPN_R900329,JPN,"Kobe, HYG",2050,0
KOR_R2409182,KOR,Suweon,2022,4.5366788769300275
KOR_R2409182,KOR,Suweon,2023,4.374654631325384
KOR_R2409182,KOR,Suweon,2024,4.21263038572074
KOR_R2409182,KOR,Suweon,2025,4.050606140116096
KOR_R2409182,KOR,Suweon,2026,3.8885818945114523
KOR_R2409182,KOR,Suweon,2027,3.7265576489068084
KOR_R2409182,KOR,Suweon,2028,3.5645334033021645
KOR_R2409182,KOR,Suweon,2029,3.4025091576975206
KOR_R2409182,KOR,Suweon,2030,3.240484912092877
KOR_R2409182,KOR,Suweon,2031,3.078460666488233
KOR_R2409182,KOR,Suweon,2032,2.9164364208835893
KOR_R2409182,KOR,Suweon,2033,2.7544121752789454
KOR_R2409182,KOR,Suweon,2034,2.5923879296743015
KOR_R2409182,KOR,Suweon,2035,2.4303636840696576
KOR_R2409182,KOR,Suweon,2036,2.2683394384650137
KOR_R2409182,KOR,Suweon,2037,2.10631519286037
KOR_R2409182,KOR,Suweon,2038,1.9442909472557264
KOR_R2409182,KOR,Suweon,2039,1.7822667016510825
KOR_R2409182,KOR,Suweon,2040,1.6202424560464381
KOR_R2409182,KOR,Suweon,2041,1.4582182104417942
KOR_R2409182,KOR,Suweon,2042,1.2961939648371508
KOR_R2409182,KOR,Suweon,2043,1.1341697192325069
KOR_R2409182,KOR,Suweon,2044,0.972145473627863
KOR_R2409182,KOR,Suweon,2045,0.8101212280232195
KOR_R2409182,KOR,Suweon,2046,0.6480969824185756
KOR_R2409182,KOR,Suweon,2047,0.4860727368139317
KOR_R2409182,KOR,Suweon,2048,0.3240484912092878
KOR_R2409182,KOR,Suweon,2049,0.1620242456046439
KOR_R2409182,KOR,Suweon,2050,0
KOR_R2409182,KOR,Suwon,2005,2.960980644154747
KOR_R2409182,KOR,Suwon,2006,2.9313708377131995
KOR_R2409182,KOR,Suwon,2007,2.901761031271652
KOR_R2409182,KOR,Suwon,2008,2.8721512248301044
KOR_R2409182,KOR,Suwon,2009,2.8425414183885573
KOR_R2409182,KOR,Suwon,2010,2.81293161194701
KOR_R2409182,KOR,Suwon,2011,2.7833218055054623
KOR_R2409182,KOR,Suwon,2012,2.7537119990639147
KOR_R2409182,KOR,Suwon,2013,2.724102192622367
KOR_R2409182,KOR,Suwon,2014,2.69449238618082
KOR_R2409182,KOR,Suwon,2015,2.6648825797392726
KOR_R2409182,KOR,Suwon,2016,2.635272773297725
KOR_R2409182,KOR,Suwon,2017,2.6056629668561775
KOR_R2409182,KOR,Suwon,2018,2.57605316041463
KOR_R2409182,KOR,Suwon,2019,2.5464433539730824
KOR_R2409182,KOR,Suwon,2020,2.516833547531535
KOR_R2409182,KOR,Suwon,2021,2.487223741089988
KOR_R2409182,KOR,Suwon,2022,2.4576139346484402
KOR_R2409182,KOR,Suwon,2023,2.4280041282068927
KOR_R2409182,KOR,Suwon,2024,2.398394321765345
KOR_R2409182,KOR,Suwon,2025,2.3687845153237976
KOR_R2409182,KOR,Suwon,2026,2.3391747088822505
KOR_R2409182,KOR,Suwon,2027,2.3095649024407026
KOR_R2409182,KOR,Suwon,2028,2.2799550959991555
KOR_R2409182,KOR,Suwon,2029,2.250345289557608
KOR_R2409182,KOR,Suwon,2030,2.2207354831160604
LTU_R1529146,LTU,Vilnius,2022,0.7783689143007878
LTU_R1529146,LTU,Vilnius,2023,0.6810728000131894
LTU_R1529146,LTU,Vilnius,2024,0.5837766857255908
LTU_R1529146,LTU,Vilnius,2025,0.4864805714379924
LTU_R1529146,LTU,Vilnius,2026,0.3891844571503939
LTU_R1529146,LTU,Vilnius,2027,0.2918883428627954
LTU_R1529146,LTU,Vilnius,2028,0.19459222857519698
LTU_R1529146,LTU,Vilnius,2029,0.09729611428759843
LTU_R1529146,LTU,Vilnius,2030,0
NLD_R271110,NLD,Amsterdam,1990,2.073769711065659
NLD_R271110,NLD,Amsterdam,1991,2.09879330339943
NLD_R271110,NLD,Amsterdam,1992,2.1238168957332006
NLD_R271110,NLD,Amsterdam,1993,2.1488404880669716
NLD_R271110,NLD,Amsterdam,1994,2.173864080400742
NLD_R271110,NLD,Amsterdam,1995,2.198887672734513
NLD_R271110,NLD,Amsterdam,1996,2.223911265068284
NLD_R271110,NLD,Amsterdam,1997,2.2489348574020545
NLD_R271110,NLD,Amsterdam,1998,2.2739584497358254
NLD_R271110,NLD,Amsterdam,1999,2.2989820420695963
NLD_R271110,NLD,Amsterdam,2000,2.324005634403367
NLD_R271110,NLD,Amsterdam,2001,2.3490292267371378
NLD_R271110,NLD,Amsterdam,2002,2.3740528190709083
NLD_R271110,NLD,Amsterdam,2003,2.399076411404679
NLD_R271110,NLD,Amsterdam,2004,2.42410000373845
NLD_R271110,NLD,Amsterdam,2005,2.4491235960722206
NLD_R271110,NLD,Amsterdam,2006,2.4741471884059916
NLD_R271110,NLD,Amsterdam,2007,2.499170780739762
NLD_R271110,NLD,Amsterdam,2008,2.524194373073533
NLD_R271110,NLD,Amsterdam,2009,2.4094582652065544
NLD_R271110,NLD,Amsterdam,2010,2.2947221573395753
NLD_R271110,NLD,Amsterdam,2011,2.1799860494725967
NLD_R271110,NLD,Amsterdam,2012,2.065249941605618
NLD_R271110,NLD,Amsterdam,2013,1.9505138337386392
NLD_R271110,NLD,Amsterdam,2014,1.8357777258716603
NLD_R271110,NLD,Amsterdam,2015,1.7210416180046817
NLD_R271110,NLD,Amsterdam,2016,1.6063055101377028
NLD_R271110,NLD,Amsterdam,2017,1.491569402270724
NLD_R271110,NLD,Amsterdam,2018,1.3768332944037454
NLD_R271110,NLD,Amsterdam,2019,1.2620971865367665
NLD_R271110,NLD,Amsterdam,2020,1.1473610786697879
NLD_R271110,NLD,Amsterdam,2021,1.0326249708028088
NLD_R271110,NLD,Amsterdam,2022,0.9178888629358302
NLD_R271110,NLD,Amsterdam,2023,0.8031527550688515
NLD_R271110,NLD,Amsterdam,2024,0.6884166472018727
NLD_R271110,NLD,Amsterdam,2025,0.5736805393348938
NLD_R271110,NLD,Amsterdam,2026,0.45894443146791497
NLD_R271110,NLD,Amsterdam,2027,0.34420832360093634
NLD_R271110,NLD,Amsterdam,2028,0.2294722157339577
NLD_R271110,NLD,Amsterdam,2029,0.11473610786697863
NLD_R271110,NLD,Amsterdam,2030,0
NLD_R271110,NLD,Amsterdam,2031,0.06310485932683832
NLD_R271110,NLD,Amsterdam,2032,0.12620971865367664
NLD_R271110,NLD,Amsterdam,2033,0.18931457798051493
NLD_R271110,NLD,Amsterdam,2034,0.2524194373073533
NLD_R271110,NLD,Amsterdam,2035,0.31552429663419157
NLD_R271110,NLD,Amsterdam,2036,0.37862915596102986
NLD_R271110,NLD,Amsterdam,2037,0.44173401528786815
NLD_R271110,NLD,Amsterdam,2038,0.5048388746147066
NLD_R271110,NLD,Amsterdam,2039,0.5679437339415448
NLD_R271110,NLD,Amsterdam,2040,0.6310485932683831
NLD_R271110,NLD,Amsterdam,2041,0.5679437339415448
NLD_R271110,NLD,Amsterdam,2042,0.5048388746147066
NLD_R271110,NLD,Amsterdam,2043,0.4417340152878682
NLD_R271110,NLD,Amsterdam,2044,0.37862915596102986
NLD_R271110,NLD,Amsterdam,2045,0.31552429663419157
NLD_R271110,NLD,Amsterdam,2046,0.2524194373073533
NLD_R271110,NLD,Amsterdam,2047,0.189314577980515
NLD_R271110,NLD,Amsterdam,2048,0.12620971865367658
NLD_R271110,NLD,Amsterdam,2049,0.06310485932683829
NLD_R271110,NLD,Amsterdam,2050,0
NOR_R406091,NOR,Oslo,2009,1.959824692490369
NOR_R406091,NOR,Oslo,2010,1.871165956401519
NOR_R406091,NOR,Oslo,2011,1.782507220312669
NOR_R406091,NOR,Oslo,2012,1.693848484223819
NOR_R406091,NOR,Oslo,2013,1.605189748134969
NOR_R406091,NOR,Oslo,2014,1.516531012046119
NOR_R406091,NOR,Oslo,2015,1.4278722759572688
NOR_R406091,NOR,Oslo,2016,1.3392135398684188
NOR_R406091,NOR,Oslo,2017,1.2505548037795688
NOR_R406091,NOR,Oslo,2018,1.1618960676907188
NOR_R406091,NOR,Oslo,2019,1.0732373316018688
NOR_R406091,NOR,Oslo,2020,0.9845785955130187
NOR_R406091,NOR,Oslo,2021,0.8959198594241689
NOR_R406091,NOR,Oslo,2022,0.8072611233353189
NOR_R406091,NOR,Oslo,2023,0.7186023872464689
NOR_R406091,NOR,Oslo,2024,0.6299436511576186
NOR_R406091,NOR,Oslo,2025,0.5412849150687689
NOR_R406091,NOR,Oslo,2026,0.45262617897991864
NOR_R406091,NOR,Oslo,2027,0.36396744289106886
NOR_R406091,NOR,Oslo,2028,0.27530870680221864
NOR_R406091,NOR,Oslo,2029,0.18664997071336886
NOR_R406091,NOR,Oslo,2030,0.09799123462451864
POL_R336075,POL,Warsaw,2022,5.260831312857655
POL_R336075,POL,Warsaw,2023,4.603227398750448
POL_R336075,POL,Warsaw,2024,3.9456234846432414
POL_R336075,POL,Warsaw,2025,3.288019570536034
POL_R336075,POL,Warsaw,2026,2.6304156564288275
POL_R336075,POL,Warsaw,2027,1.9728117423216207
POL_R336075,POL,Warsaw,2028,1.3152078282144135
POL_R336075,POL,Warsaw,2029,0.6576039141072068
POL_R336075,POL,Warsaw,2030,0
PRT_R3372453,PRT,Porto,2004,0.3031683258539835
PRT_R3372453,PRT,Porto,2005,0.2915080056288303
PRT_R3372453,PRT,Porto,2006,0.2798476854036771
PRT_R3372453,PRT,Porto,2007,0.2681873651785239
PRT_R3372453,PRT,Porto,2008,0.25652704495337064
PRT_R3372453,PRT,Porto,2009,0.24486672472821744
PRT_R3372453,PRT,Porto,2010,0.23320640450306424
PRT_R3372453,PRT,Porto,2011,0.22154608427791103
PRT_R3372453,PRT,Porto,2012,0.20988576405275783
PRT_R3372453,PRT,Porto,2013,0.1982254438276046
PRT_R3372453,PRT,Porto,2014,0.18656512360245137
PRT_R3372453,PRT,Porto,2015,0.1749048033772982
PRT_R3372453,PRT,Porto,2016,0.16324448315214496
PRT_R3372453,PRT,Porto,2017,0.15158416292699176
PRT_R3372453,PRT,Porto,2018,0.13992384270183855
PRT_R3372453,PRT,Porto,2019,0.12826352247668535
PRT_R3372453,PRT,Porto,2020,0.11660320225153212
PRT_R3372453,PRT,Porto,2021,0.10494288202637891
PRT_R3372453,PRT,Porto,2022,0.09328256180122571
PRT_R3372453,PRT,Porto,2023,0.08162224157607251
PRT_R3372453,PRT,Porto,2024,0.06996192135091925
PRT_R3372453,PRT,Porto,2025,0.058301601125766045
PRT_R3372453,PRT,Porto,2026,0.04664128090061287
PRT_R3372453,PRT,Porto,2027,0.03498096067545964
PRT_R3372453,PRT,Porto,2028,0.023320640450306407
PRT_R3372453,PRT,Porto,2029,0.011660320225153231
PRT_R3372453,PRT,Porto,2030,0
PRT_R5400890,PRT,Lisbon,2002,1.230102582760149
PRT_R5400890,PRT,Lisbon,2003,1.1861703476615724
PRT_R5400890,PRT,Lisbon,2004,1.1422381125629955
PRT_R5400890,PRT,Lisbon,2005,1.0983058774644188
PRT_R5400890,PRT,Lisbon,2006,1.054373642365842
PRT_R5400890,PRT,Lisbon,2007,1.0104414072672654
PRT_R5400890,PRT,Lisbon,2008,0.9665091721686885
PRT_R5400890,PRT,Lisbon,2009,0.9225769370701118
PRT_R5400890,PRT,Lisbon,2010,0.8786447019715351
PRT_R5400890,PRT,Lisbon,2011,0.8347124668729582
PRT_R5400890,PRT,Lisbon,2012,0.7907802317743815
PRT_R5400890,PRT,Lisbon,2013,0.7468479966758048
PRT_R5400890,PRT,Lisbon,2014,0.702915761577228
PRT_R5400890,PRT,Lisbon,2015,0.6589835264786512
PRT_R5400890,PRT,Lisbon,2016,0.6150512913800745
PRT_R5400890,PRT,Lisbon,2017,0.5711190562814978
PRT_R5400890,PRT,Lisbon,2018,0.527186821182921
PRT_R5400890,PRT,Lisbon,2019,0.48325458608434435
PRT_R5400890,PRT,Lisbon,2020,0.43932235098576744
PRT_R5400890,PRT,Lisbon,2021,0.39539011588719075
PRT_R5400890,PRT,Lisbon,2022,0.35145788078861395
PRT_R5400890,PRT,Lisbon,2023,0.30752564569003726
PRT_R5400890,PRT,Lisbon,2024,0.2635934105914606
PRT_R5400890,PRT,Lisbon,2025,0.2196611754928839
PRT_R5400890,PRT,Lisbon,2026,0.17572894039430698
PRT_R5400890,PRT,Lisbon,2027,0.1317967052957303
PRT_R5400890,PRT,Lisbon,2028,0.08786447019715338
PRT_R5400890,PRT,Lisbon,2029,0.04393223509857669
PRT_R5400890,PRT,Lisbon,2030,0
PRT_R5400890,PRT,Lisbon,2031,0
PRT_R5400890,PRT,Lisbon,2032,0
PRT_R5400890,PRT,Lisbon,2033,0
PRT_R5400890,PRT,Lisbon,2034,0
PRT_R5400890,PRT,Lisbon,2035,0
PRT_R5400890,PRT,Lisbon,2036,0
PRT_R5400890,PRT,Lisbon,2037,0
PRT_R5400890,PRT,Lisbon,2038,0
PRT_R5400890,PRT,Lisbon,2039,0
PRT_R5400890,PRT,Lisbon,2040,0
PRT_R5400890,PRT,Lisbon,2041,0
PRT_R5400890,PRT,Lisbon,2042,0
PRT_R5400890,PRT,Lisbon,2043,0
PRT_R5400890,PRT,Lisbon,2044,0
PRT_R5400890,PRT,Lisbon,2045,0
PRT_R5400890,PRT,Lisbon,2046,0
PRT_R5400890,PRT,Lisbon,2047,0
PRT_R5400890,PRT,Lisbon,2048,0
PRT_R5400890,PRT,Lisbon,2049,0
PRT_R5400890,PRT,Lisbon,2050,0
SVK_R388265,SVK,Bratislava,2022,3.176618716837064
SVK_R388265,SVK,Bratislava,2023,2.779541377232431
SVK_R388265,SVK,Bratislava,2024,2.382464037627798
SVK_R388265,SVK,Bratislava,2025,1.985386698023165
SVK_R388265,SVK,Bratislava,2026,1.588309358418532
SVK_R388265,SVK,Bratislava,2027,1.191232018813899
SVK_R388265,SVK,Bratislava,2028,0.794154679209266
SVK_R388265,SVK,Bratislava,2029,0.39707733960463276
SVK_R388265,SVK,Bratislava,2030,0
SWE_R398021,SWE,Stockholm,1990,1.4798663975717055
SWE_R398021,SWE,Stockholm,1991,1.4428697376324129
SWE_R398021,SWE,Stockholm,1992,1.40587307769312
SWE_R398021,SWE,Stockholm,1993,1.3688764177538275
SWE_R398021,SWE,Stockholm,1994,1.331879757814535
SWE_R398021,SWE,Stockholm,1995,1.2948830978752424
SWE_R398021,SWE,Stockholm,1996,1.2578864379359496
SWE_R398021,SWE,Stockholm,1997,1.220889777996657
SWE_R398021,SWE,Stockholm,1998,1.1838931180573644
SWE_R398021,SWE,Stockholm,1999,1.1468964581180718
SWE_R398021,SWE,Stockholm,2000,1.109899798178779
SWE_R398021,SWE,Stockholm,2001,1.0729031382394865
SWE_R398021,SWE,Stockholm,2002,1.035906478300194
SWE_R398021,SWE,Stockholm,2003,0.9989098183609011
SWE_R398021,SWE,Stockholm,2004,0.9619131584216086
SWE_R398021,SWE,Stockholm,2005,0.9249164984823159
SWE_R398021,SWE,Stockholm,2006,0.8879198385430233
SWE_R398021,SWE,Stockholm,2007,0.8509231786037307
SWE_R398021,SWE,Stockholm,2008,0.813926518664438
SWE_R398021,SWE,Stockholm,2009,0.7769298587251454
SWE_R398021,SWE,Stockholm,2010,0.7399331987858527
SWE_R398021,SWE,Stockholm,2011,0.70293653884656
SWE_R398021,SWE,Stockholm,2012,0.6659398789072674
SWE_R398021,SWE,Stockholm,2013,0.6289432189679749
SWE_R398021,SWE,Stockholm,2014,0.5919465590286822
SWE_R398021,SWE,Stockholm,2015,0.5549498990893895
SWE_R398021,SWE,Stockholm,2016,0.5179532391500968
SWE_R398021,SWE,Stockholm,2017,0.48095657921080426
SWE_R398021,SWE,Stockholm,2018,0.4439599192715118
SWE_R398021,SWE,Stockholm,2019,0.406963259332219
SWE_R398021,SWE,Stockholm,2020,0.3699665993929264
SWE_R398021,SWE,Stockholm,2021,0.3329699394536336
SWE_R398021,SWE,Stockholm,2022,0.29597327951434105
SWE_R398021,SWE,Stockholm,2023,0.2589766195750485
SWE_R398021,SWE,Stockholm,2024,0.2219799596357559
SWE_R398021,SWE,Stockholm,2025,0.1849832996964631
SWE_R398021,SWE,Stockholm,2026,0.14798663975717052
SWE_R398021,SWE,Stockholm,2027,0.11098997981787795
SWE_R398021,SWE,Stockholm,2028,0.07399331987858537
SWE_R398021,SWE,Stockholm,2029,0.036996659939292575
SWE_R398021,SWE,Stockholm,2030,0
SWE_R935611,SWE,Gothenburg,1990,1.6430256162607013
SWE_R935611,SWE,Gothenburg,1991,1.6019499758541837
SWE_R935611,SWE,Gothenburg,1992,1.5608743354476662
SWE_R935611,SWE,Gothenburg,1993,1.5197986950411488
SWE_R935611,SWE,Gothenburg,1994,1.478723054634631
SWE_R935611,SWE,Gothenburg,1995,1.4376474142281137
SWE_R935611,SWE,Gothenburg,1996,1.3965717738215961
SWE_R935611,SWE,Gothenburg,1997,1.3554961334150786
SWE_R935611,SWE,Gothenburg,1998,1.314420493008561
SWE_R935611,SWE,Gothenburg,1999,1.2733448526020434
SWE_R935611,SWE,Gothenburg,2000,1.232269212195526
SWE_R935611,SWE,Gothenburg,2001,1.1911935717890083
SWE_R935611,SWE,Gothenburg,2002,1.150117931382491
SWE_R935611,SWE,Gothenburg,2003,1.1090422909759734
SWE_R935611,SWE,Gothenburg,2004,1.0679666505694558
SWE_R935611,SWE,Gothenburg,2005,1.0268910101629383
SWE_R935611,SWE,Gothenburg,2006,0.9858153697564207
SWE_R935611,SWE,Gothenburg,2007,0.9447397293499032
SWE_R935611,SWE,Gothenburg,2008,0.9036640889433857
SWE_R935611,SWE,Gothenburg,2009,0.8625884485368682
SWE_R935611,SWE,Gothenburg,2010,0.8215128081303507
SWE_R935611,SWE,Gothenburg,2011,0.7804371677238331
SWE_R935611,SWE,Gothenburg,2012,0.7393615273173155
SWE_R935611,SWE,Gothenburg,2013,0.6982858869107982
SWE_R935611,SWE,Gothenburg,2014,0.6572102465042806
SWE_R935611,SWE,Gothenburg,2015,0.616134606097763
SWE_R935611,SWE,Gothenburg,2016,0.5750589656912455
SWE_R935611,SWE,Gothenburg,2017,0.5339833252847279
SWE_R935611,SWE,Gothenburg,2018,0.4929076848782106
SWE_R935611,SWE,Gothenburg,2019,0.451832044471693
SWE_R935611,SWE,Gothenburg,2020,0.4107564040651752
SWE_R935611,SWE,Gothenburg,2021,0.36968076365865765
SWE_R935611,SWE,Gothenburg,2022,0.3286051232521401
SWE_R935611,SWE,Gothenburg,2023,0.28752948284562274
SWE_R935611,SWE,Gothenburg,2024,0.24645384243910518
SWE_R935611,SWE,Gothenburg,2025,0.2053782020325876
SWE_R935611,SWE,Gothenburg,2026,0.16430256162607004
SWE_R935611,SWE,Gothenburg,2027,0.12322692121955248
SWE_R935611,SWE,Gothenburg,2028,0.08215128081303513
SWE_R935611,SWE,Gothenburg,2029,0.041075640406517566
SWE_R935611,SWE,Gothenburg,2030,0
SWE_R935611,SWE,Gothenburg,2031,0.016430256162607005
SWE_R935611,SWE,Gothenburg,2032,0.03286051232521401
SWE_R935611,SWE,Gothenburg,2033,0.04929076848782101
SWE_R935611,SWE,Gothenburg,2034,0.06572102465042802
SWE_R935611,SWE,Gothenburg,2035,0.08215128081303502
SWE_R935611,SWE,Gothenburg,2036,0.09858153697564202
SWE_R935611,SWE,Gothenburg,2037,0.11501179313824902
SWE_R935611,SWE,Gothenburg,2038,0.13144204930085604
SWE_R935611,SWE,Gothenburg,2039,0.14787230546346306
SWE_R935611,SWE,Gothenburg,2040,0.16430256162607004
SWE_R935611,SWE,Gothenburg,2041,0.18073281778867706
SWE_R935611,SWE,Gothenburg,2042,0.19716307395128405
SWE_R935611,SWE,Gothenburg,2043,0.21359333011389106
SWE_R935611,SWE,Gothenburg,2044,0.23002358627649805
SWE_R935611,SWE,Gothenburg,2045,0.24645384243910506
SWE_R935611,SWE,Gothenburg,2046,0.2628840986017121
SWE_R935611,SWE,Gothenburg,2047,0.27931435476431904
SWE_R935611,SWE,Gothenburg,2048,0.2957446109269261
SWE_R935611,SWE,Gothenburg,2049,0.31217486708953307
SWE_R935611,SWE,Gothenburg,2050,0.3286051232521401
USA_R111968,USA,"San Francisco, CA",1990,1.7475599384942606
USA_R111968,USA,"San Francisco, CA",1991,1.7209096494322231
USA_R111968,USA,"San Francisco, CA",1992,1.6942593603701857
USA_R111968,USA,"San Francisco, CA",1993,1.6676090713081482
USA_R111968,USA,"San Francisco, CA",1994,1.6409587822461107
USA_R111968,USA,"San Francisco, CA",1995,1.6143084931840732
USA_R111968,USA,"San Francisco, CA",1996,1.5876582041220357
USA_R111968,USA,"San Francisco, CA",1997,1.5610079150599983
USA_R111968,USA,"San Francisco, CA",1998,1.5343576259979608
USA_R111968,USA,"San Francisco, CA",1999,1.5077073369359233
USA_R111968,USA,"San Francisco, CA",2000,1.4810570478738858
USA_R111968,USA,"San Francisco, CA",2001,1.4544067588118483
USA_R111968,USA,"San Francisco, CA",2002,1.4277564697498109
USA_R111968,USA,"San Francisco, CA",2003,1.4011061806877734
USA_R111968,USA,"San Francisco, CA",2004,1.3744558916257361
USA_R111968,USA,"San Francisco, CA",2005,1.3478056025636986
USA_R111968,USA,"San Francisco, CA",2006,1.321155313501661
USA_R111968,USA,"San Francisco, CA",2007,1.2945050244396237
USA_R111968,USA,"San Francisco, CA",2008,1.2678547353775862
USA_R111968,USA,"San Francisco, CA",2009,1.2412044463155487
USA_R111968,USA,"San Francisco, CA",2010,1.2145541572535112
USA_R111968,USA,"San Francisco, CA",2011,1.1879038681914738
USA_R111968,USA,"San Francisco, CA",2012,1.1612535791294363
USA_R111968,USA,"San Francisco, CA",2013,1.1346032900673988
USA_R111968,USA,"San Francisco, CA",2014,1.1079530010053613
USA_R111968,USA,"San Francisco, CA",2015,1.0813027119433238
USA_R111968,USA,"San Francisco, CA",2016,1.0546524228812864
USA_R111968,USA,"San Francisco, CA",2017,1.0280021338192489
USA_R111968,USA,"San Francisco, CA",2018,1.0013518447572114
USA_R111968,USA,"San Francisco, CA",2019,0.9747015556951739
USA_R111968,USA,"San Francisco, CA",2020,0.9480512666331364
USA_R111968,USA,"San Francisco, CA",2021,0.9214009775710988
USA_R111968,USA,"San Francisco, CA",2022,0.8947506885090614
USA_R111968,USA,"San Francisco, CA",2023,0.868100399447024
USA_R111968,USA,"San Francisco, CA",2024,0.8414501103849865
USA_R111968,USA,"San Francisco, CA",2025,0.814799821322949
USA_R111968,USA,"San Francisco, CA",2026,0.7881495322609116
USA_R111968,USA,"San Francisco, CA",2027,0.761499243198874
USA_R111968,USA,"San Francisco, CA",2028,0.7348489541368366
USA_R111968,USA,"San Francisco, CA",2029,0.7081986650747991
USA_R111968,USA,"San Francisco, CA",2030,0.6815483760127616
USA_R111968,USA,"San Francisco, CA",2031,0.6133935384114855
USA_R111968,USA,"San Francisco, CA",2032,0.5452387008102093
USA_R111968,USA,"San Francisco, CA",2033,0.47708386320893315
USA_R111968,USA,"San Francisco, CA",2034,0.408929025607657
USA_R111968,USA,"San Francisco, CA",2035,0.3407741880063808
USA_R111968,USA,"San Francisco, CA",2036,0.27261935040510465
USA_R111968,USA,"San Francisco, CA",2037,0.20446451280382855
USA_R111968,USA,"San Francisco, CA",2038,0.13630967520255233
USA_R111968,USA,"San Francisco, CA",2039,0.06815483760127616
USA_R111968,USA,"San Francisco, CA",2040,0
USA_R119231,USA,"Honolulu, HI",2005,0.8596146397449266
USA_R119231,USA,"Honolulu, HI",2006,0.8402733103506658
USA_R119231,USA,"Honolulu, HI",2007,0.8209319809564048
USA_R119231,USA,"Honolulu, HI",2008,0.801590651562144
USA_R119231,USA,"Honolulu, HI",2009,0.7822493221678832
USA_R119231,USA,"Honolulu, HI",2010,0.7629079927736223
USA_R119231,USA,"Honolulu, HI",2011,0.7435666633793615
USA_R119231,USA,"Honolulu, HI",2012,0.7242253339851007
USA_R119231,USA,"Honolulu, HI",2013,0.7048840045908398
USA_R119231,USA,"Honolulu, HI",2014,0.685542675196579
USA_R119231,USA,"Honolulu, HI",2015,0.6662013458023182
USA_R119231,USA,"Honolulu, HI",2016,0.6468600164080572
USA_R119231,USA,"Honolulu, HI",2017,0.6275186870137964
USA_R119231,USA,"Honolulu, HI",2018,0.6081773576195355
USA_R119231,USA,"Honolulu, HI",2019,0.5888360282252747
USA_R119231,USA,"Honolulu, HI",2020,0.5694946988310139
USA_R119231,USA,"Honolulu, HI",2021,0.550153369436753
USA_R119231,USA,"Honolulu, HI",2022,0.5308120400424922
USA_R119231,USA,"Honolulu, HI",2023,0.5114707106482312
USA_R119231,USA,"Honolulu, HI",2024,0.4921293812539705
USA_R119231,USA,"Honolulu, HI",2025,0.4727880518597096
USA_R119231,USA,"Honolulu, HI",2026,0.44914864926672415
USA_R119231,USA,"Honolulu, HI",2027,0.4255092466737387
USA_R119231,USA,"Honolulu, HI",2028,0.4018698440807532
USA_R119231,USA,"Honolulu, HI",2029,0.3782304414877677
USA_R119231,USA,"Honolulu, HI",2030,0.3545910388947822
USA_R119231,USA,"Honolulu, HI",2031,0.33095163630179675
USA_R119231,USA,"Honolulu, HI",2032,0.3073122337088113
USA_R119231,USA,"Honolulu, HI",2033,0.28367283111582575
USA_R119231,USA,"Honolulu, HI",2034,0.2600334285228403
USA_R119231,USA,"Honolulu, HI",2035,0.2363940259298548
USA_R119231,USA,"Honolulu, HI",2036,0.2127546233368693
USA_R119231,USA,"Honolulu, HI",2037,0.18911522074388387
USA_R119231,USA,"Honolulu, HI",2038,0.16547581815089835
USA_R119231,USA,"Honolulu, HI",2039,0.14183641555791293
USA_R119231,USA,"Honolulu, HI",2040,0.1181970129649274
USA_R119231,USA,"Honolulu, HI",2041,0.09455761037194188
USA_R119231,USA,"Honolulu, HI",2042,0.07091820777895647
USA_R119231,USA,"Honolulu, HI",2043,0.04727880518597094
USA_R119231,USA,"Honolulu, HI",2044,0.023639402592985526
USA_R119231,USA,"Honolulu, HI",2045,0
USA_R133345,USA,"Baltimore, MD",2007,2.790677776190485
USA_R133345,USA,"Baltimore, MD",2008,2.7441664799206436
USA_R133345,USA,"Baltimore, MD",2009,2.697655183650802
USA_R133345,USA,"Baltimore, MD",2010,2.6511438873809605
USA_R133345,USA,"Baltimore, MD",2011,2.6046325911111192
USA_R133345,USA,"Baltimore, MD",2012,2.558121294841278
USA_R133345,USA,"Baltimore, MD",2013,2.511609998571436
USA_R133345,USA,"Baltimore, MD",2014,2.465098702301595
USA_R133345,USA,"Baltimore, MD",2015,2.4185874060317536
USA_R133345,USA,"Baltimore, MD",2016,2.3720761097619123
USA_R133345,USA,"Baltimore, MD",2017,2.3255648134920706
USA_R133345,USA,"Baltimore, MD",2018,2.2790535172222293
USA_R133345,USA,"Baltimore, MD",2019,2.232542220952388
USA_R133345,USA,"Baltimore, MD",2020,2.1860309246825462
USA_R133345,USA,"Baltimore, MD",2021,2.139519628412705
USA_R133345,USA,"Baltimore, MD",2022,2.0930083321428636
USA_R133345,USA,"Baltimore, MD",2023,2.0464970358730223
USA_R133345,USA,"Baltimore, MD",2024,1.9999857396031806
USA_R133345,USA,"Baltimore, MD",2025,1.9534744433333393
USA_R133345,USA,"Baltimore, MD",2026,1.78603377676191
USA_R133345,USA,"Baltimore, MD",2027,1.6185931101904811
USA_R133345,USA,"Baltimore, MD",2028,1.4511524436190522
USA_R133345,USA,"Baltimore, MD",2029,1.283711777047623
USA_R133345,USA,"Baltimore, MD",2030,1.116271110476194
USA_R133345,USA,"Baltimore, MD",2031,1.0418530364444478
USA_R133345,USA,"Baltimore, MD",2032,0.9674349624127014
USA_R133345,USA,"Baltimore, MD",2033,0.8930168883809552
USA_R133345,USA,"Baltimore, MD",2034,0.8185988143492089
USA_R133345,USA,"Baltimore, MD",2035,0.7441807403174627
USA_R133345,USA,"Baltimore, MD",2036,0.6697626662857163
USA_R133345,USA,"Baltimore, MD",2037,0.5953445922539701
USA_R133345,USA,"Baltimore, MD",2038,0.5209265182222239
USA_R133345,USA,"Baltimore, MD",2039,0.44650844419047764
USA_R133345,USA,"Baltimore, MD",2040,0.37209037015873137
USA_R133345,USA,"Baltimore, MD",2041,0.2976722961269851
USA_R133345,USA,"Baltimore, MD",2042,0.2232542220952387
USA_R133345,USA,"Baltimore, MD",2043,0.14883614806349255
USA_R133345,USA,"Baltimore, MD",2044,0.07441807403174616
USA_R133345,USA,"Baltimore, MD",2045,0
USA_R1411339,USA,"Denver, CO",2019,4.000593348901144
USA_R1411339,USA,"Denver, CO",2020,3.7338871256410675
USA_R1411339,USA,"Denver, CO",2021,3.467180902380991
USA_R1411339,USA,"Denver, CO",2022,3.200474679120915
USA_R1411339,USA,"Denver, CO",2023,2.9337684558608386
USA_R1411339,USA,"Denver, CO",2024,2.6670622326007623
USA_R1411339,USA,"Denver, CO",2025,2.400356009340686
USA_R1411339,USA,"Denver, CO",2026,2.2003263418956287
USA_R1411339,USA,"Denver, CO",2027,2.0002966744505715
USA_R1411339,USA,"Denver, CO",2028,1.8002670070055147
USA_R1411339,USA,"Denver, CO",2029,1.6002373395604574
USA_R1411339,USA,"Denver, CO",2030,1.4002076721154002
USA_R1411339,USA,"Denver, CO",2031,1.26018690490386
USA_R1411339,USA,"Denver, CO",2032,1.1201661376923202
USA_R1411339,USA,"Denver, CO",2033,0.9801453704807801
USA_R1411339,USA,"Denver, CO",2034,0.8401246032692401
USA_R1411339,USA,"Denver, CO",2035,0.7001038360577001
USA_R1411339,USA,"Denver, CO",2036,0.5600830688461601
USA_R1411339,USA,"Denver, CO",2037,0.4200623016346201
USA_R1411339,USA,"Denver, CO",2038,0.28004153442308
USA_R1411339,USA,"Denver, CO",2039,0.1400207672115399
USA_R1411339,USA,"Denver, CO",2040,0
USA_R175905,USA,"New York, NY",2005,28.034973293052957
USA_R175905,USA,"New York, NY",2006,27.58641372036411
USA_R175905,USA,"New York, NY",2007,27.137854147675263
USA_R175905,USA,"New York, NY",2008,26.689294574986416
USA_R175905,USA,"New York, NY",2009,26.24073500229757
USA_R175905,USA,"New York, NY",2010,25.79217542960872
USA_R175905,USA,"New York, NY",2011,25.34361585691987
USA_R175905,USA,"New York, NY",2012,24.895056284231025
USA_R175905,USA,"New York, NY",2013,24.446496711542178
USA_R175905,USA,"New York, NY",2014,23.99793713885333
USA_R175905,USA,"New York, NY",2015,23.549377566164484
USA_R175905,USA,"New York, NY",2016,23.100817993475637
USA_R175905,USA,"New York, NY",2017,22.652258420786787
USA_R175905,USA,"New York, NY",2018,22.203698848097943
USA_R175905,USA,"New York, NY",2019,21.755139275409093
USA_R175905,USA,"New York, NY",2020,21.306579702720246
USA_R175905,USA,"New York, NY",2021,20.8580201300314
USA_R175905,USA,"New York, NY",2022,20.409460557342552
USA_R175905,USA,"New York, NY",2023,19.960900984653705
USA_R175905,USA,"New York, NY",2024,19.512341411964854
USA_R175905,USA,"New York, NY",2025,19.06378183927601
USA_R175905,USA,"New York, NY",2026,18.61522226658716
USA_R175905,USA,"New York, NY",2027,18.166662693898317
USA_R175905,USA,"New York, NY",2028,17.718103121209467
USA_R175905,USA,"New York, NY",2029,17.26954354852062
USA_R175905,USA,"New York, NY",2030,16.820983975831773
USA_R175905,USA,"New York, NY",2031,16.260284509970713
USA_R175905,USA,"New York, NY",2032,15.699585044109654
USA_R175905,USA,"New York, NY",2033,15.138885578248596
USA_R175905,USA,"New York, NY",2034,14.578186112387536
USA_R175905,USA,"New York, NY",2035,14.017486646526477
USA_R175905,USA,"New York, NY",2036,13.456787180665417
USA_R175905,USA,"New York, NY",2037,12.89608771480436
USA_R175905,USA,"New York, NY",2038,12.3353882489433
USA_R175905,USA,"New York, NY",2039,11.77468878308224
USA_R175905,USA,"New York, NY",2040,11.21398931722118
USA_R175905,USA,"New York, NY",2041,10.653289851360121
USA_R175905,USA,"New York, NY",2042,10.092590385499062
USA_R175905,USA,"New York, NY",2043,9.531890919638002
USA_R175905,USA,"New York, NY",2044,8.971191453776944
USA_R175905,USA,"New York, NY",2045,8.410491987915885
USA_R175905,USA,"New York, NY",2046,7.849792522054825
USA_R175905,USA,"New York, NY",2047,7.289093056193767
USA_R175905,USA,"New York, NY",2048,6.728393590332706
USA_R175905,USA,"New York, NY",2049,6.167694124471648
USA_R175905,USA,"New York, NY",2050,5.6069946586105885
USA_R188022,USA,"Philadelphia, PA",2006,6.56086198358602
USA_R188022,USA,"Philadelphia, PA",2007,6.388207720860072
USA_R188022,USA,"Philadelphia, PA",2008,6.215553458134124
USA_R188022,USA,"Philadelphia, PA",2009,6.042899195408176
USA_R188022,USA,"Philadelphia, PA",2010,5.870244932682228
USA_R188022,USA,"Philadelphia, PA",2011,5.697590669956281
USA_R188022,USA,"Philadelphia, PA",2012,5.524936407230332
USA_R188022,USA,"Philadelphia, PA",2013,5.352282144504384
USA_R188022,USA,"Philadelphia, PA",2014,5.179627881778437
USA_R188022,USA,"Philadelphia, PA",2015,5.006973619052489
USA_R188022,USA,"Philadelphia, PA",2016,4.8343193563265405
USA_R188022,USA,"Philadelphia, PA",2017,4.661665093600593
USA_R188022,USA,"Philadelphia, PA",2018,4.489010830874645
USA_R188022,USA,"Philadelphia, PA",2019,4.316356568148697
USA_R188022,USA,"Philadelphia, PA",2020,4.1437023054227495
USA_R188022,USA,"Philadelphia, PA",2021,3.9710480426968013
USA_R188022,USA,"Philadelphia, PA",2022,3.7983937799708536
USA_R188022,USA,"Philadelphia, PA",2023,3.625739517244906
USA_R188022,USA,"Philadelphia, PA",2024,3.453085254518958
USA_R188022,USA,"Philadelphia, PA",2025,3.28043099179301
USA_R188022,USA,"Philadelphia, PA",2026,3.1492137521212893
USA_R188022,USA,"Philadelphia, PA",2027,3.017996512449569
USA_R188022,USA,"Philadelphia, PA",2028,2.886779272777849
USA_R188022,USA,"Philadelphia, PA",2029,2.7555620331061284
USA_R188022,USA,"Philadelphia, PA",2030,2.6243447934344077
USA_R188022,USA,"Philadelphia, PA",2031,2.4931275537626876
USA_R188022,USA,"Philadelphia, PA",2032,2.361910314090967
USA_R188022,USA,"Philadelphia, PA",2033,2.230693074419247
USA_R188022,USA,"Philadelphia, PA",2034,2.099475834747526
USA_R188022,USA,"Philadelphia, PA",2035,1.9682585950758058
USA_R188022,USA,"Philadelphia, PA",2036,1.8370413554040856
USA_R188022,USA,"Philadelphia, PA",2037,1.7058241157323653
USA_R188022,USA,"Philadelphia, PA",2038,1.5746068760606446
USA_R188022,USA,"Philadelphia, PA",2039,1.4433896363889243
USA_R188022,USA,"Philadelphia, PA",2040,1.312172396717204
USA_R188022,USA,"Philadelphia, PA",2041,1.1809551570454837
USA_R188022,USA,"Philadelphia, PA",2042,1.049737917373763
USA_R188022,USA,"Philadelphia, PA",2043,0.9185206777020429
USA_R188022,USA,"Philadelphia, PA",2044,0.7873034380303223
USA_R188022,USA,"Philadelphia, PA",2045,0.6560861983586017
USA_R188022,USA,"Philadelphia, PA",2046,0.5248689586868815
USA_R188022,USA,"Philadelphia, PA",2047,0.3936517190151614
USA_R188022,USA,"Philadelphia, PA",2048,0.2624344793434408
USA_R188022,USA,"Philadelphia, PA",2049,0.1312172396717206
USA_R188022,USA,"Philadelphia, PA",2050,0
USA_R198770,USA,"Salt Lake City, UT",2009,2.803375141984663
USA_R198770,USA,"Salt Lake City, UT",2010,2.736628114794552
USA_R198770,USA,"Salt Lake City, UT",2011,2.669881087604441
USA_R198770,USA,"Salt Lake City, UT",2012,2.60313406041433
USA_R198770,USA,"Salt Lake City, UT",2013,2.536387033224219
USA_R198770,USA,"Salt Lake City, UT",2014,2.469640006034108
USA_R198770,USA,"Salt Lake City, UT",2015,2.402892978843997
USA_R198770,USA,"Salt Lake City, UT",2016,2.336145951653886
USA_R198770,USA,"Salt Lake City, UT",2017,2.2693989244637747
USA_R198770,USA,"Salt Lake City, UT",2018,2.2026518972736637
USA_R198770,USA,"Salt Lake City, UT",2019,2.135904870083553
USA_R198770,USA,"Salt Lake City, UT",2020,2.069157842893442
USA_R198770,USA,"Salt Lake City, UT",2021,2.002410815703331
USA_R198770,USA,"Salt Lake City, UT",2022,1.9356637885132197
USA_R198770,USA,"Salt Lake City, UT",2023,1.8689167613231088
USA_R198770,USA,"Salt Lake City, UT",2024,1.8021697341329976
USA_R198770,USA,"Salt Lake City, UT",2025,1.7354227069428867
USA_R198770,USA,"Salt Lake City, UT",2026,1.6686756797527755
USA_R198770,USA,"Salt Lake City, UT",2027,1.6019286525626646
USA_R198770,USA,"Salt Lake City, UT",2028,1.5351816253725536
USA_R198770,USA,"Salt Lake City, UT",2029,1.4684345981824427
USA_R198770,USA,"Salt Lake City, UT",2030,1.4016875709923315
USA_R198770,USA,"Salt Lake, UT",2009,2.803375141984663
USA_R198770,USA,"Salt Lake, UT",2010,2.73102997703022
USA_R198770,USA,"Salt Lake, UT",2011,2.6586848120757773
USA_R198770,USA,"Salt Lake, UT",2012,2.5863396471213345
USA_R198770,USA,"Salt Lake, UT",2013,2.5139944821668916
USA_R198770,USA,"Salt Lake, UT",2014,2.4416493172124483
USA_R198770,USA,"Salt Lake, UT",2015,2.369304152258006
USA_R198770,USA,"Salt Lake, UT",2016,2.2969589873035625
USA_R198770,USA,"Salt Lake, UT",2017,2.2246138223491196
USA_R198770,USA,"Salt Lake, UT",2018,2.1522686573946768
USA_R198770,USA,"Salt Lake, UT",2019,2.079923492440234
USA_R198770,USA,"Salt Lake, UT",2020,2.007578327485791
USA_R198770,USA,"Salt Lake, UT",2021,1.9352331625313481
USA_R198770,USA,"Salt Lake, UT",2022,1.8628879975769053
USA_R198770,USA,"Salt Lake, UT",2023,1.7905428326224622
USA_R198770,USA,"Salt Lake, UT",2024,1.7181976676680193
USA_R198770,USA,"Salt Lake, UT",2025,1.6458525027135764
USA_R198770,USA,"Salt Lake, UT",2026,1.5735073377591335
USA_R198770,USA,"Salt Lake, UT",2027,1.5011621728046904
USA_R198770,USA,"Salt Lake, UT",2028,1.4288170078502476
USA_R198770,USA,"Salt Lake, UT",2029,1.3564718428958047
USA_R198770,USA,"Salt Lake, UT",2030,1.2841266779413618
USA_R198770,USA,"Salt Lake, UT",2031,1.2117815129869187
USA_R198770,USA,"Salt Lake, UT",2032,1.1394363480324758
USA_R198770,USA,"Salt Lake, UT",2033,1.0670911830780332
USA_R198770,USA,"Salt Lake, UT",2034,0.9947460181235903
USA_R198770,USA,"Salt Lake, UT",2035,0.9224008531691472
USA_R198770,USA,"Salt Lake, UT",2036,0.8500556882147043
USA_R198770,USA,"Salt Lake, UT",2037,0.7777105232602612
USA_R198770,USA,"Salt Lake, UT",2038,0.7053653583058184
USA_R198770,USA,"Salt Lake, UT",2039,0.6330201933513755
USA_R198770,USA,"Salt Lake, UT",2040,0.5606750283969326
USA_R207359,USA,"Los Angeles, CA",1990,19.30250697820101
USA_R207359,USA,"Los Angeles, CA",1991,19.026756878512423
USA_R207359,USA,"Los Angeles, CA",1992,18.751006778823836
USA_R207359,USA,"Los Angeles, CA",1993,18.475256679135253
USA_R207359,USA,"Los Angeles, CA",1994,18.199506579446666
USA_R207359,USA,"Los Angeles, CA",1995,17.92375647975808
USA_R207359,USA,"Los Angeles, CA",1996,17.648006380069493
USA_R207359,USA,"Los Angeles, CA",1997,17.37225628038091
USA_R207359,USA,"Los Angeles, CA",1998,17.096506180692323
USA_R207359,USA,"Los Angeles, CA",1999,16.820756081003736
USA_R207359,USA,"Los Angeles, CA",2000,16.54500598131515
USA_R207359,USA,"Los Angeles, CA",2001,16.269255881626563
USA_R207359,USA,"Los Angeles, CA",2002,15.99350578193798
USA_R207359,USA,"Los Angeles, CA",2003,15.717755682249393
USA_R207359,USA,"Los Angeles, CA",2004,15.442005582560807
USA_R207359,USA,"Los Angeles, CA",2005,15.166255482872222
USA_R207359,USA,"Los Angeles, CA",2006,14.890505383183637
USA_R207359,USA,"Los Angeles, CA",2007,14.61475528349505
USA_R207359,USA,"Los Angeles, CA",2008,14.339005183806464
USA_R207359,USA,"Los Angeles, CA",2009,14.063255084117879
USA_R207359,USA,"Los Angeles, CA",2010,13.787504984429294
USA_R207359,USA,"Los Angeles, CA",2011,13.511754884740707
USA_R207359,USA,"Los Angeles, CA",2012,13.23600478505212
USA_R207359,USA,"Los Angeles, CA",2013,12.960254685363534
USA_R207359,USA,"Los Angeles, CA",2014,12.684504585674949
USA_R207359,USA,"Los Angeles, CA",2015,12.408754485986364
USA_R207359,USA,"Los Angeles, CA",2016,12.133004386297777
USA_R207359,USA,"Los Angeles, CA",2017,11.85725428660919
USA_R207359,USA,"Los Angeles, CA",2018,11.581504186920604
USA_R207359,USA,"Los Angeles, CA",2019,11.30575408723202
USA_R207359,USA,"Los Angeles, CA",2020,11.030003987543434
USA_R207359,USA,"Los Angeles, CA",2021,10.754253887854848
USA_R207359,USA,"Los Angeles, CA",2022,10.478503788166263
USA_R207359,USA,"Los Angeles, CA",2023,10.202753688477676
USA_R207359,USA,"Los Angeles, CA",2024,9.927003588789091
USA_R207359,USA,"Los Angeles, CA",2025,9.651253489100505
USA_R207359,USA,"Los Angeles, CA",2026,9.20729582860188
USA_R207359,USA,"Los Angeles, CA",2027,8.763338168103258
USA_R207359,USA,"Los Angeles, CA",2028,8.319380507604635
USA_R207359,USA,"Los Angeles, CA",2029,7.8754228471060115
USA_R207359,USA,"Los Angeles, CA",2030,7.431465186607388
USA_R207359,USA,"Los Angeles, CA",2031,6.987507526108765
USA_R207359,USA,"Los Angeles, CA",2032,6.543549865610142
USA_R207359,USA,"Los Angeles, CA",2033,6.099592205111518
USA_R207359,USA,"Los Angeles, CA",2034,5.655634544612895
USA_R207359,USA,"Los Angeles, CA",2035,5.211676884114272
USA_R207359,USA,"Los Angeles, CA",2036,4.864231758506654
USA_R207359,USA,"Los Angeles, CA",2037,4.516786632899036
USA_R207359,USA,"Los Angeles, CA",2038,4.169341507291418
USA_R207359,USA,"Los Angeles, CA",2039,3.8218963816838
USA_R207359,USA,"Los Angeles, CA",2040,3.4744512560761818
USA_R207359,USA,"Los Angeles, CA",2041,3.1270061304685632
USA_R207359,USA,"Los Angeles, CA",2042,2.779561004860945
USA_R207359,USA,"Los Angeles, CA",2043,2.432115879253327
USA_R207359,USA,"Los Angeles, CA",2044,2.084670753645709
USA_R207359,USA,"Los Angeles, CA",2045,1.7372256280380909
USA_R207359,USA,"Los Angeles, CA",2046,1.3897805024304728
USA_R207359,USA,"Los Angeles, CA",2047,1.0423353768228543
USA_R207359,USA,"Los Angeles, CA",2048,0.6948902512152362
USA_R207359,USA,"Los Angeles, CA",2049,0.3474451256076181
USA_R207359,USA,"Los Angeles, CA",2050,0
USA_R251075,USA,"Milwaukee, WI",2022,2.4219257953430495
USA_R251075,USA,"Milwaukee, WI",2023,2.3354284455093692
USA_R251075,USA,"Milwaukee, WI",2024,2.248931095675689
USA_R251075,USA,"Milwaukee, WI",2025,2.1624337458420086
USA_R251075,USA,"Milwaukee, WI",2026,2.0759363960083284
USA_R251075,USA,"Milwaukee, WI",2027,1.9894390461746478
USA_R251075,USA,"Milwaukee, WI",2028,1.9029416963409675
USA_R251075,USA,"Milwaukee, WI",2029,1.816444346507287
USA_R251075,USA,"Milwaukee, WI",2030,1.7299469966736067
USA_R251075,USA,"Milwaukee, WI",2031,1.6434496468399264
USA_R251075,USA,"Milwaukee, WI",2032,1.5569522970062462
USA_R251075,USA,"Milwaukee, WI",2033,1.4704549471725659
USA_R251075,USA,"Milwaukee, WI",2034,1.3839575973388856
USA_R251075,USA,"Milwaukee, WI",2035,1.297460247505205
USA_R251075,USA,"Milwaukee, WI",2036,1.2109628976715248
USA_R251075,USA,"Milwaukee, WI",2037,1.1244655478378445
USA_R251075,USA,"Milwaukee, WI",2038,1.0379681980041642
USA_R251075,USA,"Milwaukee, WI",2039,0.9514708481704839
USA_R251075,USA,"Milwaukee, WI",2040,0.8649734983368034
USA_R251075,USA,"Milwaukee, WI",2041,0.7784761485031231
USA_R251075,USA,"Milwaukee, WI",2042,0.6919787986694428
USA_R251075,USA,"Milwaukee, WI",2043,0.6054814488357625
USA_R251075,USA,"Milwaukee, WI",2044,0.518984099002082
USA_R251075,USA,"Milwaukee, WI",2045,0.4324867491684017
USA_R251075,USA,"Milwaukee, WI",2046,0.3459893993347216
USA_R251075,USA,"Milwaukee, WI",2047,0.2594920495010409
USA_R251075,USA,"Milwaukee, WI",2048,0.17299469966736059
USA_R251075,USA,"Milwaukee, WI",2049,0.08649734983368029
USA_R251075,USA,"Milwaukee, WI",2050,0
