iso,year,GHG_self
AFG,2010,29.34482395742619
AFG,2011,33.60129911973728
AFG,2012,31.727755833091063
AFG,2013,30.116828343697076
AFG,2014,30.145337977863285
AFG,2015,29.6224536752759
AFG,2016,28.600054961137968
AFG,2017,29.026339696657203
AFG,2018,29.188761605719414
AFG,2019,29.613579648276804
AFG,2020,30.487554672064576
AFG,2021,30.80793134582012
AFG,2022,30.42644926906576
AFG,2023,30.044967192311404
AFG,2024,29.663486087520575
AFG,2025,29.282004010766215
AFG,2026,29.87795178362184
AFG,2027,30.473900528440993
AFG,2028,31.06984830129662
AFG,2029,31.66579704611577
AFG,2030,32.2617448189714
AGO,2010,32.814988192396555
AGO,2011,32.82514727689329
AGO,2012,33.18383108502187
AGO,2013,33.6146697267979
AGO,2014,36.891945821723844
AGO,2015,35.12977946956908
AGO,2016,35.17190695297734
AGO,2017,35.25270905180902
AGO,2018,32.0681520772762
AGO,2019,32.39691879591857
AGO,2020,29.43836387746129
AGO,2021,29.609064259088896
AGO,2022,30.115960833905234
AGO,2023,30.622857080564568
AGO,2024,31.12975365538091
AGO,2025,31.636649902040247
AGO,2026,31.75090662284973
AGO,2027,31.865163343659212
AGO,2028,31.97941973631169
AGO,2029,32.09367645712117
AGO,2030,32.207933177930656
ALB,2010,8.074683758889893
ALB,2011,8.555347175521485
ALB,2012,8.21234222471707
ALB,2013,8.592673931305528
ALB,2014,9.34345304676893
ALB,2015,8.298452313708689
ALB,2016,8.22386901700612
ALB,2017,9.079017641677526
ALB,2018,8.605903656282203
ALB,2019,8.416963452349266
ALB,2020,7.931496094602529
ALB,2021,7.117073869520056
ALB,2022,7.455370869152053
ALB,2023,7.793668757579817
ALB,2024,8.13196664600758
ALB,2025,8.470264534435342
ALB,2026,8.80856153406734
ALB,2027,9.146859422495105
ALB,2028,9.485157310922867
ALB,2029,9.823455199350631
ALB,2030,10.161753087778393
ALB,2031,9.709502694193786
ALB,2032,9.257252300609181
ALB,2033,8.805001907024574
ALB,2034,8.352751513439966
ALB,2035,7.9005011198553605
ALB,2036,7.448250726270753
ALB,2037,6.996000332686146
ALB,2038,6.5437508278973056
ALB,2039,6.091500434312699
ALB,2040,5.639250040728092
ALB,2041,5.186999647143485
ALB,2042,4.734749253558878
ALB,2043,4.282498859974272
ALB,2044,3.8302484663896643
ALB,2045,3.377998072805058
ALB,2046,2.9257485680162167
ALB,2047,2.47349817443161
ALB,2048,2.0212477808470033
ALB,2049,1.5689973872623966
ALB,2050,1.1167469936777896
AND,2010,0.13733537871308982
AND,2011,0.13146109587847013
AND,2012,0.1299148202396694
AND,2013,0.12593789240902728
AND,2014,0.12252345477867943
AND,2015,0.12250742724244308
AND,2016,0.12297508785333902
AND,2017,0.12221492470612996
AND,2018,0.11880086868378774
AND,2019,0.11688920337959911
AND,2020,0.10365580096046492
AND,2021,0.11407389031808568
AND,2022,0.10935397170048776
AND,2023,0.10463424388689263
AND,2024,0.09991451607329749
AND,2025,0.09519478825970239
AND,2026,0.09047486964210444
AND,2027,0.08575514182850932
AND,2028,0.0810354140149142
AND,2029,0.07631568620131907
AND,2030,0.07159595838772395
AND,2031,0.06975384114256085
AND,2032,0.06791181929939917
AND,2033,0.06606979745623749
AND,2034,0.06422777561307581
AND,2035,0.062385753769914135
AND,2036,0.06054373192675245
AND,2037,0.05870171008359077
AND,2038,0.056859688240429085
AND,2039,0.055017666397267406
AND,2040,0.053175644554105735
AND,2041,0.05133362271094405
AND,2042,0.04949160086778237
AND,2043,0.0476495790246207
AND,2044,0.04580755718145901
AND,2045,0.04396553533829732
AND,2046,0.042123513495135635
AND,2047,0.040281491651973964
AND,2048,0.038439469808812285
AND,2049,0.0365974479656506
AND,2050,0.03475542612248892
ARE,2010,153.33483300319935
ARE,2011,165.49649387011493
ARE,2012,203.19008333631874
ARE,2013,208.74602603546617
ARE,2014,204.9429366253589
ARE,2015,225.52906442370713
ARE,2016,217.08236052816926
ARE,2017,184.43300998431
ARE,2018,180.710858635008
ARE,2019,182.09196973137898
ARE,2020,172.30811098966004
ARE,2021,176.195691138202
ARE,2022,174.69686065842996
ARE,2023,173.1980301786579
ARE,2024,171.69919895079622
ARE,2025,170.20036847102418
ARE,2026,168.70153799125214
ARE,2027,167.2027067633905
ARE,2028,165.70387628361843
ARE,2029,164.2050458038464
ARE,2030,162.70621457598472
ARG,2010,319.1711735121471
ARG,2011,322.3870697090262
ARG,2012,326.7755709535762
ARG,2013,329.49271249002305
ARG,2014,332.2975887323841
ARG,2015,334.25639703044504
ARG,2016,337.11772091313316
ARG,2017,341.24799255615693
ARG,2018,339.0019635894991
ARG,2019,332.38040457729795
ARG,2020,326.5871815808767
ARG,2021,347.5447671625852
ARG,2022,340.2975878666503
ARG,2023,333.05040857071543
ARG,2024,325.80322927478056
ARG,2025,318.55604997884564
ARG,2026,311.3088706829108
ARG,2027,304.0616922703921
ARG,2028,296.8145129744572
ARG,2029,289.5673336785223
ARG,2030,282.3201543825874
ARG,2031,270.34831147830977
ARG,2032,258.37646901574016
ARG,2033,246.40462611146248
ARG,2034,234.43278364889284
ARG,2035,222.46094074461521
ARG,2036,210.48909784033756
ARG,2037,198.51725537776795
ARG,2038,186.5454124734903
ARG,2039,174.57357001092066
ARG,2040,162.60172710664298
ARG,2041,150.6298842023653
ARG,2042,138.6580417397957
ARG,2043,126.68619883551803
ARG,2044,114.71435637294843
ARG,2045,102.74251346867074
ARG,2046,90.77067056439307
ARG,2047,78.79882810182346
ARG,2048,66.8269851975458
ARG,2049,54.85514273497619
ARG,2050,42.88329983069851
ARM,2010,7.233152920451797
ARM,2011,7.975476266956319
ARM,2012,8.997370893425776
ARM,2013,8.878110703749979
ARM,2014,8.953273802839115
ARM,2015,8.688898328048232
ARM,2016,9.321771603381622
ARM,2017,9.350546557872358
ARM,2018,10.576898757758496
ARM,2019,10.200486752395998
ARM,2020,10.031160573539104
ARM,2021,10.602449899100039
ARM,2022,11.070884007554316
ARM,2023,11.539318116008593
ARM,2024,12.007753174319424
ARM,2025,12.476187282773699
ARM,2026,12.883470576044806
ARM,2027,13.29075386931591
ARM,2028,13.698037162587017
ARM,2029,14.105320455858122
ARM,2030,14.512603749129228
ARM,2031,14.0382586833304
ARM,2032,13.563913617531574
ARM,2033,13.08956760187619
ARM,2034,12.615222536077363
ARM,2035,12.140877470278536
ARM,2036,11.666531454623154
ARM,2037,11.192186388824325
ARM,2038,10.717841323025498
ARM,2039,10.243495307370114
ARM,2040,9.769150241571289
ARM,2041,9.29480517577246
ARM,2042,8.820459160117078
ARM,2043,8.346114094318251
ARM,2044,7.871769028519424
ARM,2045,7.397423012864041
ARM,2046,6.923077947065214
ARM,2047,6.448732881266387
ARM,2048,5.974386865611003
ARM,2049,5.500041799812176
ARM,2050,5.025696734013349
ATG,2010,0.20929939924439023
ATG,2011,0.20643710628028264
ATG,2012,0.21283666290747794
ATG,2013,0.21477478241453832
ATG,2014,0.2154069155691571
ATG,2015,0.22255966797634014
ATG,2016,0.2276845282834969
ATG,2017,0.22586151139563346
ATG,2018,0.23209158034731223
ATG,2019,0.23862151210952026
ATG,2020,0.21477217491183806
ATG,2021,0.2365008674134421
ATG,2022,0.242642653773698
ATG,2023,0.2487844401339539
ATG,2024,0.2549262264942098
ATG,2025,0.26106764035408
ATG,2026,0.26720942671433584
ATG,2027,0.27335121307459176
ATG,2028,0.2794929994348477
ATG,2029,0.2856347857951036
ATG,2030,0.29177619965497376
AUS,2010,535.1083917149366
AUS,2011,624.8945234244773
AUS,2012,618.6291026896164
AUS,2013,532.0588935692535
AUS,2014,542.7332487672038
AUS,2015,543.4116523071453
AUS,2016,518.3391192213466
AUS,2017,551.889606990496
AUS,2018,543.7742159203348
AUS,2019,528.1639834605157
AUS,2020,478.89305236482977
AUS,2021,474.90541001455557
AUS,2022,458.5484980244117
AUS,2023,442.191586920428
AUS,2024,425.834674930284
AUS,2025,409.4777638263003
AUS,2026,393.12085272231667
AUS,2027,376.7639407321727
AUS,2028,360.4070296281891
AUS,2029,344.05011763804515
AUS,2030,327.69320653406146
AUS,2031,312.0069760832594
AUS,2032,296.3207451893772
AUS,2033,280.6345147385751
AUS,2034,264.948283844693
AUS,2035,249.262053393891
AUS,2036,233.5758225000088
AUS,2037,217.88959204920667
AUS,2038,202.2033611553245
AUS,2039,186.51713070452246
AUS,2040,170.83089981064032
AUS,2041,155.14466935983825
AUS,2042,139.45843846595605
AUS,2043,123.77220801515402
AUS,2044,108.08597712127184
AUS,2045,92.3997466704698
AUS,2046,76.7135157765876
AUS,2047,61.02728532578556
AUS,2048,45.34105443190339
AUS,2049,29.654823981101334
AUS,2050,13.968593087219151
AUT,2010,92.59758216088393
AUT,2011,89.73846738297898
AUT,2012,86.52331039765998
AUT,2013,87.28719461270867
AUT,2014,83.58434478229718
AUT,2015,85.8349078331659
AUT,2016,86.40623312591703
AUT,2017,89.28306825529923
AUT,2018,86.45299670376077
AUT,2019,87.72251680904043
AUT,2020,79.42723124822528
AUT,2021,82.43051769332617
AUT,2022,79.41209435232066
AUT,2023,76.39367101131519
AUT,2024,73.37524871581985
AUT,2025,70.35682537481436
AUT,2026,67.33840307931904
AUT,2027,64.31997973831353
AUT,2028,61.301556397308055
AUT,2029,58.28313410181271
AUT,2030,55.264710760807226
AUT,2031,52.501518402335925
AUT,2032,49.738326043864625
AUT,2033,46.97513473090347
AUT,2034,44.21194237243217
AUT,2035,41.44875001396087
AUT,2036,38.685557655489575
AUT,2037,35.92236634252842
AUT,2038,33.15917398405711
AUT,2039,30.39598162558581
AUT,2040,27.632789267114514
AUT,2041,24.86959795415336
AUT,2042,22.10640559568206
AUT,2043,19.343213237210758
AUT,2044,16.580020878739457
AUT,2045,13.816828520268157
AUT,2046,11.053637207307004
AUT,2047,8.290444848835701
AUT,2048,5.527252490364401
AUT,2049,2.764060131893101
AUT,2050,8.688189319473062e-4
AZE,2010,33.34506822360584
AZE,2011,34.3356500273822
AZE,2012,35.73894438162689
AZE,2013,35.20191372277693
AZE,2014,36.7915278326964
AZE,2015,37.37969874231677
AZE,2016,37.24596122565204
AZE,2017,36.7554640209954
AZE,2018,38.35217330292908
AZE,2019,40.41641312933967
AZE,2020,37.07039194432772
AZE,2021,38.2795853204537
AZE,2022,38.64953128240586
AZE,2023,39.019477885526655
AZE,2024,39.38942448864746
AZE,2025,39.75937109176825
AZE,2026,40.129317694889046
AZE,2027,40.499264298009834
AZE,2028,40.86921090113063
AZE,2029,41.2391568630828
AZE,2030,41.60910346620359
BDI,2010,4.506207041293359
BDI,2011,4.76277051090555
BDI,2012,4.494753080528107
BDI,2013,5.17205877143537
BDI,2014,5.1560519222211845
BDI,2015,5.191312191156293
BDI,2016,5.591944805881032
BDI,2017,6.200992805432451
BDI,2018,6.350533856641709
BDI,2019,5.999302191577411
BDI,2020,5.829818457411397
BDI,2021,5.9879420081231585
BDI,2022,6.176998942640597
BDI,2023,6.366056814931147
BDI,2024,6.555113749448585
BDI,2025,6.744170683966025
BDI,2026,6.817627389443577
BDI,2027,6.89108409492113
BDI,2028,6.964540800398682
BDI,2029,7.037997505876235
BDI,2030,7.111454211353787
BEL,2010,141.38940448309745
BEL,2011,132.46354392843077
BEL,2012,127.53367367369123
BEL,2013,130.13167601544302
BEL,2014,126.34977384837605
BEL,2015,130.09309724512974
BEL,2016,127.62362062154233
BEL,2017,128.0440957388264
BEL,2018,132.97699144473734
BEL,2019,129.22725105656494
BEL,2020,115.05602449185325
BEL,2021,123.55750244998
BEL,2022,118.12271379566883
BEL,2023,112.68792514135762
BEL,2024,107.25313648704645
BEL,2025,101.81834783273526
BEL,2026,96.38355917842406
BEL,2027,90.94877052411287
BEL,2028,85.51398186980168
BEL,2029,80.0791922670732
BEL,2030,74.64440361276202
BEL,2031,70.91225067491013
BEL,2032,67.18009773705825
BEL,2033,63.44794479920638
BEL,2034,59.715791861354504
BEL,2035,55.98363987191992
BEL,2036,52.25148693406805
BEL,2037,48.51933399621617
BEL,2038,44.78718105836429
BEL,2039,41.05502812051241
BEL,2040,37.32287518266053
BEL,2041,33.59072224480866
BEL,2042,29.858569306956785
BEL,2043,26.126416369104902
BEL,2044,22.394263431253027
BEL,2045,18.66211049340115
BEL,2046,14.929957555549274
BEL,2047,11.197804617697395
BEL,2048,7.465651679845519
BEL,2049,3.733498741993641
BEL,2050,0.001345804141763723
BEN,2010,10.52362072261573
BEN,2011,10.619023271815255
BEN,2012,10.532144175943841
BEN,2013,11.227313326132373
BEN,2014,11.544462045080056
BEN,2015,12.305926380317134
BEN,2016,13.35966393207689
BEN,2017,14.016518357704292
BEN,2018,14.571795160435103
BEN,2019,15.196911120866654
BEN,2020,15.227057784862826
BEN,2021,16.014640003949044
BEN,2022,17.044664794873057
BEN,2023,18.074688590299136
BEN,2024,19.104712385725215
BEN,2025,20.134737176649228
BEN,2026,21.372539310283315
BEN,2027,22.610341443917402
BEN,2028,23.848143577551486
BEN,2029,25.08594670668351
BEN,2030,26.3237488403176
BFA,2010,23.019379769254098
BFA,2011,23.454373359437398
BFA,2012,24.163103652889973
BFA,2013,25.03948860660543
BFA,2014,25.56138651606544
BFA,2015,26.62981548618197
BFA,2016,27.983699739543148
BFA,2017,28.91395026740857
BFA,2018,29.120417593472528
BFA,2019,29.76064065467617
BFA,2020,30.529521017115606
BFA,2021,31.384687592168707
BFA,2022,33.796810674723574
BFA,2023,36.20893293641966
BFA,2024,38.62105601897453
BFA,2025,41.03317910152939
BFA,2026,43.67978624124517
BFA,2027,46.32639338096094
BFA,2028,48.97300052067671
BFA,2029,51.619607660392475
BFA,2030,54.26621480010825
BFA,2031,57.33618929664494
BFA,2032,60.40616379318165
BFA,2033,63.476138289718314
BFA,2034,66.54611278625502
BFA,2035,69.61608728279172
BFA,2036,72.68606177932841
BFA,2037,75.7560362758651
BFA,2038,78.8260107724018
BFA,2039,81.89598526893849
BFA,2040,84.96595976547519
BFA,2041,88.03593467244126
BFA,2042,91.10590875854855
BFA,2043,94.17588325508525
BFA,2044,97.24585775162193
BFA,2045,100.31583265858804
BFA,2046,103.38580674469533
BFA,2047,106.45578124123205
BFA,2048,109.52575573776872
BFA,2049,112.5957306447348
BFA,2050,115.66570514127149
BGD,2010,196.6447711965713
BGD,2011,201.30839334905588
BGD,2012,206.4160388798952
BGD,2013,208.73410862250333
BGD,2014,215.79713135542386
BGD,2015,225.51448910451552
BGD,2016,228.28072797657123
BGD,2017,236.9417925569852
BGD,2018,244.65171066208256
BGD,2019,256.1632944386515
BGD,2020,256.0741033607747
BGD,2021,270.7441816777535
BGD,2022,277.691490711391
BGD,2023,284.6388008286016
BGD,2024,291.5861098622391
BGD,2025,298.5334199794498
BGD,2026,310.2860738725607
BGD,2027,322.0387277656715
BGD,2028,333.7913816587825
BGD,2029,345.5440344683202
BGD,2030,357.2966883614311
BGR,2010,62.602025503725024
BGR,2011,69.43662338209363
BGR,2012,63.79085869541535
BGR,2013,59.71502355927385
BGR,2014,63.237062780808635
BGR,2015,66.8206778466855
BGR,2016,64.49631748541167
BGR,2017,68.91891348947112
BGR,2018,67.16931883721197
BGR,2019,66.52650606696139
BGR,2020,54.370076399772486
BGR,2021,65.30449743775863
BGR,2022,62.42636206374141
BGR,2023,59.5482266897242
BGR,2024,56.67009131570699
BGR,2025,53.79195594168978
BGR,2026,50.913820567672566
BGR,2027,48.035685193655354
BGR,2028,45.15754981963815
BGR,2029,42.279413400527766
BGR,2030,39.40127802651056
BGR,2031,37.43126799973782
BGR,2032,35.461257972965086
BGR,2033,33.49124794619234
BGR,2034,31.521237919419605
BGR,2035,29.551227892646867
BGR,2036,27.58121786587413
BGR,2037,25.611207839101393
BGR,2038,23.641197812328656
BGR,2039,21.67118778555592
BGR,2040,19.70117775878318
BGR,2041,17.731167732010444
BGR,2042,15.761157705237704
BGR,2043,13.791147678464966
BGR,2044,11.821137651692226
BGR,2045,9.851127624919489
BGR,2046,7.881116553053584
BGR,2047,5.911106526280847
BGR,2048,3.941096499508108
BGR,2049,1.9710864727353703
BGR,2050,0.0010764459626324968
BHR,2010,NA
BHR,2011,NA
BHR,2012,NA
BHR,2013,NA
BHR,2014,NA
BHR,2015,NA
BHR,2016,NA
BHR,2017,NA
BHR,2018,NA
BHR,2019,NA
BHR,2020,NA
BHR,2021,NA
BHS,2010,1.1670375610367245
BHS,2011,0.9374344507922673
BHS,2012,0.9847570229086736
BHS,2013,1.3921912242495607
BHS,2014,1.1736439502882545
BHS,2015,1.0388236260492703
BHS,2016,0.9411191751050896
BHS,2017,1.0174267758612254
BHS,2018,1.0415527588407216
BHS,2019,1.0756916609860507
BHS,2020,0.9701611733002707
BHS,2021,1.0677824570102155
BHS,2022,1.1002592619793399
BHS,2023,1.1327364827846353
BHS,2024,1.165213703589931
BHS,2025,1.1976905085590555
BHS,2026,1.2301677293643511
BHS,2027,1.2626445343334753
BHS,2028,1.295121755138771
BHS,2029,1.3275989759440667
BHS,2030,1.3600757809131911
BIH,2010,28.173849467208125
BIH,2011,31.10595958241259
BIH,2012,29.423301702880867
BIH,2013,29.062555957624745
BIH,2014,27.39665915652572
BIH,2015,26.740976622920165
BIH,2016,30.067508447558918
BIH,2017,30.35945040179947
BIH,2018,30.398773151651017
BIH,2019,30.350647137389146
BIH,2020,29.629354518752624
BIH,2021,25.826153258931896
BIH,2022,25.431980384258377
BIH,2023,25.037807509584862
BIH,2024,24.643634634911347
BIH,2025,24.24946176023783
BIH,2026,23.855289865228723
BIH,2027,23.461116990555208
BIH,2028,23.066944115881693
BIH,2029,22.672771241208174
BIH,2030,22.27859836653466
BIH,2031,21.956759503586998
BIH,2032,21.634920640639336
BIH,2033,21.31308128785946
BIH,2034,20.9912424249118
BIH,2035,20.669403561964142
BIH,2036,20.347564209184277
BIH,2037,20.02572534623662
BIH,2038,19.703886483288954
BIH,2039,19.382047130509086
BIH,2040,19.060208267561425
BIH,2041,18.738369404613767
BIH,2042,18.416530541666102
BIH,2043,18.094691188886234
BIH,2044,17.772852325938572
BIH,2045,17.45101346299091
BIH,2046,17.12917411021104
BIH,2047,16.807335247263374
BIH,2048,16.485496384315717
BIH,2049,16.163657031535852
BIH,2050,15.841818168588189
BLR,2010,93.35536158508074
BLR,2011,107.53730941616656
BLR,2012,107.53551747698027
BLR,2013,107.68572668124422
BLR,2014,107.17953228903485
BLR,2015,103.17808503292807
BLR,2016,101.9450975556178
BLR,2017,103.64804363081498
BLR,2018,108.45505577573886
BLR,2019,106.88072937053921
BLR,2020,100.84398915628893
BLR,2021,102.63655473708171
BLR,2022,102.54336311639045
BLR,2023,102.4501714956992
BLR,2024,102.35698085528102
BLR,2025,102.26378923458978
BLR,2026,102.17059761389854
BLR,2027,102.07740697348036
BLR,2028,101.98421535278911
BLR,2029,101.89102373209786
BLR,2030,101.79783309167968
BLZ,2010,0.771593314042014
BLZ,2011,0.8085280357468071
BLZ,2012,0.6500355462973659
BLZ,2013,0.6868737650050751
BLZ,2014,0.6710213473050028
BLZ,2015,0.924485748974112
BLZ,2016,0.8769284958738952
BLZ,2017,0.8874141946615134
BLZ,2018,0.8525406041332425
BLZ,2019,0.941437148566348
BLZ,2020,0.7983793772773624
BLZ,2021,0.9190945442265769
BLZ,2022,0.9850579435914878
BLZ,2023,1.0510213429563986
BLZ,2024,1.1169847423213097
BLZ,2025,1.1829495820294604
BLZ,2026,1.2395579520501983
BLZ,2027,1.296167762414176
BLZ,2028,1.352777572778154
BLZ,2029,1.4093859427988915
BLZ,2030,1.4659957531628698
BOL,2010,44.29474953932116
BOL,2011,45.588610719058345
BOL,2012,48.13634178553339
BOL,2013,49.642559831197126
BOL,2014,51.05937521356484
BOL,2015,52.454194856356764
BOL,2016,54.39933293126008
BOL,2017,55.79941878125095
BOL,2018,56.45388296696865
BOL,2019,58.01042656021356
BOL,2020,60.70749086402482
BOL,2021,61.18305636785938
BOL,2022,64.45383869556541
BOL,2023,67.72462102327142
BOL,2024,70.99540291062232
BOL,2025,74.26618523832833
BOL,2026,77.53696756603436
BOL,2027,80.80774945338523
BOL,2028,84.07853178109126
BOL,2029,87.34931410879729
BOL,2030,90.62009599614817
BRA,2010,1079.7375226182858
BRA,2011,1092.6505043454613
BRA,2012,1123.1035055067957
BRA,2013,1159.140856210821
BRA,2014,1200.4276557357007
BRA,2015,1179.3302005472458
BRA,2016,1168.6323056672825
BRA,2017,1180.8079057673683
BRA,2018,1157.2478485486715
BRA,2019,1167.004685885438
BRA,2020,1145.818269270041
BRA,2021,1218.2750990574095
BRA,2022,1225.8388315689579
BRA,2023,1233.4025640805064
BRA,2024,1240.9662970541917
BRA,2025,1248.5300300278777
BRA,2026,1196.1274313481053
BRA,2027,1143.7248331304706
BRA,2028,1091.3222344506987
BRA,2029,1038.9196357709266
BRA,2030,986.5170375532917
BRA,2031,937.1911899272903
BRA,2032,887.8653427634259
BRA,2033,838.5394955995617
BRA,2034,789.2136479735601
BRA,2035,739.887801271833
BRA,2036,690.5619541079685
BRA,2037,641.2361064819671
BRA,2038,591.9102593181028
BRA,2039,542.5844121542384
BRA,2040,493.25856452823695
BRA,2041,443.9327178265099
BRA,2042,394.6068706626456
BRA,2043,345.281023036644
BRA,2044,295.95517587277965
BRA,2045,246.6293287089154
BRA,2046,197.30348108291378
BRA,2047,147.9776343811868
BRA,2048,98.65178721732246
BRA,2049,49.325939591320875
BRA,2050,9.242745656340514e-5
BRB,2010,0.3758320556390987
BRB,2011,0.3906496967836667
BRB,2012,0.37796819140680354
BRB,2013,0.37226044687972804
BRB,2014,0.3317722546036477
BRB,2015,0.33289741273806067
BRB,2016,0.3378093085012466
BRB,2017,0.3121714108588398
BRB,2018,0.3208019627931207
BRB,2019,0.3297349329892496
BRB,2020,0.2990630624871311
BRB,2021,0.3267254764540906
BRB,2022,0.3252095435578964
BRB,2023,0.3236938240831997
BRB,2024,0.3221781046085029
BRB,2025,0.3206623851338061
BRB,2026,0.31078609191906836
BRB,2027,0.30090979870433066
BRB,2028,0.2910335054895929
BRB,2029,0.2811572122748552
BRB,2030,0.2712809190601175
BRN,2010,7.013841025019237
BRN,2011,7.983972542357565
BRN,2012,7.834490787222174
BRN,2013,6.807944446927918
BRN,2014,7.289325576998173
BRN,2015,6.27704625008163
BRN,2016,6.534575923804515
BRN,2017,7.467030676064086
BRN,2018,7.774372664824493
BRN,2019,8.09240682291962
BRN,2020,6.618343780469913
BRN,2021,7.254015776902755
BRN,2022,7.181366282678041
BRN,2023,7.1087172863424675
BRN,2024,7.036067792117751
BRN,2025,6.963418795782178
BRN,2026,6.890769301557461
BRN,2027,6.818119807332747
BRN,2028,6.7454708109971735
BRN,2029,6.672821316772457
BRN,2030,6.600172320436884
BTN,2010,2.0668640060551198
BTN,2011,2.276930812429181
BTN,2012,2.336852247550234
BTN,2013,2.4275893513411093
BTN,2014,2.494858638161864
BTN,2015,2.5882955357206856
BTN,2016,2.8029138732883556
BTN,2017,2.9189518171074127
BTN,2018,3.115339405732753
BTN,2019,3.360168642406757
BTN,2020,3.2288558347594187
BTN,2021,3.432745914858838
BTN,2022,3.545016360990046
BTN,2023,3.657285822154537
BTN,2024,3.7695562682857444
BTN,2025,3.8818257294502363
BTN,2026,3.9940961755814426
BTN,2027,4.106366621712651
BTN,2028,4.2186360828771425
BTN,2029,4.33090652900835
BTN,2030,4.443175990172841
BWA,2010,10.605650822317658
BWA,2011,12.348178447956567
BWA,2012,7.291128942564241
BWA,2013,7.075961306041228
BWA,2014,6.337029613496758
BWA,2015,5.470057405722866
BWA,2016,5.488090102039439
BWA,2017,7.282835724537299
BWA,2018,6.247163524094552
BWA,2019,5.398677269771045
BWA,2020,6.607648172761736
BWA,2021,6.660538192697656
BWA,2022,6.589742203439719
BWA,2023,6.518946676689061
BWA,2024,6.448150687431124
BWA,2025,6.377355160680466
BWA,2026,6.513044158789343
BWA,2027,6.648733156898221
BWA,2028,6.784422155007098
BWA,2029,6.920111153115975
BWA,2030,7.055800151224853
CAF,2010,10.821111239823486
CAF,2011,11.534352517349642
CAF,2012,9.999377564339712
CAF,2013,10.643159310285697
CAF,2014,10.392448455472872
CAF,2015,10.56506235468299
CAF,2016,11.478517452244157
CAF,2017,10.551744195111937
CAF,2018,10.84763935564814
CAF,2019,9.967791885492826
CAF,2020,10.574392602932202
CAF,2021,10.460127208077253
CAF,2022,9.57635750224552
CAF,2023,8.692587796413783
CAF,2024,7.808818090582046
CAF,2025,6.925048923075273
CAF,2026,7.215142555491135
CAF,2027,7.5052361879069975
CAF,2028,7.7953303586478215
CAF,2029,8.085423991063683
CAF,2030,8.375517623479546
CAF,2031,8.617227415757698
CAF,2032,8.85893747719833
CAF,2033,9.100647538638965
CAF,2034,9.342357330917118
CAF,2035,9.58406739235775
CAF,2036,9.825777184635903
CAF,2037,10.067486976914056
CAF,2038,10.309196769192207
CAF,2039,10.550906830632844
CAF,2040,10.792616622910995
CAF,2041,11.034326415189147
CAF,2042,11.2760362074673
CAF,2043,11.517746538070414
CAF,2044,11.759456330348568
CAF,2045,12.00116612262672
CAF,2046,12.242875914904872
CAF,2047,12.484585976345507
CAF,2048,12.726295768623658
CAF,2049,12.96800556090181
CAF,2050,13.209715622342445
CAN,2010,673.8684001034418
CAN,2011,676.5954562730515
CAN,2012,680.810848501127
CAN,2013,686.9874751301646
CAN,2014,708.8056294680769
CAN,2015,718.9218054470701
CAN,2016,715.2577013064183
CAN,2017,736.3528610781644
CAN,2018,751.8022561552269
CAN,2019,746.0589425315513
CAN,2020,695.7245270105126
CAN,2021,707.8825210377518
CAN,2022,676.1812568255009
CAN,2023,644.4799930935263
CAN,2024,612.7787288812755
CAN,2025,581.0774646690245
CAN,2026,549.3762004567737
CAN,2027,517.6749367247992
CAN,2028,485.97367251254826
CAN,2029,454.2724087805737
CAN,2030,422.5711445683228
CAN,2031,407.94673746374013
CAN,2032,393.3223303591574
CAN,2033,378.6979232545746
CAN,2034,364.0735156697155
CAN,2035,349.4491085651328
CAN,2036,334.82470146055005
CAN,2037,320.20029435596734
CAN,2038,305.57588677110823
CAN,2039,290.9514801468018
CAN,2040,276.3270725619428
CAN,2041,261.70266545736007
CAN,2042,247.07825787250098
CAN,2043,232.45385124819464
CAN,2044,217.8294436633355
CAN,2045,203.2050365587528
CAN,2046,188.58062945417007
CAN,2047,173.95622234958734
CAN,2048,159.33181476472825
CAN,2049,144.70740766014555
CAN,2050,130.08300055556276
CHE,2010,55.736678540340925
CHE,2011,53.341005453840005
CHE,2012,54.264672613225386
CHE,2013,57.10707594908995
CHE,2014,51.94520704068227
CHE,2015,52.07543233624153
CHE,2016,50.457187510255785
CHE,2017,50.895666793270415
CHE,2018,49.24492780975115
CHE,2019,49.78195848913988
CHE,2020,44.4503681143311
CHE,2021,45.45284871131594
CHE,2022,43.950307570129816
CHE,2023,42.447767554126614
CHE,2024,40.945226412940485
CHE,2025,39.44268639693729
CHE,2026,37.6222540765899
CHE,2027,35.80182288142544
CHE,2028,33.98139056107806
CHE,2029,32.1609593659136
CHE,2030,30.34052817074913
CHE,2031,28.825170070926482
CHE,2032,27.309812533695297
CHE,2033,25.794454996464104
CHE,2034,24.279096896641455
CHE,2035,22.763739359410266
CHE,2036,21.24838182217908
CHE,2037,19.733023722356428
CHE,2038,18.217666185125243
CHE,2039,16.702308647894053
CHE,2040,15.186951110662864
CHE,2041,13.671593573431677
CHE,2042,12.156235473609025
CHE,2043,10.640877936377835
CHE,2044,9.125520399146648
CHE,2045,7.61016286191546
CHE,2046,6.094805324684271
CHE,2047,4.579447224861622
CHE,2048,3.0640896876304327
CHE,2049,1.5487321503992444
CHE,2050,0.03337461316805554
CHL,2010,83.72770737405125
CHL,2011,90.01900425234504
CHL,2012,92.34642762184791
CHL,2013,93.2091007983315
CHL,2014,89.25998530531773
CHL,2015,92.30129721766876
CHL,2016,94.73013155999244
CHL,2017,95.07054655103393
CHL,2018,96.65080374889264
CHL,2019,97.71882811100994
CHL,2020,90.37330895315066
CHL,2021,92.3272723132342
CHL,2022,90.47735830167343
CHL,2023,88.62744429011263
CHL,2024,86.77753027855185
CHL,2025,84.92761626699107
CHL,2026,83.07770305204129
CHL,2027,81.22778904048052
CHL,2028,79.37787502891973
CHL,2029,77.52796101735895
CHL,2030,75.67804700579816
CHL,2031,73.1886395563455
CHL,2032,70.69923210689285
CHL,2033,68.20982465744021
CHL,2034,65.72041720798755
CHL,2035,63.23100975853491
CHL,2036,60.741602309082246
CHL,2037,58.25219485962961
CHL,2038,55.762787410176955
CHL,2039,53.273379960724306
CHL,2040,50.78397251127166
CHL,2041,48.29456506181901
CHL,2042,45.80515761236636
CHL,2043,43.31575016291371
CHL,2044,40.82634271346106
CHL,2045,38.33693526400841
CHL,2046,35.847527814555754
CHL,2047,33.35812036510311
CHL,2048,30.868712915650462
CHL,2049,28.37930546619781
CHL,2050,25.88989801674516
CHN,2010,10498.658214145626
CHN,2011,11930.57189405936
CHN,2012,12194.833515394519
CHN,2013,12347.983177359696
CHN,2014,12419.758086733831
CHN,2015,12365.404934471597
CHN,2016,12207.880901667126
CHN,2017,12436.353322298019
CHN,2018,12736.837423902023
CHN,2019,12874.280678414842
CHN,2020,12974.42104267725
CHN,2021,13479.687881508913
CHN,2022,13551.79523522731
CHN,2023,13623.902590093176
CHN,2024,13696.00994381157
CHN,2025,13768.117298677435
CHN,2026,13840.22465239583
CHN,2027,13912.332007261699
CHN,2028,13984.439361553828
CHN,2029,14056.546715272225
CHN,2030,14128.654070138093
CHN,2031,13640.814766511914
CHN,2032,13152.975464033205
CHN,2033,12665.136161554501
CHN,2034,12177.296857928326
CHN,2035,11689.457555449617
CHN,2036,11201.618252397175
CHN,2037,10713.778949344733
CHN,2038,10225.939646292289
CHN,2039,9738.100343813585
CHN,2040,9250.26104133488
CHN,2041,8762.4217377087
CHN,2042,8274.582435229995
CHN,2043,7786.743132177552
CHN,2044,7298.903829125111
CHN,2045,6811.064526646404
CHN,2046,6323.225223593961
CHN,2047,5835.38592054152
CHN,2048,5347.546617489079
CHN,2049,4859.707315010372
CHN,2050,4371.868011384195
CIV,2010,16.56180192646711
CIV,2011,17.715673355421934
CIV,2012,19.681931802025947
CIV,2013,21.15386853576216
CIV,2014,20.941877162658827
CIV,2015,20.905383182116356
CIV,2016,24.16392830826044
CIV,2017,23.44667526843456
CIV,2018,23.594238772878995
CIV,2019,23.957166884764398
CIV,2020,24.371694444538807
CIV,2021,24.617334245955377
CIV,2022,25.552108737140927
CIV,2023,26.48688322832648
CIV,2024,27.421657719512034
CIV,2025,28.356432210697587
CIV,2026,29.2912074578747
CIV,2027,30.22598194906025
CIV,2028,31.1607564402458
CIV,2029,32.095530931431355
CIV,2030,33.03030542261691
CMR,2010,21.797348645170306
CMR,2011,21.317318439469712
CMR,2012,21.397338100690753
CMR,2013,21.673196251069708
CMR,2014,23.523871110093545
CMR,2015,25.816928962934973
CMR,2016,26.531780235419056
CMR,2017,24.943111711631694
CMR,2018,25.136115310868025
CMR,2019,25.645853773913952
CMR,2020,24.90222615890063
CMR,2021,24.675213351284246
CMR,2022,26.73602805617289
CMR,2023,28.796842761061534
CMR,2024,30.85765746595018
CMR,2025,32.91847280221742
CMR,2026,34.979287507106065
CMR,2027,37.040102211994714
CMR,2028,39.10091691688336
CMR,2029,41.161732253150596
CMR,2030,43.222546958039246
COD,2010,30.682508005704687
COD,2011,32.56615841072636
COD,2012,36.40209677819763
COD,2013,39.96264260553406
COD,2014,43.55685249961734
COD,2015,46.68219604419963
COD,2016,50.03039149355685
COD,2017,53.90690982127049
COD,2018,56.998383317330074
COD,2019,57.160737488595544
COD,2020,57.31978044744282
COD,2021,57.40905117720879
COD,2022,59.109576695957266
COD,2023,60.81010243619153
COD,2024,62.51062795494001
COD,2025,64.21115369517427
COD,2026,65.91167921392277
COD,2027,67.61220495415702
COD,2028,69.31273047290551
COD,2029,71.01325621313977
COD,2030,72.71378173188826
COG,2010,8.53745199414935
COG,2011,8.548134260812137
COG,2012,8.526987399756818
COG,2013,9.107071755922496
COG,2014,8.522221737489911
COG,2015,9.207783273562955
COG,2016,9.405858237237007
COG,2017,9.428790010908422
COG,2018,9.725592953660227
COG,2019,9.901775528753333
COG,2020,9.556964966796677
COG,2021,9.439262768011089
COG,2022,10.059322636609188
COG,2023,10.6793811447556
COG,2024,11.29943965290201
COG,2025,11.91949952150011
COG,2026,12.53955802964652
COG,2027,13.159617898244619
COG,2028,13.77967640639103
COG,2029,14.39973627498913
COG,2030,15.019794783135541
COK,2010,NA
COK,2011,NA
COK,2012,NA
COK,2013,NA
COK,2014,NA
COK,2015,NA
COK,2016,NA
COK,2017,NA
COK,2018,NA
COK,2019,NA
COK,2020,NA
COK,2021,NA
COK,2022,NA
COK,2023,NA
COK,2024,NA
COK,2025,NA
COK,2026,NA
COK,2027,NA
COK,2028,NA
COK,2029,NA
COK,2030,NA
COL,2010,164.55013072436984
COL,2011,161.8990391545698
COL,2012,162.68880425864475
COL,2013,172.76304695399466
COL,2014,174.77411287704203
COL,2015,168.14243805172472
COL,2016,183.51217846942805
COL,2017,177.98306240712685
COL,2018,184.08959054064468
COL,2019,193.69393983948376
COL,2020,182.51641009888215
COL,2021,190.55955910970354
COL,2022,184.2289355051778
COL,2023,177.89831101033147
COL,2024,171.56768740580577
COL,2025,165.23706380128004
COL,2026,158.90644019675432
COL,2027,152.575815701908
COL,2028,146.24519209738227
COL,2029,139.91456849285655
COL,2030,133.58394399801023
COL,2031,128.49853700391753
COL,2032,123.41312911950423
COL,2033,118.32772168025124
COL,2034,113.24231424099824
COL,2035,108.15690635658493
COL,2036,103.07149891733192
COL,2037,97.98609103291864
COL,2038,92.90068403882591
COL,2039,87.81527615441264
COL,2040,82.72986826999936
COL,2041,77.64446083074635
COL,2042,72.55905339149335
COL,2043,67.47364550708005
COL,2044,62.388238067827054
COL,2045,57.30283062857405
COL,2046,52.21742318932104
COL,2047,47.13201530490775
COL,2048,42.04660742049446
COL,2049,36.96120042640176
COL,2050,31.875792541988464
COM,2010,0.3116955795817435
COM,2011,0.2937003423627535
COM,2012,0.3041102738475195
COM,2013,0.3328415849059772
COM,2014,0.3174654704742349
COM,2015,0.3328607208094418
COM,2016,0.36562887550313644
COM,2017,0.400426267959886
COM,2018,0.41982425010241464
COM,2019,0.44433401445741144
COM,2020,0.4166634980475372
COM,2021,0.43151545512350886
COM,2022,0.44547884068207877
COM,2023,0.45944222624064873
COM,2024,0.47340561179921864
COM,2025,0.48736816536198574
COM,2026,0.5013315509205557
COM,2027,0.5152949364791256
COM,2028,0.5292583220376955
COM,2029,0.5432217075962654
COM,2030,0.5571850931548354
CPV,2010,0.8194234756271179
CPV,2011,0.8830857983778815
CPV,2012,0.7701032336980479
CPV,2013,0.7669235835298872
CPV,2014,0.7635631001768076
CPV,2015,0.7711952652091981
CPV,2016,0.8251297672401201
CPV,2017,0.8490610300065508
CPV,2018,1.0221987582785228
CPV,2019,1.0409692428731236
CPV,2020,1.0584467701955533
CPV,2021,1.1233387586037666
CPV,2022,1.0990518572403285
CPV,2023,1.0747639512480853
CPV,2024,1.050476045255842
CPV,2025,1.0261881392635988
CPV,2026,1.0019002332713556
CPV,2027,0.9776123272791123
CPV,2028,0.9533254259156742
CPV,2029,0.929037519923431
CPV,2030,0.9047496139311878
CRI,2010,13.047794463964825
CRI,2011,13.195492500714533
CRI,2012,13.043121088544662
CRI,2013,13.495929475805132
CRI,2014,13.650156562750656
CRI,2015,13.439174697942963
CRI,2016,14.244297281529915
CRI,2017,14.763780804230079
CRI,2018,15.320164144436932
CRI,2019,16.21396405036346
CRI,2020,14.599934408276058
CRI,2021,15.817945579126215
CRI,2022,15.408699014772239
CRI,2023,14.99945245041826
CRI,2024,14.590205886064282
CRI,2025,14.180959321710306
CRI,2026,13.771712757356328
CRI,2027,13.36246619300235
CRI,2028,12.95321962864837
CRI,2029,12.543973064294391
CRI,2030,12.134726499940415
CRI,2031,11.702173363167434
CRI,2032,11.269620226394453
CRI,2033,10.837067089621476
CRI,2034,10.404513952848495
CRI,2035,9.971960816075514
CRI,2036,9.539407679302535
CRI,2037,9.106854542529552
CRI,2038,8.674301405756573
CRI,2039,8.241748268983592
CRI,2040,7.809195132210612
CRI,2041,7.376641995437631
CRI,2042,6.944088858664651
CRI,2043,6.51153572189167
CRI,2044,6.07898258511869
CRI,2045,5.646429448345709
CRI,2046,5.213876311572729
CRI,2047,4.7813231747997484
CRI,2048,4.348770038026769
CRI,2049,3.9162169012537884
CRI,2050,3.483663764480809
CUB,2010,37.52087001441382
CUB,2011,33.86281539071567
CUB,2012,34.033088480144286
CUB,2013,32.77933127814061
CUB,2014,32.66621517823451
CUB,2015,33.432866742348644
CUB,2016,32.56771839085066
CUB,2017,29.787834799302857
CUB,2018,30.351261871991625
CUB,2019,30.925673285661325
CUB,2020,27.705463749065327
CUB,2021,30.66517752801616
CUB,2022,31.69780688935305
CUB,2023,32.73043625068994
CUB,2024,33.763065612026836
CUB,2025,34.79569578383675
CUB,2026,35.828325145173636
CUB,2027,36.86095450651053
CUB,2028,37.89358386784742
CUB,2029,38.92621322918431
CUB,2030,39.95884259052121
CYP,2010,5.796972982508063
CYP,2011,5.656689968766191
CYP,2012,5.33806742240122
CYP,2013,4.888378783572462
CYP,2014,5.144268018681911
CYP,2015,5.140383866024287
CYP,2016,5.3846300783495025
CYP,2017,5.521838478619234
CYP,2018,5.466567772566958
CYP,2019,5.434901392446669
CYP,2020,4.933384633394815
CYP,2021,5.0788079379088495
CYP,2022,4.849239105035131
CYP,2023,4.619669643148837
CYP,2024,4.390100810275119
CYP,2025,4.160531977401402
CYP,2026,3.9309631445276847
CYP,2027,3.7013936826413913
CYP,2028,3.4718248497676734
CYP,2029,3.242256016893956
CYP,2030,3.012687184020238
CYP,2031,2.8620543973506667
CYP,2032,2.711421610681095
CYP,2033,2.5607894530240993
CYP,2034,2.410156666354528
CYP,2035,2.259523879684956
CYP,2036,2.108891722027961
CYP,2037,1.9582589353583892
CYP,2038,1.8076261486888179
CYP,2039,1.6569939910318223
CYP,2040,1.506361204362251
CYP,2041,1.3557290467052552
CYP,2042,1.2050962600356838
CYP,2043,1.0544634733661122
CYP,2044,0.9038313157091168
CYP,2045,0.7531985290395452
CYP,2046,0.6025657423699735
CYP,2047,0.4519335847129782
CYP,2048,0.30130079804340665
CYP,2049,0.15066801137383504
CYP,2050,3.585371683960989e-5
CZE,2010,139.3062379933252
CZE,2011,134.87759117590744
CZE,2012,130.62110098295233
CZE,2013,128.57523519965733
CZE,2014,124.2285810317773
CZE,2015,127.34388960560355
CZE,2016,129.38985217954
CZE,2017,128.4325378546434
CZE,2018,126.83967223000894
CZE,2019,122.83428689613706
CZE,2020,112.2800697144115
CZE,2021,117.607499460394
CZE,2022,114.03690966186312
CZE,2023,110.46631986333223
CZE,2024,106.89573006480134
CZE,2025,103.32514026627044
CZE,2026,99.75455046773955
CZE,2027,96.18396066920866
CZE,2028,92.61337087067777
CZE,2029,89.0427810721469
CZE,2030,85.472191273616
CZE,2031,81.19868189323827
CZE,2032,76.92517251286056
CZE,2033,72.65166313248282
CZE,2034,68.37815375210509
CZE,2035,64.10464437172737
CZE,2036,59.83113399350798
CZE,2037,55.55762461313025
CZE,2038,51.28411523275253
CZE,2039,47.0106058523748
CZE,2040,42.73709647199708
CZE,2041,38.46358709161935
CZE,2042,34.19007671339996
CZE,2043,29.916567333022233
CZE,2044,25.643057952644508
CZE,2045,21.36954857226678
CZE,2046,17.096039191889055
CZE,2047,12.822529811511329
CZE,2048,8.549020431133604
CZE,2049,4.275510052914213
CZE,2050,0.0020006725364870074
DEU,2010,938.903448424732
DEU,2011,907.3282410206575
DEU,2012,914.6951218060402
DEU,2013,934.2025921976468
DEU,2014,896.8484285396978
DEU,2015,902.3715878700581
DEU,2016,900.487553938349
DEU,2017,893.1707367391613
DEU,2018,863.221361696814
DEU,2019,807.6907889963638
DEU,2020,725.8198999725114
DEU,2021,755.9872440269887
DEU,2022,726.1555439052962
DEU,2023,696.3238427719727
DEU,2024,666.4921416386494
DEU,2025,636.6604415169568
DEU,2026,606.8287403836334
DEU,2027,576.99703925031
DEU,2028,547.1653391286175
DEU,2029,517.333637995294
DEU,2030,487.50193686197053
DEU,2031,463.1274873108545
DEU,2032,438.75303674810755
DEU,2033,414.37858618536063
DEU,2034,390.0041356226137
DEU,2035,365.6296850598668
DEU,2036,341.2552344971199
DEU,2037,316.88078393437297
DEU,2038,292.50633438325684
DEU,2039,268.13188382051
DEU,2040,243.75743325776307
DEU,2041,219.38298269501612
DEU,2042,195.0085321322692
DEU,2043,170.6340815695223
DEU,2044,146.25963100677538
DEU,2045,121.88518145565928
DEU,2046,97.51073089291238
DEU,2047,73.13628033016546
DEU,2048,48.76182976741854
DEU,2049,24.387379204671625
DEU,2050,0.012928641924707055
DJI,2010,1.565764440998013
DJI,2011,1.5377767413783392
DJI,2012,1.567450500457012
DJI,2013,1.6505457223945055
DJI,2014,1.5082458536538237
DJI,2015,1.5646667275502328
DJI,2016,1.5640313493541047
DJI,2017,1.571339973409009
DJI,2018,1.595212800549009
DJI,2019,1.5971402327305597
DJI,2020,1.5757982695784893
DJI,2021,1.6095727027413915
DJI,2022,1.7348620063402007
DJI,2023,1.8601513099390101
DJI,2024,1.9854415009375344
DJI,2025,2.1107308045363435
DJI,2026,2.2360201081351527
DJI,2027,2.361310299133677
DJI,2028,2.486599602732486
DJI,2029,2.6118889063312953
DJI,2030,2.7371790973298196
DMA,2010,0.13194653783032403
DMA,2011,0.12449885384520566
DMA,2012,0.12684257999028556
DMA,2013,0.12882627591428392
DMA,2014,0.13238321314048734
DMA,2015,0.1333422852420239
DMA,2016,0.1345928103796741
DMA,2017,0.12460978752677142
DMA,2018,0.12713050331834935
DMA,2019,0.13104696652162726
DMA,2020,0.12044523627199198
DMA,2021,0.13006066524370638
DMA,2022,0.13064105009589805
DMA,2023,0.13122193919209685
DMA,2024,0.13180232404428854
DMA,2025,0.13238321314048734
DMA,2026,0.13238321314048734
DMA,2027,0.13238321314048734
DMA,2028,0.13238321314048734
DMA,2029,0.13238321314048734
DMA,2030,0.13238321314048734
DNK,2010,49.56213845778352
DNK,2011,45.4912445798545
DNK,2012,42.170932477957365
DNK,2013,42.66533869473529
DNK,2014,39.473588512130796
DNK,2015,37.58736671708322
DNK,2016,38.6562441341139
DNK,2017,38.47173762704679
DNK,2018,38.549642900451815
DNK,2019,35.95788882604483
DNK,2020,32.042030833238954
DNK,2021,32.786619297043956
DNK,2022,32.23935546092227
DNK,2023,31.69209084624613
DNK,2024,31.14482701012445
DNK,2025,30.59756317400277
DNK,2026,30.05029855932663
DNK,2027,29.50303472320495
DNK,2028,28.95577088708327
DNK,2029,28.408507050961592
DNK,2030,27.86124243628545
DNK,2031,26.468207641732697
DNK,2032,25.075172847179942
DNK,2033,23.682138052627188
DNK,2034,22.289103258074434
DNK,2035,20.89606846352168
DNK,2036,19.503033668968925
DNK,2037,18.109998874416164
DNK,2038,16.716964079863413
DNK,2039,15.323929285310658
DNK,2040,13.930894490757902
DNK,2041,12.537859696205146
DNK,2042,11.144824901652393
DNK,2043,9.75179010709964
DNK,2044,8.358755312546883
DNK,2045,6.9657205179941295
DNK,2046,5.572685723441374
DNK,2047,4.17965092888862
DNK,2048,2.786616134335865
DNK,2049,1.3935813397831105
DNK,2050,5.465452303558423e-4
DOM,2010,29.222679871958157
DOM,2011,29.980079052856134
DOM,2012,30.15489733195531
DOM,2013,29.859404869171914
DOM,2014,30.577149709285898
DOM,2015,32.38862766263886
DOM,2016,33.621317590624685
DOM,2017,33.56311521070225
DOM,2018,34.56700387450749
DOM,2019,35.36872789996448
DOM,2020,33.113940448684566
DOM,2021,35.48805638838891
DOM,2022,36.07214579167931
DOM,2023,36.656234347020586
DOM,2024,37.24032290236187
DOM,2025,37.82441145770315
DOM,2026,38.40850001304443
DOM,2027,38.99258941633484
DOM,2028,39.57667797167611
DOM,2029,40.160766527017394
DOM,2030,40.744855082358676
DZA,2010,178.24359134246754
DZA,2011,180.4732579418323
DZA,2012,190.55331093027422
DZA,2013,203.78121647243975
DZA,2014,218.3938310798863
DZA,2015,228.7810850645576
DZA,2016,229.8900422573238
DZA,2017,235.45251189080398
DZA,2018,248.02287006009416
DZA,2019,251.30541994177955
DZA,2020,242.01825394471436
DZA,2021,243.31412376681263
DZA,2022,250.09221948101347
DZA,2023,256.87031519521435
DZA,2024,263.6484109094152
DZA,2025,270.42650662361604
DZA,2026,277.20460112135754
DZA,2027,283.98269683555844
DZA,2028,290.7607925497593
DZA,2029,297.53888826396013
DZA,2030,304.316983978161
ECU,2010,63.388104758302966
ECU,2011,65.81850623414849
ECU,2012,64.40463841279387
ECU,2013,67.03817238720958
ECU,2014,70.39631356075843
ECU,2015,66.94942967522434
ECU,2016,66.54030350995261
ECU,2017,66.038262926192985
ECU,2018,67.89034592997702
ECU,2019,67.10469763044152
ECU,2020,61.76296505560449
ECU,2021,70.8080959149521
ECU,2022,69.70906572049601
ECU,2023,68.6100345770621
ECU,2024,67.51100438260603
ECU,2025,66.41197323917213
ECU,2026,65.31294209573822
ECU,2027,64.21391190128213
ECU,2028,63.11488075784824
ECU,2029,62.01585056339214
ECU,2030,60.916819419958244
EGY,2010,279.06740246739923
EGY,2011,294.76249847490794
EGY,2012,286.7719149139055
EGY,2013,287.85487591983815
EGY,2014,305.1593909172193
EGY,2015,298.5755656005921
EGY,2016,317.2251105899857
EGY,2017,342.5262242279845
EGY,2018,342.4648425858877
EGY,2019,353.3811001516967
EGY,2020,326.47447637682467
EGY,2021,342.3601675505729
EGY,2022,371.08111896753945
EGY,2023,399.80207164950707
EGY,2024,428.5230230664736
EGY,2025,457.2439757484412
EGY,2026,485.9649271654078
EGY,2027,514.6858798473753
EGY,2028,543.4068312643419
EGY,2029,572.1277839463095
EGY,2030,600.8487353632761
ERI,2010,5.24348355394964
ERI,2011,5.443621847147581
ERI,2012,5.803857675419211
ERI,2013,6.0039959686171525
ERI,2014,6.1240745780410295
ERI,2015,6.284183029351938
ERI,2016,6.364231796888783
ERI,2017,6.6844486995106
ERI,2018,7.022699226020441
ERI,2019,6.8793581150799925
ERI,2020,6.150218966183774
ERI,2021,6.600219013118362
ERI,2022,7.307067205610621
ERI,2023,8.013915398102881
ERI,2024,8.72076359059514
ERI,2025,9.4276117830874
ERI,2026,10.230359119560456
ERI,2027,11.033106456033513
ERI,2028,11.835853792506569
ERI,2029,12.638601128979623
ERI,2030,13.441348465452679
ESP,2010,326.83189292641913
ESP,2011,324.96535497040105
ESP,2012,319.3893644114837
ESP,2013,294.09532843871165
ESP,2014,292.4085085179918
ESP,2015,301.46663816248144
ESP,2016,295.65342025049324
ESP,2017,313.2937927476186
ESP,2018,307.9502413867414
ESP,2019,293.22281233923275
ESP,2020,251.14840360946158
ESP,2021,269.29024071676264
ESP,2022,264.75213552639923
ESP,2023,260.21403033603576
ESP,2024,255.67592514567238
ESP,2025,251.13781995530894
ESP,2026,246.59971476494553
ESP,2027,242.0616095745821
ESP,2028,237.52350438421868
ESP,2029,232.98539919385524
ESP,2030,228.44729400349186
ESP,2031,217.02505947310564
ESP,2032,205.60282581487886
ESP,2033,194.18059128449264
ESP,2034,182.75835675410647
ESP,2035,171.33612222372028
ESP,2036,159.91388856549347
ESP,2037,148.49165403510727
ESP,2038,137.0694195047211
ESP,2039,125.6471849743349
ESP,2040,114.2249513161081
ESP,2041,102.80271678572193
ESP,2042,91.38048225533574
ESP,2043,79.95824772494956
ESP,2044,68.53601406672276
ESP,2045,57.113779536336565
ESP,2046,45.69154500595037
ESP,2047,34.26931047556418
ESP,2048,22.84707681733738
ESP,2049,11.424842286951195
ESP,2050,0.0026077565650067776
EST,2010,16.484658987148453
EST,2011,16.842577798748636
EST,2012,16.672602213100713
EST,2013,18.23861672909521
EST,2014,17.77710216959034
EST,2015,16.77503510536804
EST,2016,16.9624729388591
EST,2017,17.26841721563382
EST,2018,18.216600772225863
EST,2019,14.640108514090043
EST,2020,13.28064226713612
EST,2021,14.274368090865623
EST,2022,13.46799532929246
EST,2023,12.66162321482872
EST,2024,11.855250453255557
EST,2025,11.048878338791818
EST,2026,10.242505577218653
EST,2027,9.436132815645488
EST,2028,8.62976070118175
EST,2029,7.823387939608586
EST,2030,7.017015178035423
EST,2031,6.666175743548594
EST,2032,6.315335661952342
EST,2033,5.964495580356089
EST,2034,5.613656145869261
EST,2035,5.262816064273009
EST,2036,4.911975982676756
EST,2037,4.561136548189928
EST,2038,4.210296466593675
EST,2039,3.8594570321068487
EST,2040,3.5086169505105955
EST,2041,3.157776868914343
EST,2042,2.8069374344275153
EST,2043,2.4560973528312626
EST,2044,2.1052572712350095
EST,2045,1.7544178367481824
EST,2046,1.4035777551519295
EST,2047,1.0527383206651022
EST,2048,0.7018982390688494
EST,2049,0.35105815747259655
EST,2050,2.1872298576915413e-4
ETH,2010,119.06777827667965
ETH,2011,119.17902444158568
ETH,2012,124.4363739976174
ETH,2013,129.02901729627564
ETH,2014,135.3789682239375
ETH,2015,138.72096696220288
ETH,2016,144.13880922020195
ETH,2017,148.33720639645784
ETH,2018,151.16052619893773
ETH,2019,160.82375486177597
ETH,2020,166.33451099094466
ETH,2021,170.0833035729619
ETH,2022,174.01195326373508
ETH,2023,177.94060295450828
ETH,2024,181.86925264528142
ETH,2025,185.79790233605462
ETH,2026,193.4860913982362
ETH,2027,201.17428046041775
ETH,2028,208.86246952259933
ETH,2029,216.5506585847809
ETH,2030,224.23884764696245
FIN,2010,71.45745158480099
FIN,2011,67.11054008403708
FIN,2012,62.788113855366426
FIN,2013,62.21165020682125
FIN,2014,62.30881109414591
FIN,2015,58.643748842320434
FIN,2016,57.84752481779784
FIN,2017,55.48708088283184
FIN,2018,56.87678158548383
FIN,2019,54.25909314847761
FIN,2020,49.61253123259396
FIN,2021,49.32381487424092
FIN,2022,48.07232967277107
FIN,2023,46.820844471301214
FIN,2024,45.56936001930403
FIN,2025,44.31787481783417
FIN,2026,43.066389616364326
FIN,2027,41.81490516436714
FIN,2028,40.563419962897285
FIN,2029,39.31193476142743
FIN,2030,38.060449559957576
FIN,2031,36.15745826002273
FIN,2032,34.254466960087875
FIN,2033,32.35147566015302
FIN,2034,30.44848436021817
FIN,2035,28.545493060283317
FIN,2036,26.642501010875794
FIN,2037,24.739509710940943
FIN,2038,22.836518411006093
FIN,2039,20.93352711107124
FIN,2040,19.03053581113639
FIN,2041,17.127544511201535
FIN,2042,15.224552461794014
FIN,2043,13.32156116185916
FIN,2044,11.41856986192431
FIN,2045,9.515578561989457
FIN,2046,7.612587262054603
FIN,2047,5.709595962119751
FIN,2048,3.8066039127122298
FIN,2049,1.9036126127773778
FIN,2050,6.213128425253415e-4
FJI,2010,2.3449492678152994
FJI,2011,2.066856951067193
FJI,2012,2.0294711786757804
FJI,2013,2.5596649625639323
FJI,2014,3.179753609946839
FJI,2015,4.202873508534273
FJI,2016,3.9631382612053967
FJI,2017,4.000988301358532
FJI,2018,4.230804915935853
FJI,2019,4.622655051878876
FJI,2020,4.58355678305058
FJI,2021,4.635603642654312
FJI,2022,4.597226210613955
FJI,2023,4.558846742311485
FJI,2024,4.520469310271128
FJI,2025,4.482091878230771
FJI,2026,4.443712409928301
FJI,2027,4.405334977887944
FJI,2028,4.366957545847586
FJI,2029,4.328578077545116
FJI,2030,4.290200645504759
FJI,2031,4.0757343928649465
FJI,2032,3.8612681402251354
FJI,2033,3.646801887585323
FJI,2034,3.4323356349455105
FJI,2035,3.217868364174642
FJI,2036,3.0034021115348297
FJI,2037,2.7889358588950177
FJI,2038,2.5744685881241485
FJI,2039,2.360002335484336
FJI,2040,2.1455360828445236
FJI,2041,1.9310698302047116
FJI,2042,1.7166035775648991
FJI,2043,1.502137324925087
FJI,2044,1.2876710722852747
FJI,2045,1.0732038015144059
FJI,2046,0.8587375488745935
FJI,2047,0.6442712962347813
FJI,2048,0.4298050435949689
FJI,2049,0.21533879095515657
FJI,2050,8.725383153442448e-4
FRA,2010,487.18836564076594
FRA,2011,466.88790168431086
FRA,2012,465.1402071925791
FRA,2013,461.3718884364455
FRA,2014,434.57214838093313
FRA,2015,440.6780114963923
FRA,2016,441.23250122856643
FRA,2017,442.15669214334184
FRA,2018,427.6701046830323
FRA,2019,418.7790743524724
FRA,2020,365.71721865978037
FRA,2021,390.6297925943661
FRA,2022,380.3106830326507
FRA,2023,369.99157347093524
FRA,2024,359.6724648215981
FRA,2025,349.3533552598826
FRA,2026,339.0342456981672
FRA,2027,328.71513613645175
FRA,2028,318.3960274871146
FRA,2029,308.0769179253992
FRA,2030,297.7578083636837
FRA,2031,282.87017678723805
FRA,2032,267.9825452107924
FRA,2033,253.09491272196837
FRA,2034,238.20728114552278
FRA,2035,223.3196495690771
FRA,2036,208.4320170802531
FRA,2037,193.54438550380743
FRA,2038,178.6567539273618
FRA,2039,163.76912143853778
FRA,2040,148.88148986209214
FRA,2041,133.99385828564647
FRA,2042,119.10622579682246
FRA,2043,104.21859422037681
FRA,2044,89.33096264393116
FRA,2045,74.44333015510716
FRA,2046,59.555698578661506
FRA,2047,44.66806700221586
FRA,2048,29.780434513391853
FRA,2049,14.8928029369462
FRA,2050,0.0051713605005466535
FSM,2010,NA
FSM,2011,NA
FSM,2012,NA
FSM,2013,NA
FSM,2014,NA
FSM,2015,NA
FSM,2016,NA
FSM,2017,NA
FSM,2018,NA
FSM,2019,NA
FSM,2020,NA
FSM,2021,NA
FSM,2022,NA
FSM,2023,NA
FSM,2024,NA
FSM,2025,NA
FSM,2026,NA
FSM,2027,NA
FSM,2028,NA
FSM,2029,NA
FSM,2030,NA
GAB,2010,10.923634023335932
GAB,2011,10.732357395642449
GAB,2012,10.77287132916401
GAB,2013,11.484925820058963
GAB,2014,12.01129722251789
GAB,2015,12.27271010802641
GAB,2016,12.362184321234247
GAB,2017,11.810598181153564
GAB,2018,11.208301360577078
GAB,2019,11.76001180153015
GAB,2020,11.280884919174703
GAB,2021,11.31580735115803
GAB,2022,10.918413386695642
GAB,2023,10.521017384514035
GAB,2024,10.123623420051649
GAB,2025,9.72622945558926
GAB,2026,9.328835491126874
GAB,2027,8.931441526664488
GAB,2028,8.53404552448288
GAB,2029,8.136651560020493
GAB,2030,7.739257595558106
GBR,2010,515.3876519331335
GBR,2011,474.2936205623821
GBR,2012,491.64920886251946
GBR,2013,481.73408122251726
GBR,2014,451.15707608065986
GBR,2015,438.7067177738153
GBR,2016,416.84760171804555
GBR,2017,406.0628180696237
GBR,2018,398.89546160648746
GBR,2019,385.6332462167501
GBR,2020,334.7861503975705
GBR,2021,351.9819518235861
GBR,2022,338.4885348367279
GBR,2023,324.99511700772496
GBR,2024,311.50170002086674
GBR,2025,298.00828303400857
GBR,2026,284.51486604715035
GBR,2027,271.0214482181474
GBR,2028,257.5280312312892
GBR,2029,244.03461424443103
GBR,2030,230.54119725757283
GBR,2031,219.46128521971065
GBR,2032,208.38137360292092
GBR,2033,197.30146240720356
GBR,2034,186.2215507904138
GBR,2035,175.14163959469647
GBR,2036,164.06172755683426
GBR,2037,152.98181636111693
GBR,2038,141.90190474432717
GBR,2039,130.8219935486098
GBR,2040,119.74208193182007
GBR,2041,108.66217073610267
GBR,2042,97.58225869824052
GBR,2043,86.50234750252316
GBR,2044,75.42243588573339
GBR,2045,64.34252426894362
GBR,2046,53.26261307322629
GBR,2047,42.18270145643653
GBR,2048,31.10278983964676
GBR,2049,20.022878222857003
GBR,2050,8.942967027139648
GEO,2010,11.61593935056526
GEO,2011,13.409519136718975
GEO,2012,14.28691210052929
GEO,2013,13.9987844706439
GEO,2014,14.824609865696344
GEO,2015,15.130600573817347
GEO,2016,15.392187048945903
GEO,2017,15.293842555666433
GEO,2018,13.908335538408886
GEO,2019,13.995118315228991
GEO,2020,13.785264360706877
GEO,2021,12.159841920328908
GEO,2022,12.166534539843534
GEO,2023,12.173228165162115
GEO,2024,12.17992078467674
GEO,2025,12.186614409995322
GEO,2026,12.193307029509947
GEO,2027,12.199999649024575
GEO,2028,12.206693274343154
GEO,2029,12.213385893857781
GEO,2030,12.220078513372407
GHA,2010,19.587269429786762
GHA,2011,23.079917843878892
GHA,2012,25.02903143998328
GHA,2013,26.212501975580828
GHA,2014,26.901020386170522
GHA,2015,28.505138040756623
GHA,2016,28.826967395864497
GHA,2017,28.891357556501386
GHA,2018,32.06898209746226
GHA,2019,33.84922141150136
GHA,2020,41.6179556382526
GHA,2021,50.195192390696064
GHA,2022,50.04127597564991
GHA,2023,49.887359560603755
GHA,2024,49.73344314555759
GHA,2025,49.57952673051143
GHA,2026,50.592385398611036
GHA,2027,51.60524479832556
GHA,2028,52.618103466425175
GHA,2029,53.63096213452478
GHA,2030,54.64382080262438
GIN,2010,16.06058130303687
GIN,2011,16.98371365704735
GIN,2012,17.899974851074713
GIN,2013,17.905664857846716
GIN,2014,18.272361383311438
GIN,2015,18.61047753569025
GIN,2016,20.726650480047162
GIN,2017,20.845749604581396
GIN,2018,21.149087275035175
GIN,2019,22.201308482047466
GIN,2020,22.97139165688203
GIN,2021,23.845204973289995
GIN,2022,25.389375756351917
GIN,2023,26.933545803034036
GIN,2024,28.477716586095962
GIN,2025,30.02188663277808
GIN,2026,31.56605741584001
GIN,2027,33.11022746252213
GIN,2028,34.654398245584055
GIN,2029,36.198568292266174
GIN,2030,37.742739075328096
GMB,2010,1.6335541480905247
GMB,2011,1.4070461402825971
GMB,2012,1.4682462148830113
GMB,2013,1.5123680592118642
GMB,2014,1.6086312720918463
GMB,2015,1.720301280395419
GMB,2016,1.6384379663726643
GMB,2017,1.668630065952431
GMB,2018,1.6528008717020695
GMB,2019,1.778445016988115
GMB,2020,1.8173581725995882
GMB,2021,1.862638923263674
GMB,2022,1.9056906457240672
GMB,2023,1.9487416955748635
GMB,2024,1.991793418035257
GMB,2025,2.03484514049565
GMB,2026,2.2358619171956295
GMB,2027,2.4368786938956086
GMB,2028,2.6378954705955877
GMB,2029,2.838912247295567
GMB,2030,3.0399290239955463
GMB,2031,2.88793438884168
GMB,2032,2.7359400899926127
GMB,2033,2.583945454838746
GMB,2034,2.4319504833800822
GMB,2035,2.2799561845310143
GMB,2036,2.1279615493771487
GMB,2037,1.9759669142232823
GMB,2038,1.8239719427646175
GMB,2039,1.6719776439155505
GMB,2040,1.5199830087616841
GMB,2041,1.3679883736078182
GMB,2042,1.2159940747587505
GMB,2043,1.0639991033000862
GMB,2044,0.91200446814622
GMB,2045,0.7600101692971525
GMB,2046,0.6080155341432865
GMB,2047,0.4560208989894204
GMB,2048,0.30402592753075597
GMB,2049,0.15203162868168835
GMB,2050,3.699352782229484e-5
GNB,2010,2.256395686376079
GNB,2011,2.264291111935655
GNB,2012,2.431306731117697
GNB,2013,2.4064261883879396
GNB,2014,2.405259290933914
GNB,2015,2.515956972295726
GNB,2016,2.5103513860187117
GNB,2017,2.530698693863107
GNB,2018,2.6799280423990695
GNB,2019,2.701134558319066
GNB,2020,2.7359888812777586
GNB,2021,2.795765214537425
GNB,2022,2.9976583785180404
GNB,2023,3.19955237185008
GNB,2024,3.401445535830695
GNB,2025,3.6033386998113106
GNB,2026,3.8712979982536746
GNB,2027,4.139256467344615
GNB,2028,4.4072157657869795
GNB,2029,4.675174234877919
GNB,2030,4.9431335333202835
GNQ,2010,4.142186522571736
GNQ,2011,4.25038828248515
GNQ,2012,4.1909977988747364
GNQ,2013,3.985707750678627
GNQ,2014,3.8869696362481605
GNQ,2015,3.486078374493452
GNQ,2016,3.241326879259023
GNQ,2017,2.9985147390853744
GNQ,2018,3.255094162318844
GNQ,2019,3.1504960396989476
GNQ,2020,3.2002563274390403
GNQ,2021,2.6635259182018594
GNQ,2022,2.7816722429319283
GNQ,2023,2.8998185676619967
GNQ,2024,3.0179646887852356
GNQ,2025,3.1361110135153045
GNQ,2026,3.254257134638543
GNQ,2027,3.3724034593686114
GNQ,2028,3.49054958049185
GNQ,2029,3.6086959052219187
GNQ,2030,3.726842026345157
GNQ,2031,3.619262285299007
GNQ,2032,3.511682747859687
GNQ,2033,3.4041030068135365
GNQ,2034,3.296523265767386
GNQ,2035,3.188943524721236
GNQ,2036,3.081363783675086
GNQ,2037,2.973784246235766
GNQ,2038,2.8662045051896157
GNQ,2039,2.7586247641434656
GNQ,2040,2.6510450230973155
GNQ,2041,2.543465282051165
GNQ,2042,2.435885541005015
GNQ,2043,2.3283060035656953
GNQ,2044,2.2207262625195447
GNQ,2045,2.1131465214733947
GNQ,2046,2.005566780427244
GNQ,2047,1.897987039381094
GNQ,2048,1.7904075019417742
GNQ,2049,1.682827760895624
GNQ,2050,1.5752480198494738
GRC,2010,94.92781777519649
GRC,2011,91.38815954536001
GRC,2012,92.23074984447432
GRC,2013,83.44094553326919
GRC,2014,82.10029602966063
GRC,2015,79.64002394196342
GRC,2016,76.97329399319842
GRC,2017,79.87023162125536
GRC,2018,96.6345473012001
GRC,2019,91.75129452202414
GRC,2020,78.98230929396759
GRC,2021,81.23426057222537
GRC,2022,79.21538436058376
GRC,2023,77.19650814894214
GRC,2024,75.17763193730053
GRC,2025,73.15875657904802
GRC,2026,71.13988036740642
GRC,2027,69.12100415576481
GRC,2028,67.1021279441232
GRC,2029,65.08325173248159
GRC,2030,63.06437552083998
GRC,2031,59.91119928624385
GRC,2032,56.758023051647704
GRC,2033,53.60484681705158
GRC,2034,50.45167058245545
GRC,2035,47.298494347859325
GRC,2036,44.14531811326319
GRC,2037,40.992141878667056
GRC,2038,37.838965644070925
GRC,2039,34.68578940947479
GRC,2040,31.532613174878662
GRC,2041,28.37943694028253
GRC,2042,25.226260705686393
GRC,2043,22.07308447109026
GRC,2044,18.91990823649413
GRC,2045,15.766732001897998
GRC,2046,12.613555767301865
GRC,2047,9.460379532705733
GRC,2048,6.307203298109601
GRC,2049,3.154027063513469
GRC,2050,8.508289173369426e-4
GRD,2010,0.09075475569505492
GRD,2011,0.08867610585689058
GRD,2012,0.09433184093829602
GRD,2013,0.10447384462693966
GRD,2014,0.08355178212541584
GRD,2015,0.09145758034323427
GRD,2016,0.09374499892601425
GRD,2017,0.09721845293094686
GRD,2018,0.09993094034295148
GRD,2019,0.10263740268296141
GRD,2020,0.09198115909957189
GRD,2021,0.10165079714383268
GRD,2022,0.10307301538817673
GRD,2023,0.10449523363252078
GRD,2024,0.10591745187686483
GRD,2025,0.10733967012120886
GRD,2026,0.10842177305145326
GRD,2027,0.10950357472809792
GRD,2028,0.11058567765834233
GRD,2029,0.111667479334987
GRD,2030,0.1127495822652314
GTM,2010,28.639492943172772
GTM,2011,29.233103149851576
GTM,2012,30.00428353429128
GTM,2013,31.569522506938988
GTM,2014,32.96571320497476
GTM,2015,35.40498271627293
GTM,2016,36.79067246803109
GTM,2017,38.15128303318787
GTM,2018,36.125685870903936
GTM,2019,37.928068871496116
GTM,2020,36.39928519134797
GTM,2021,38.52047440108927
GTM,2022,41.46046508399174
GTM,2023,44.4004547977252
GTM,2024,47.34044548062767
GTM,2025,50.28043616353015
GTM,2026,53.22042587726361
GTM,2027,56.160416560166084
GTM,2028,59.10040724306855
GTM,2029,62.04039695680201
GTM,2030,64.98038763970449
GTM,2031,62.78437228240591
GTM,2032,60.58835740969185
GTM,2033,58.39234205239327
GTM,2034,56.1963271796792
GTM,2035,54.00031133779613
GTM,2036,51.80429598049754
GTM,2037,49.608281107783476
GTM,2038,47.4122657504849
GTM,2039,45.21625087777083
GTM,2040,43.020235520472255
GTM,2041,40.824220163173685
GTM,2042,38.62820529045962
GTM,2043,36.432189933161034
GTM,2044,34.23617506044697
GTM,2045,32.040159703148404
GTM,2046,29.84414483043433
GTM,2047,27.648129473135754
GTM,2048,25.452113631252672
GTM,2049,23.256098758538602
GTM,2050,21.06008340124003
GUY,2010,4.14868900662129
GUY,2011,4.30980310014075
GUY,2012,4.30980310014075
GUY,2013,4.188966431505959
GUY,2014,4.33396999446963
GUY,2015,4.317857266923448
GUY,2016,4.809255911254919
GUY,2017,4.752865758824068
GUY,2018,5.242366203455526
GUY,2019,5.22935342935462
GUY,2020,4.803150474951287
GUY,2021,5.2814550565372915
GUY,2022,5.570570204364859
GUY,2023,5.859685352192427
GUY,2024,6.148800500019995
GUY,2025,6.4379156478475625
GUY,2026,6.665682035926073
GUY,2027,6.893450620994976
GUY,2028,7.121217009073486
GUY,2029,7.348985594142389
GUY,2030,7.576751982220899
HND,2010,17.79092686916599
HND,2011,18.913146664491702
HND,2012,19.299038468446376
HND,2013,19.74261380361777
HND,2014,20.04922290947982
HND,2015,20.895874541980074
HND,2016,20.69668723815272
HND,2017,21.051327876523104
HND,2018,21.533966208754553
HND,2019,22.204657729147666
HND,2020,21.056360738703916
HND,2021,22.44689265923831
HND,2022,23.01641625841076
HND,2023,23.58593985758321
HND,2024,24.155463456755662
HND,2025,24.724987055928107
HND,2026,25.29451065510056
HND,2027,25.864034254273008
HND,2028,26.43355785344546
HND,2029,27.00308145261791
HND,2030,27.572605051790358
HRV,2010,27.913052313266295
HRV,2011,27.557137660194524
HRV,2012,25.49683911334574
HRV,2013,24.99663162507068
HRV,2014,24.54043071199923
HRV,2015,25.288589453890186
HRV,2016,25.39192281170209
HRV,2017,26.31242997327662
HRV,2018,25.358328305088055
HRV,2019,25.177461087622387
HRV,2020,24.251648900210366
HRV,2021,24.3776352063997
HRV,2022,24.138325223823387
HRV,2023,23.89901616209864
HRV,2024,23.659706179522328
HRV,2025,23.42039711779758
HRV,2026,23.18108713522127
HRV,2027,22.94177807349652
HRV,2028,22.702468090920206
HRV,2029,22.463159029195456
HRV,2030,22.223849046619147
HRV,2031,21.11267404442525
HRV,2032,20.00149904223136
HRV,2033,18.890324040037463
HRV,2034,17.77914903784357
HRV,2035,16.667974035649674
HRV,2036,15.556799033455782
HRV,2037,14.445624031261888
HRV,2038,13.334448108216433
HRV,2039,12.223273106022539
HRV,2040,11.112098103828645
HRV,2041,10.00092310163475
HRV,2042,8.889748099440856
HRV,2043,7.778573097246961
HRV,2044,6.667398095053067
HRV,2045,5.556223092859173
HRV,2046,4.445048090665279
HRV,2047,3.3338730884713845
HRV,2048,2.2226980862774903
HRV,2049,1.1115221632320362
HRV,2050,3.4716103814186187e-4
HTI,2010,10.213203774464674
HTI,2011,10.395957468486603
HTI,2012,10.644653102932361
HTI,2013,10.80274834766225
HTI,2014,11.26718366944634
HTI,2015,11.703804899306293
HTI,2016,11.920232486692212
HTI,2017,12.00550362776355
HTI,2018,12.062759841724448
HTI,2019,12.299541363621868
HTI,2020,12.115264801218727
HTI,2021,12.477706685257415
HTI,2022,12.825462298624954
HTI,2023,13.173218702682204
HTI,2024,13.520975106739456
HTI,2025,13.868731510796705
HTI,2026,14.216487124164246
HTI,2027,14.564243528221496
HTI,2028,14.911999932278746
HTI,2029,15.259756336335997
HTI,2030,15.607512740393245
HUN,2010,68.76345991831215
HUN,2011,67.3937171266516
HUN,2012,64.08767931929418
HUN,2013,61.08424716563175
HUN,2014,60.60034887230132
HUN,2015,63.425847832676354
HUN,2016,64.72529381796019
HUN,2017,67.1869506432628
HUN,2018,67.90342207601928
HUN,2019,70.03174194864764
HUN,2020,67.30197839945497
HUN,2021,68.30474181083754
HUN,2022,66.9827820534077
HUN,2023,65.66082229597788
HUN,2024,64.33886253854806
HUN,2025,63.016902781118226
HUN,2026,61.69494302368841
HUN,2027,60.37298326625859
HUN,2028,59.05102350882877
HUN,2029,57.72906277253928
HUN,2030,56.407103015109456
HUN,2031,53.58679592636322
HUN,2032,50.76648883761698
HUN,2033,47.94618077001108
HUN,2034,45.12587368126484
HUN,2035,42.30556561365894
HUN,2036,39.48525852491271
HUN,2037,36.66495143616647
HUN,2038,33.84464336856057
HUN,2039,31.024336279814328
HUN,2040,28.204029191068088
HUN,2041,25.383721123462188
HUN,2042,22.56341403471595
HUN,2043,19.743105967110054
HUN,2044,16.922798878363814
HUN,2045,14.102491789617574
HUN,2046,11.282183722011675
HUN,2047,8.461876633265435
HUN,2048,5.6415695445191965
HUN,2049,2.821261476913298
HUN,2050,9.543881670584283e-4
IDN,2010,671.3625621758036
IDN,2011,770.8536423688612
IDN,2012,797.8713039150391
IDN,2013,692.0034941737015
IDN,2014,703.4765219506144
IDN,2015,773.6776062240958
IDN,2016,827.3731142279973
IDN,2017,821.7564569939394
IDN,2018,888.4556513939577
IDN,2019,935.4229270728425
IDN,2020,962.1419707312903
IDN,2021,996.3403087076408
IDN,2022,992.6725707797086
IDN,2023,989.0048328517764
IDN,2024,985.3370949238443
IDN,2025,981.6693569959122
IDN,2026,978.0016190679801
IDN,2027,974.3338811400479
IDN,2028,970.6661432121159
IDN,2029,966.9984052841837
IDN,2030,963.3306673562516
IDN,2031,931.2196447490487
IDN,2032,899.1086229772177
IDN,2033,866.9976003700148
IDN,2034,834.886577762812
IDN,2035,802.7755559909809
IDN,2036,770.6645333837781
IDN,2037,738.5535116119472
IDN,2038,706.4424890047443
IDN,2039,674.3314672329133
IDN,2040,642.2204446257103
IDN,2041,610.1094228538794
IDN,2042,577.9984002466765
IDN,2043,545.8873776394737
IDN,2044,513.7763558676427
IDN,2045,481.6653332604398
IDN,2046,449.55431148860885
IDN,2047,417.443288881406
IDN,2048,385.33226710957496
IDN,2049,353.22124450237214
IDN,2050,321.1102227305412
IND,2010,2606.587785669487
IND,2011,2772.182991294283
IND,2012,3033.901845531783
IND,2013,3069.892047974443
IND,2014,3383.8328727423786
IND,2015,3526.7937882842757
IND,2016,3614.236410781042
IND,2017,3791.8397540560104
IND,2018,4004.528575715427
IND,2019,4044.117994270163
IND,2020,3734.11015573732
IND,2021,4182.880549676271
IND,2022,4319.2759704132
IND,2023,4455.6713918793475
IND,2024,4592.066813345496
IND,2025,4728.462234811643
IND,2026,4883.059779418772
IND,2027,5037.6573247551205
IND,2028,5192.254870091468
IND,2029,5346.852415427816
IND,2030,5501.449960764163
IND,2031,5363.913712127898
IND,2032,5226.377462762416
IND,2033,5088.841213396933
IND,2034,4951.304964760669
IND,2035,4813.7687153951865
IND,2036,4676.232466758921
IND,2037,4538.696217393439
IND,2038,4401.159968757173
IND,2039,4263.623719391692
IND,2040,4126.087470026209
IND,2041,3988.551221389944
IND,2042,3851.0149720244617
IND,2043,3713.478723388198
IND,2044,3575.9424740227146
IND,2045,3438.40622538645
IND,2046,3300.869976750185
IND,2047,3163.3337273847033
IND,2048,3025.7974787484372
IND,2049,2888.2612293829548
IND,2050,2750.7249807466906
IRL,2010,60.78045410867801
IRL,2011,56.61171778803223
IRL,2012,57.80165204169578
IRL,2013,57.25456545685059
IRL,2014,56.94499421033716
IRL,2015,58.89450850198983
IRL,2016,61.79331298182778
IRL,2017,60.68708319597844
IRL,2018,58.52289415549518
IRL,2019,56.95513393028666
IRL,2020,53.315006196358205
IRL,2021,55.08117267056703
IRL,2022,53.46984646217353
IRL,2023,51.858520253780036
IRL,2024,50.247193164054956
IRL,2025,48.635866955661456
IRL,2026,47.02454074726796
IRL,2027,45.41321453887446
IRL,2028,43.801887449149376
IRL,2029,42.19056124075588
IRL,2030,40.579235032362384
IRL,2031,38.55029954442567
IRL,2032,36.521364937820536
IRL,2033,34.492429449883815
IRL,2034,32.46349484327869
IRL,2035,30.434559355341968
IRL,2036,28.405623867405247
IRL,2037,26.376689260800116
IRL,2038,24.347753772863395
IRL,2039,22.318819166258265
IRL,2040,20.289883678321544
IRL,2041,18.260949071716418
IRL,2042,16.232013583779693
IRL,2043,14.203078095842976
IRL,2044,12.174143489237846
IRL,2045,10.145208001301125
IRL,2046,8.116273394695995
IRL,2047,6.0873379067592746
IRL,2048,4.058402418822554
IRL,2049,2.029467812217424
IRL,2050,5.323242807031673e-4
IRN,2010,709.3624872869373
IRN,2011,719.9725553376203
IRN,2012,728.312704201871
IRN,2013,726.9708762083671
IRN,2014,761.5968593148697
IRN,2015,764.0481682564307
IRN,2016,797.6757785392383
IRN,2017,847.2764220384031
IRN,2018,871.4088112785371
IRN,2019,867.5963905614785
IRN,2020,885.2878061673404
IRN,2021,947.0862216460346
IRN,2022,955.7368719353175
IRN,2023,964.387521342895
IRN,2024,973.0381716321779
IRN,2025,981.6888219214608
IRN,2026,990.3394722107437
IRN,2027,998.9901225000266
IRN,2028,1007.6407727893095
IRN,2029,1016.2914230785924
IRN,2030,1024.9420733678753
IRQ,2010,198.55813203276875
IRQ,2011,229.9151981650504
IRQ,2012,257.6557746677261
IRQ,2013,271.125949343485
IRQ,2014,276.78422134081825
IRQ,2015,286.0929577797868
IRQ,2016,339.1938831170763
IRQ,2017,355.9362145469652
IRQ,2018,395.48006662927025
IRQ,2019,388.7283822434163
IRQ,2020,363.79937806733574
IRQ,2021,382.6164273486991
IRQ,2022,407.37338804982437
IRQ,2023,432.1303497268447
IRQ,2024,456.88731042796996
IRQ,2025,481.6442711290953
IRQ,2026,506.4012318302205
IRQ,2027,531.1581925313458
IRQ,2028,555.915153232471
IRQ,2029,580.6721139335963
IRQ,2030,605.4290746347215
ISL,2010,3.7370318990550264
ISL,2011,3.5648886109579996
ISL,2012,3.582517184221873
ISL,2013,3.6432883717741014
ISL,2014,3.6077573989281553
ISL,2015,3.6762943008644977
ISL,2016,3.6784790697819654
ISL,2017,3.702450920982351
ISL,2018,3.7775706076081903
ISL,2019,3.8012467263849214
ISL,2020,3.266489484065923
ISL,2021,3.354743341319601
ISL,2022,3.1265299159011812
ISL,2023,2.898316490482761
ISL,2024,2.6701030650643407
ISL,2025,2.4418896396459204
ISL,2026,2.2136762142275
ISL,2027,1.9854627888090801
ISL,2028,1.7572500935941753
ISL,2029,1.5290366681757548
ISL,2030,1.3008232427573347
ISL,2031,1.282906604206716
ISL,2032,1.2649899656560974
ISL,2033,1.2470736922072365
ISL,2034,1.2291570536566176
ISL,2035,1.211240415105999
ISL,2036,1.1933241416571376
ISL,2037,1.1754075031065192
ISL,2038,1.1574912296576578
ISL,2039,1.1395745911070392
ISL,2040,1.1216579525564205
ISL,2041,1.1037416791075594
ISL,2042,1.0858250405569405
ISL,2043,1.0679084020063219
ISL,2044,1.049992128557461
ISL,2045,1.0320754900068423
ISL,2046,1.0141592165579811
ISL,2047,0.9962425780073624
ISL,2048,0.9783259394567437
ISL,2049,0.9604096660078825
ISL,2050,0.9424930274572639
ISR,2010,49.532683773566085
ISR,2011,50.71122419285378
ISR,2012,54.2618819111248
ISR,2013,49.74669921618664
ISR,2014,48.276895565369884
ISR,2015,51.40390719449971
ISR,2016,51.61330591009724
ISR,2017,50.5503487396697
ISR,2018,51.25879890246347
ISR,2019,51.99356198348034
ISR,2020,49.217373683598375
ISR,2021,49.77677332032355
ISR,2022,49.631615920464306
ISR,2023,49.486457928944546
ISR,2024,49.341299937424786
ISR,2025,49.19614194590502
ISR,2026,46.86188382015625
ISR,2027,44.527626286068
ISR,2028,42.193368160319224
ISR,2029,39.859110034570456
ISR,2030,37.524852500482204
ISR,2031,36.03413897529396
ISR,2032,34.54342604176624
ISR,2033,33.052712516578
ISR,2034,31.561998991389753
ISR,2035,30.071286057862032
ISR,2036,28.58057253267379
ISR,2037,27.08985900748555
ISR,2038,25.599146073957826
ISR,2039,24.108432548769585
ISR,2040,22.617719023581344
ISR,2041,21.127006090053623
ISR,2042,19.636292564865382
ISR,2043,18.145579039677138
ISR,2044,16.654866106149417
ISR,2045,15.164152580961177
ISR,2046,13.673439647433455
ISR,2047,12.182726122245214
ISR,2048,10.692012597056971
ISR,2049,9.201299663529248
ISR,2050,7.710586138341008
ITA,2010,437.0505682180764
ITA,2011,429.26275112391033
ITA,2012,407.60890204825705
ITA,2013,382.86044365405405
ITA,2014,361.51389779769676
ITA,2015,372.13922830207497
ITA,2016,368.3636076489397
ITA,2017,368.8279121176584
ITA,2018,367.97784932812374
ITA,2019,361.9811304915045
ITA,2020,321.50458637735613
ITA,2021,346.2107975157731
ITA,2022,338.8514715789167
ITA,2023,331.49214477495184
ITA,2024,324.1328188380954
ITA,2025,316.77349203413047
ITA,2026,309.414166097274
ITA,2027,302.05483929330916
ITA,2028,294.6955124893443
ITA,2029,287.33618655248785
ITA,2030,279.976859748523
ITA,2031,265.9782477587764
ITA,2032,251.97963490192132
ITA,2033,237.98102204506625
ITA,2034,223.9824091882112
ITA,2035,209.9837971984646
ITA,2036,195.98518434160957
ITA,2037,181.98657148475453
ITA,2038,167.98795862789947
ITA,2039,153.98934663815282
ITA,2040,139.9907337812978
ITA,2041,125.99212092444277
ITA,2042,111.99350893469612
ITA,2043,97.99489607784109
ITA,2044,83.99628322098606
ITA,2045,69.99767036413103
ITA,2046,55.999058374384376
ITA,2047,42.000445517529336
ITA,2048,28.001832660674296
ITA,2049,14.00321980381926
ITA,2050,0.004607814072626885
JAM,2010,7.32684161477946
JAM,2011,7.904486337251215
JAM,2012,7.559890197439779
JAM,2013,8.089125310398103
JAM,2014,7.249960388532291
JAM,2015,7.490662349846264
JAM,2016,7.715796488818967
JAM,2017,7.416390803436741
JAM,2018,7.640185649670153
JAM,2019,7.855974825029358
JAM,2020,6.927555747109704
JAM,2021,7.749656332573384
JAM,2022,7.5271454604661185
JAM,2023,7.304635558860838
JAM,2024,7.082125657255556
JAM,2025,6.85961478514829
JAM,2026,6.637104883543009
JAM,2027,6.414594011435742
JAM,2028,6.1920841098304615
JAM,2029,5.969574208225181
JAM,2030,5.747063336117914
JOR,2010,24.70750732496119
JOR,2011,25.675595589060986
JOR,2012,28.37112099060355
JOR,2013,28.69200040385439
JOR,2014,30.928840502978048
JOR,2015,30.624078431494414
JOR,2016,29.634024634521097
JOR,2017,31.193855063675795
JOR,2018,26.176850152137924
JOR,2019,26.649350719498898
JOR,2020,25.536330689773532
JOR,2021,26.328319890719975
JOR,2022,27.98981650034577
JOR,2023,29.651312175307815
JOR,2024,31.312807850269863
JOR,2025,32.97430445989565
JOR,2026,34.63580013485769
JOR,2027,36.29729580981974
JOR,2028,37.95879241944554
JOR,2029,39.62028809440757
JOR,2030,41.28178376936962
JPN,2010,936.6008099872788
JPN,2011,946.7153811679157
JPN,2012,973.8275501106325
JPN,2013,987.1219258147921
JPN,2014,962.1219807300813
JPN,2015,933.7384069855505
JPN,2016,916.7918689890387
JPN,2017,921.4177958498102
JPN,2018,907.4689063630196
JPN,2019,881.1929803554946
JPN,2020,816.1379855810936
JPN,2021,835.7287583607792
JPN,2022,803.1420729415363
JPN,2023,770.5553875222934
JPN,2024,737.9687024540876
JPN,2025,705.3820170348447
JPN,2026,672.7953323176762
JPN,2027,640.2086468984334
JPN,2028,607.6219614791903
JPN,2029,575.0352764109845
JPN,2030,542.4485909917416
JPN,2031,517.7760477767117
JPN,2032,493.10350491271913
JPN,2033,468.4309616976892
JPN,2034,443.7584184826594
JPN,2035,419.0858752676295
JPN,2036,394.4133320525997
JPN,2037,369.74078883756977
JPN,2038,345.0682459735771
JPN,2039,320.39570275854726
JPN,2040,295.7231595435174
JPN,2041,271.05061632848754
JPN,2042,246.37807311345765
JPN,2043,221.70552989842784
JPN,2044,197.0329870344351
JPN,2045,172.36044381940528
JPN,2046,147.6879006043754
JPN,2047,123.01535738934551
JPN,2048,98.34281417431566
JPN,2049,73.67027131032302
JPN,2050,48.997728095293134
KAZ,2010,315.3775436056302
KAZ,2011,324.92470040750555
KAZ,2012,313.02905905299224
KAZ,2013,324.0689442395079
KAZ,2014,304.3180873096554
KAZ,2015,285.7240263147158
KAZ,2016,296.6908882577266
KAZ,2017,318.45717508662864
KAZ,2018,341.207768217779
KAZ,2019,336.96821437785974
KAZ,2020,320.2901416603372
KAZ,2021,323.28105109598664
KAZ,2022,320.3115836706957
KAZ,2023,317.34211529280765
KAZ,2024,314.3726478675167
KAZ,2025,311.4031804422258
KAZ,2026,308.43371301693486
KAZ,2027,305.4642446390468
KAZ,2028,302.49477721375587
KAZ,2029,299.52530978846494
KAZ,2030,296.555842363174
KEN,2010,79.9539830893014
KEN,2011,83.02116749439487
KEN,2012,82.3444417917593
KEN,2013,83.0117891254898
KEN,2014,85.26469624264584
KEN,2015,89.02231562285662
KEN,2016,95.00800819936282
KEN,2017,91.01974835960885
KEN,2018,94.08110567148931
KEN,2019,102.45344036206421
KEN,2020,102.21025300410994
KEN,2021,106.56539789747141
KEN,2022,113.11520507218962
KEN,2023,119.66501224690786
KEN,2024,126.21481942162609
KEN,2025,132.76462659634433
KEN,2026,139.3144337710625
KEN,2027,145.86424094578078
KEN,2028,152.41404812049902
KEN,2029,158.96385529521723
KEN,2030,165.51366246993544
KGZ,2010,15.271022242608877
KGZ,2011,16.943602842163425
KGZ,2012,19.942364057968096
KGZ,2013,20.20973711264776
KGZ,2014,21.29362812931489
KGZ,2015,21.518933019660807
KGZ,2016,21.05293377227917
KGZ,2017,21.000854882974824
KGZ,2018,24.35056252334366
KGZ,2019,23.618244468531003
KGZ,2020,23.34071156838175
KGZ,2021,24.759645135000394
KGZ,2022,24.273108873781837
KGZ,2023,23.78657376853614
KGZ,2024,23.300038663290444
KGZ,2025,22.813502402071887
KGZ,2026,24.077997994548177
KGZ,2027,25.34249358702447
KGZ,2028,26.606988023527904
KGZ,2029,27.871483616004205
KGZ,2030,29.135978630494066
KGZ,2031,29.162835347958506
KGZ,2032,29.189691487436516
KGZ,2033,29.216548204900953
KGZ,2034,29.243404344378966
KGZ,2035,29.270261061843403
KGZ,2036,29.297117201321417
KGZ,2037,29.323973918785857
KGZ,2038,29.350830636250294
KGZ,2039,29.377686775728304
KGZ,2040,29.40454349319274
KGZ,2041,29.431399632670754
KGZ,2042,29.458256350135198
KGZ,2043,29.485112489613204
KGZ,2044,29.511969207077644
KGZ,2045,29.538825346555655
KGZ,2046,29.565682064020095
KGZ,2047,29.59253878148453
KGZ,2048,29.619394920962538
KGZ,2049,29.646251638426985
KGZ,2050,29.673107777904995
KHM,2010,32.53886058535326
KHM,2011,33.73897903931959
KHM,2012,33.252993820502624
KHM,2013,33.297469956716675
KHM,2014,33.72838991648427
KHM,2015,35.99270864207402
KHM,2016,38.15242855636564
KHM,2017,41.479157586295976
KHM,2018,43.13137525698149
KHM,2019,45.96897802946183
KHM,2020,45.65205875999151
KHM,2021,46.077741295715164
KHM,2022,47.485073239052376
KHM,2023,48.89240417110866
KHM,2024,50.29973611444587
KHM,2025,51.70706704650215
KHM,2026,53.19967626729244
KHM,2027,54.69228548808274
KHM,2028,56.18489572015399
KHM,2029,57.67750494094428
KHM,2030,59.17011416173458
KHM,2031,57.475709389267045
KHM,2032,55.7813046167995
KHM,2033,54.08690034997244
KHM,2034,52.39249608314538
KHM,2035,50.69809181631832
KHM,2036,49.00368704385078
KHM,2037,47.30928227138324
KHM,2038,45.61487800455618
KHM,2039,43.92047373772912
KHM,2040,42.226068965261575
KHM,2041,40.53166469843452
KHM,2042,38.837259925966976
KHM,2043,37.14285565913992
KHM,2044,35.448450886672376
KHM,2045,33.75404661984532
KHM,2046,32.05964235301825
KHM,2047,30.365238086191187
KHM,2048,28.670832808083176
KHM,2049,26.97642854125611
KHM,2050,25.282024274429048
KIR,2010,NA
KIR,2011,NA
KIR,2012,NA
KIR,2013,NA
KIR,2014,NA
KIR,2015,NA
KIR,2016,NA
KIR,2017,NA
KIR,2018,NA
KIR,2019,NA
KIR,2020,NA
KIR,2021,NA
KIR,2022,NA
KIR,2023,NA
KIR,2024,NA
KIR,2025,NA
KIR,2026,NA
KIR,2027,NA
KIR,2028,NA
KIR,2029,NA
KIR,2030,NA
KNA,2010,0.04882956916847579
KNA,2011,0.05126348914295891
KNA,2012,0.04893314023121976
KNA,2013,0.04976214946109802
KNA,2014,0.05139350388129708
KNA,2015,0.052219648379652636
KNA,2016,0.053039402323072936
KNA,2017,0.05385034170796183
KNA,2018,0.05547155938584976
KNA,2019,0.05730785229190389
KNA,2020,0.05052152367857823
KNA,2021,0.056559275908624654
KNA,2022,0.057736900928419835
KNA,2023,0.058914525948215016
KNA,2024,0.0600921509680102
KNA,2025,0.06126977598780538
KNA,2026,0.06244740100760055
KNA,2027,0.06362502602739573
KNA,2028,0.06480243068322762
KNA,2029,0.0659800557030228
KNA,2030,0.06715768072281798
KOR,2010,491.08690750961586
KOR,2011,509.41143896779505
KOR,2012,510.05407868829417
KOR,2013,515.6333312653267
KOR,2014,518.2747775581037
KOR,2015,519.5285322683311
KOR,2016,539.8307642784972
KOR,2017,544.2807399058494
KOR,2018,555.2890627113555
KOR,2019,534.5278658260759
KOR,2020,503.2581498828993
KOR,2021,517.056879018814
KOR,2022,495.30161661519213
KOR,2023,473.5463542115702
KOR,2024,451.7910918079483
KOR,2025,430.03582940432636
KOR,2026,408.2805670007045
KOR,2027,386.52530459708254
KOR,2028,364.77004219346065
KOR,2029,343.01477978983877
KOR,2030,321.2595173862169
KOR,2031,306.02577093744617
KOR,2032,290.7920248566197
KOR,2033,275.558278407849
KOR,2034,260.3245323270226
KOR,2035,245.09078587825192
KOR,2036,229.8570394294812
KOR,2037,214.62329334865478
KOR,2038,199.389546899884
KOR,2039,184.15580045111338
KOR,2040,168.9220543702869
KOR,2041,153.68830792151624
KOR,2042,138.45456184068985
KOR,2043,123.22081539191912
KOR,2044,107.98706894314843
KOR,2045,92.753322862322
KOR,2046,77.51957641355129
KOR,2047,62.28583033272487
KOR,2048,47.05208388395417
KOR,2049,31.81833743518346
KOR,2050,16.58459135435704
KWT,2010,79.82423486647662
KWT,2011,80.23422387379513
KWT,2012,91.01296605664733
KWT,2013,88.90595331421116
KWT,2014,85.28601276007036
KWT,2015,89.17390992810478
KWT,2016,93.78876535741708
KWT,2017,94.61471905831314
KWT,2018,96.15538520521781
KWT,2019,97.37474445372905
KWT,2020,92.48365145296722
KWT,2021,94.74356355023782
KWT,2022,94.28534730114582
KWT,2023,93.82713039918741
KWT,2024,93.36891415009543
KWT,2025,92.91069724813703
KWT,2026,92.45248099904505
KWT,2027,91.99426409708664
KWT,2028,91.53604784799465
KWT,2029,91.07783094603624
KWT,2030,90.61961469694427
LAO,2010,15.275381730889634
LAO,2011,15.031810114636807
LAO,2012,16.133464621306413
LAO,2013,17.14604843654901
LAO,2014,17.57648610602374
LAO,2015,23.111432329362042
LAO,2016,29.779623632221103
LAO,2017,33.80676164713947
LAO,2018,35.04087687153996
LAO,2019,37.35634088853733
LAO,2020,37.79254990242321
LAO,2021,38.4009883201826
LAO,2022,37.76637802214637
LAO,2023,37.13176772411014
LAO,2024,36.4971563606605
LAO,2025,35.862546062624276
LAO,2026,35.22793576458804
LAO,2027,34.59332546655181
LAO,2028,33.958714103102174
LAO,2029,33.324103805065945
LAO,2030,32.68949350702972
LAO,2031,31.006142991755574
LAO,2032,29.322792476481432
LAO,2033,27.639441961207282
LAO,2034,25.956091445933136
LAO,2035,24.272740930658994
LAO,2036,22.589390415384848
LAO,2037,20.906039900110702
LAO,2038,19.22268938483656
LAO,2039,17.539338869562414
LAO,2040,15.855988354288268
LAO,2041,14.172637839014124
LAO,2042,12.48928732373998
LAO,2043,10.805936808465834
LAO,2044,9.12258629319169
LAO,2045,7.439235777917545
LAO,2046,5.7558852626434
LAO,2047,4.072534747369255
LAO,2048,2.3891842320951104
LAO,2049,0.7058337168209649
LAO,2050,-0.9775167984531803
LBN,2010,17.594326248420856
LBN,2011,18.017054931696475
LBN,2012,19.793100360918327
LBN,2013,19.793529607488754
LBN,2014,21.300341966697225
LBN,2015,22.718541552003835
LBN,2016,23.341347242315866
LBN,2017,24.446049555234918
LBN,2018,17.95003770076868
LBN,2019,18.157773058685677
LBN,2020,17.301250011581036
LBN,2021,17.80032611804881
LBN,2022,18.380913187918818
LBN,2023,18.96150099786912
LBN,2024,19.542088067739126
LBN,2025,20.122675137609132
LBN,2026,20.70326294755943
LBN,2027,21.283850017429437
LBN,2028,21.864437087299443
LBN,2029,22.445024897249745
LBN,2030,23.02561196711975
LBR,2010,2.9313350138403518
LBR,2011,3.100006784890532
LBR,2012,3.32624830922073
LBR,2013,3.2955213026278423
LBR,2014,3.7289116631012855
LBR,2015,3.9274750664062568
LBR,2016,4.043414870812845
LBR,2017,3.997480359004329
LBR,2018,4.213843235636946
LBR,2019,4.436408189813951
LBR,2020,4.4863884980024435
LBR,2021,4.623039124534861
LBR,2022,5.415700449651745
LBR,2023,6.208362697834197
LBR,2024,7.0010249460166465
LBR,2025,7.793687194199098
LBR,2026,8.597167770826292
LBR,2027,9.400649270519056
LBR,2028,10.204130770211819
LBR,2029,11.007612269904582
LBR,2030,11.811093769597344
LCA,2010,0.19320495385772504
LCA,2011,0.17838006414845
LCA,2012,0.17627932343521097
LCA,2013,0.1646361131676306
LCA,2014,0.18556131963626005
LCA,2015,0.1910661953374966
LCA,2016,0.17798858348728883
LCA,2017,0.1870188401555702
LCA,2018,0.19210140994673522
LCA,2019,0.19969880629483472
LCA,2020,0.17582978855526865
LCA,2021,0.19669591329681999
LCA,2022,0.2014088369781353
LCA,2023,0.20612201753652487
LCA,2024,0.21083545497198866
LCA,2025,0.21554863553037826
LCA,2026,0.21943004812233738
LCA,2027,0.22331171759137075
LCA,2028,0.22719338706040415
LCA,2029,0.23107505652943755
LCA,2030,0.23495672599847095
LIE,2010,0.2406060538462882
LIE,2011,0.23444603186273036
LIE,2012,0.24072741144829918
LIE,2013,0.25719608751379053
LIE,2014,0.21995503523741813
LIE,2015,0.22078768322899353
LIE,2016,0.20161318211125717
LIE,2017,0.21363657416234597
LIE,2018,0.20745183118578592
LIE,2019,0.20522806549708453
LIE,2020,0.1853816028422873
LIE,2021,0.19434858121309934
LIE,2022,0.19064043226276353
LIE,2023,0.18693115963092763
LIE,2024,0.18322301068059182
LIE,2025,0.17951486173025605
LIE,2026,0.17580671277992024
LIE,2027,0.17209744014808437
LIE,2028,0.16838929119774856
LIE,2029,0.1646811422474128
LIE,2030,0.16097186961557686
LKA,2010,26.80318385164595
LKA,2011,28.919755385132813
LKA,2012,30.078544408913334
LKA,2013,28.848570284136386
LKA,2014,31.302234215132135
LKA,2015,34.24582358311477
LKA,2016,36.552500242459594
LKA,2017,35.57635720149885
LKA,2018,35.650828597521105
LKA,2019,37.96571579609206
LKA,2020,37.76713170771566
LKA,2021,37.02981829108025
LKA,2022,38.266123046884786
LKA,2023,39.50242780268932
LKA,2024,40.73873161334143
LKA,2025,41.97503636914597
LKA,2026,43.211340179798064
LKA,2027,44.44764493560261
LKA,2028,45.683948746254714
LKA,2029,46.92025350205925
LKA,2030,48.15655825786379
LKA,2031,46.27318985624074
LKA,2032,44.389822399770125
LKA,2033,42.50645399814707
LKA,2034,40.62308559652402
LKA,2035,38.739718140053405
LKA,2036,36.85634973843035
LKA,2037,34.97298228195974
LKA,2038,33.089613880336685
LKA,2039,31.206246423866066
LKA,2040,29.322878022243014
LKA,2041,27.4395105657724
LKA,2042,25.556142164149346
LKA,2043,23.672774707678734
LKA,2044,21.789406306055678
LKA,2045,19.906038849585066
LKA,2046,18.022670447962014
LKA,2047,16.139302991491398
LKA,2048,14.255934589868346
LKA,2049,12.372566188245292
LKA,2050,10.489198731774678
LSO,2010,2.669801269023541
LSO,2011,2.7204861216025917
LSO,2012,2.7660131360363787
LSO,2013,2.7145401451688347
LSO,2014,2.706542488975352
LSO,2015,2.635764692239074
LSO,2016,2.634800712050459
LSO,2017,2.822136486470985
LSO,2018,2.7134404173244255
LSO,2019,2.641401942991509
LSO,2020,2.6048869691326884
LSO,2021,2.657512383137186
LSO,2022,2.7129518403185497
LSO,2023,2.768391297499914
LSO,2024,2.823830181906359
LSO,2025,2.8792696390877226
LSO,2026,2.9347090962690863
LSO,2027,2.9901485534504504
LSO,2028,3.045587437856895
LSO,2029,3.1010268950382587
LSO,2030,3.156466352219623
LTU,2010,23.009195741902776
LTU,2011,24.74532086022358
LTU,2012,25.07010553826144
LTU,2013,23.134207092894822
LTU,2014,23.852223875176144
LTU,2015,24.523653458168173
LTU,2016,24.004291135404475
LTU,2017,24.8393273577622
LTU,2018,24.688534102156304
LTU,2019,24.96233320922683
LTU,2020,24.60059957646394
LTU,2021,24.96123408641973
LTU,2022,24.215499476633347
LTU,2023,23.469764866846965
LTU,2024,22.724030257060583
LTU,2025,21.97829470704939
LTU,2026,21.232560097263008
LTU,2027,20.486825487476626
LTU,2028,19.741090877690244
LTU,2029,18.99535532767905
LTU,2030,18.249620717892665
LTU,2031,17.337157922359417
LTU,2032,16.42469606705098
LTU,2033,15.51223327151773
LTU,2034,14.599771416209295
LTU,2035,13.687308620676045
LTU,2036,12.774845825142798
LTU,2037,11.862383969834362
LTU,2038,10.949921174301112
LTU,2039,10.037458378767862
LTU,2040,9.124996523459426
LTU,2041,8.212533727926179
LTU,2042,7.3000718726177425
LTU,2043,6.387609077084492
LTU,2044,5.475146281551242
LTU,2045,4.562684426242807
LTU,2046,3.6502216307095576
LTU,2047,2.737758835176308
LTU,2048,1.8252969798678726
LTU,2049,0.9128341843346232
LTU,2050,3.723290261874022e-4
LUX,2010,10.901536371713307
LUX,2011,10.758860734483346
LUX,2012,10.533774247454893
LUX,2013,10.066765223527739
LUX,2014,9.683621747954987
LUX,2015,9.242285795549428
LUX,2016,9.035782084961467
LUX,2017,9.220538777674047
LUX,2018,9.53045124059475
LUX,2019,9.632627489599885
LUX,2020,8.159634557588753
LUX,2021,8.40959693407481
LUX,2022,8.260236394690489
LUX,2023,8.110876762225464
LUX,2024,7.961517129760442
LUX,2025,7.812157497295419
LUX,2026,7.662797864830396
LUX,2027,7.513437325446074
LUX,2028,7.364077692981051
LUX,2029,7.214718060516028
LUX,2030,7.065358428051005
LUX,2031,6.712096129548109
LUX,2032,6.358832924125916
LUX,2033,6.00557062562302
LUX,2034,5.652307420200826
LUX,2035,5.29904512169793
LUX,2036,4.945782823195034
LUX,2037,4.592519617772841
LUX,2038,4.239257319269945
LUX,2039,3.8859950207670497
LUX,2040,3.5327318153448557
LUX,2041,3.1794695168419604
LUX,2042,2.826207218339065
LUX,2043,2.4729440129168707
LUX,2044,2.1196817144139755
LUX,2045,1.7664194159110804
LUX,2046,1.413156210488886
LUX,2047,1.0598939119859907
LUX,2048,0.7066307065637961
LUX,2049,0.353368408060901
LUX,2050,1.0610955800574232e-4
LVA,2010,13.070339519827368
LVA,2011,12.452160688777045
LVA,2012,12.401752499953728
LVA,2013,12.261379224468483
LVA,2014,12.190144831076402
LVA,2015,19.836517665887236
LVA,2016,12.07034593905962
LVA,2017,12.037968940449769
LVA,2018,11.83053230836866
LVA,2019,12.411127839489458
LVA,2020,11.31015399750187
LVA,2021,12.520552101889958
LVA,2022,12.48551799095592
LVA,2023,12.450482880731801
LVA,2024,12.415448769797761
LVA,2025,12.380413659573643
LVA,2026,12.345379548639603
LVA,2027,12.310344438415484
LVA,2028,12.275310327481446
LVA,2029,12.240275217257325
LVA,2030,12.205241106323287
LVA,2031,11.594990642772057
LVA,2032,10.984740179220827
LVA,2033,10.374489715669597
LVA,2034,9.764239252118367
LVA,2035,9.153988788567137
LVA,2036,8.543738325015907
LVA,2037,7.933487861464678
LVA,2038,7.323237397913447
LVA,2039,6.712986934362217
LVA,2040,6.102736470810987
LVA,2041,5.492486007259758
LVA,2042,4.882235543708528
LVA,2043,4.271985080157298
LVA,2044,3.661733617315987
LVA,2045,3.0514831537647567
LVA,2046,2.441232690213527
LVA,2047,1.830982226662297
LVA,2048,1.2207317631110672
LVA,2049,0.6104812995598372
LVA,2050,2.3083600860728974e-4
MAR,2010,71.62803030397741
MAR,2011,73.09094656529217
MAR,2012,74.83855111739047
MAR,2013,75.93204616731695
MAR,2014,77.03581551600959
MAR,2015,78.90895879603782
MAR,2016,78.34369127547379
MAR,2017,82.47643370586461
MAR,2018,84.28455224789973
MAR,2019,88.94985022102524
MAR,2020,84.67967566878751
MAR,2021,90.85587915914553
MAR,2022,90.72920451290949
MAR,2023,90.60252904354424
MAR,2024,90.47585439730818
MAR,2025,90.34917975107214
MAR,2026,90.22250510483609
MAR,2027,90.09582963547084
MAR,2028,89.9691549892348
MAR,2029,89.84248034299874
MAR,2030,89.71580487363349
MAR,2031,87.20364704640245
MAR,2032,84.69148839604222
MAR,2033,82.17933015724655
MAR,2034,79.66717150688632
MAR,2035,77.15501285652607
MAR,2036,74.64285461773044
MAR,2037,72.13069596737022
MAR,2038,69.61853814013917
MAR,2039,67.10637948977892
MAR,2040,64.59422083941867
MAR,2041,62.08206260062303
MAR,2042,59.56990395026279
MAR,2043,57.05774571146715
MAR,2044,54.54558747267151
MAR,2045,52.03342923387587
MAR,2046,49.52127058351564
MAR,2047,47.00911193315539
MAR,2048,44.49695369435974
MAR,2049,41.9847950439995
MAR,2050,39.47263680520386
MCO,2010,NA
MCO,2011,NA
MCO,2012,NA
MCO,2013,NA
MCO,2014,NA
MCO,2015,NA
MCO,2016,NA
MCO,2017,NA
MCO,2018,NA
MCO,2019,NA
MCO,2020,NA
MCO,2021,NA
MCO,2022,NA
MCO,2023,NA
MCO,2024,NA
MCO,2025,NA
MCO,2026,NA
MCO,2027,NA
MCO,2028,NA
MCO,2029,NA
MCO,2030,NA
MCO,2031,NA
MCO,2032,NA
MCO,2033,NA
MCO,2034,NA
MCO,2035,NA
MCO,2036,NA
MCO,2037,NA
MCO,2038,NA
MCO,2039,NA
MCO,2040,NA
MCO,2041,NA
MCO,2042,NA
MCO,2043,NA
MCO,2044,NA
MCO,2045,NA
MCO,2046,NA
MCO,2047,NA
MCO,2048,NA
MCO,2049,NA
MCO,2050,NA
MDA,2010,10.37927621963477
MDA,2011,10.635838631510223
MDA,2012,10.300576093292605
MDA,2013,10.537885706006387
MDA,2014,10.484443323386639
MDA,2015,10.471369108747002
MDA,2016,10.759071786486862
MDA,2017,11.294361314074104
MDA,2018,13.041574074538005
MDA,2019,12.403003747814397
MDA,2020,11.977136127634918
MDA,2021,12.88303204541754
MDA,2022,13.303889090886567
MDA,2023,13.724744887147239
MDA,2024,14.145601932616268
MDA,2025,14.566457728876939
MDA,2026,14.987314774345966
MDA,2027,15.40817057060664
MDA,2028,15.829027616075667
MDA,2029,16.24988341233634
MDA,2030,16.670740457805366
MDG,2010,27.350831734463306
MDG,2011,27.31520660038843
MDG,2012,28.326361822445016
MDG,2013,27.70094977157974
MDG,2014,27.828649405542144
MDG,2015,28.017398586697436
MDG,2016,28.98291531722812
MDG,2017,28.287989776449795
MDG,2018,29.748770978948407
MDG,2019,30.494214608643762
MDG,2020,30.992387288071843
MDG,2021,31.12604671076771
MDG,2022,30.951880112734028
MDG,2023,30.77771270007641
MDG,2024,30.603545287418786
MDG,2025,30.42937787476117
MDG,2026,30.25521046210355
MDG,2027,30.08104386406987
MDG,2028,29.906876451412245
MDG,2029,29.732709038754628
MDG,2030,29.558541626097007
MDV,2010,NA
MDV,2011,NA
MDV,2012,NA
MDV,2013,NA
MDV,2014,NA
MDV,2015,NA
MDV,2016,NA
MDV,2017,NA
MDV,2018,NA
MDV,2019,NA
MDV,2020,NA
MDV,2021,NA
MDV,2022,NA
MDV,2023,NA
MDV,2024,NA
MDV,2025,NA
MDV,2026,NA
MDV,2027,NA
MDV,2028,NA
MDV,2029,NA
MDV,2030,NA
MDV,2031,NA
MDV,2032,NA
MDV,2033,NA
MDV,2034,NA
MDV,2035,NA
MDV,2036,NA
MDV,2037,NA
MDV,2038,NA
MDV,2039,NA
MDV,2040,NA
MDV,2041,NA
MDV,2042,NA
MDV,2043,NA
MDV,2044,NA
MDV,2045,NA
MDV,2046,NA
MDV,2047,NA
MDV,2048,NA
MDV,2049,NA
MDV,2050,NA
MEX,2010,694.7430668640474
MEX,2011,708.25756568994
MEX,2012,707.8271195570039
MEX,2013,713.2039960119699
MEX,2014,711.3276901009418
MEX,2015,695.9302576773559
MEX,2016,711.4909654978852
MEX,2017,699.2587561734881
MEX,2018,692.6157482009205
MEX,2019,669.3827389905528
MEX,2020,602.8634146483603
MEX,2021,629.3577191042365
MEX,2022,638.6459165845347
MEX,2023,647.9341149530246
MEX,2024,657.2223124333228
MEX,2025,666.510509913621
MEX,2026,675.7987082821111
MEX,2027,685.0869057624092
MEX,2028,694.3751032427075
MEX,2029,703.6633016111973
MEX,2030,712.9514990914956
MEX,2031,709.3981868346295
MEX,2032,689.8574226074153
MEX,2033,670.3166592683928
MEX,2034,650.7758959293704
MEX,2035,631.2351317021562
MEX,2036,611.6943683631337
MEX,2037,592.1536050241111
MEX,2038,572.612840796897
MEX,2039,553.0720774578746
MEX,2040,533.5313132306603
MEX,2041,513.9905498916378
MEX,2042,494.44978655261536
MEX,2043,474.9090223254011
MEX,2044,455.3682589863787
MEX,2045,435.82749564735616
MEX,2046,416.28673142014196
MEX,2047,396.7459680811195
MEX,2048,377.20520474209695
MEX,2049,357.66444051488276
MEX,2050,338.1236771758603
MHL,2010,NA
MHL,2011,NA
MHL,2012,NA
MHL,2013,NA
MHL,2014,NA
MHL,2015,NA
MHL,2016,NA
MHL,2017,NA
MHL,2018,NA
MHL,2019,NA
MHL,2020,NA
MHL,2021,NA
MHL,2022,NA
MHL,2023,NA
MHL,2024,NA
MHL,2025,NA
MHL,2026,NA
MHL,2027,NA
MHL,2028,NA
MHL,2029,NA
MHL,2030,NA
MHL,2031,NA
MHL,2032,NA
MHL,2033,NA
MHL,2034,NA
MHL,2035,NA
MHL,2036,NA
MHL,2037,NA
MHL,2038,NA
MHL,2039,NA
MHL,2040,NA
MHL,2041,NA
MHL,2042,NA
MHL,2043,NA
MHL,2044,NA
MHL,2045,NA
MHL,2046,NA
MHL,2047,NA
MHL,2048,NA
MHL,2049,NA
MHL,2050,NA
MKD,2010,11.88473574424591
MKD,2011,12.873357994819546
MKD,2012,12.112574460456468
MKD,2013,11.131862491050219
MKD,2014,10.819012115940188
MKD,2015,10.272970304191672
MKD,2016,9.909921185188622
MKD,2017,10.47792896789657
MKD,2018,9.998404486373783
MKD,2019,10.957611157018706
MKD,2020,9.553110854309853
MKD,2021,9.963483666167772
MKD,2022,9.55481658650282
MKD,2023,9.146148469287873
MKD,2024,8.737481389622921
MKD,2025,8.32881430995797
MKD,2026,7.9201472302930185
MKD,2027,7.511480150628067
MKD,2028,7.1028120334131195
MKD,2029,6.694144953748168
MKD,2030,6.285477874083218
MKD,2031,6.606038283211457
MKD,2032,6.926599729889693
MKD,2033,7.247160139017932
MKD,2034,7.567721585696169
MKD,2035,7.888281994824408
MKD,2036,8.208843441502642
MKD,2037,8.529403850630882
MKD,2038,8.849965297309119
MKD,2039,9.170525706437358
MKD,2040,9.491087153115593
MKD,2041,9.811647562243834
MKD,2042,10.132209008922068
MKD,2043,10.452769418050309
MKD,2044,10.773330864728544
MKD,2045,11.093891273856785
MKD,2046,11.414452720535019
MKD,2047,11.735013129663258
MKD,2048,12.055574576341495
MKD,2049,12.376134985469735
MKD,2050,12.69669643214797
MLI,2010,27.243791337434477
MLI,2011,27.87150154550115
MLI,2012,28.747497462544413
MLI,2013,29.781004389853795
MLI,2014,30.60903758163739
MLI,2015,31.881789744451456
MLI,2016,35.02349706906156
MLI,2017,35.57819085000075
MLI,2018,36.84247834796096
MLI,2019,38.14903168205146
MLI,2020,40.044461059085464
MLI,2021,41.528209527681604
MLI,2022,44.350218820711376
MLI,2023,47.17222811374115
MLI,2024,49.99423740677092
MLI,2025,52.81624669980069
MLI,2026,56.45380869508258
MLI,2027,60.091369763136406
MLI,2028,63.728931758418284
MLI,2029,67.36649375370017
MLI,2030,71.00405574898204
MLT,2010,1.62493202664414
MLT,2011,1.627381066346604
MLT,2012,1.6905220895218258
MLT,2013,1.5215526255423193
MLT,2014,1.5293385838019224
MLT,2015,1.1543611026743656
MLT,2016,1.0025703409774047
MLT,2017,1.1195040559419975
MLT,2018,1.491099831988173
MLT,2019,1.4874336745406591
MLT,2020,1.477640688062025
MLT,2021,1.2411460391601399
MLT,2022,1.1928007687987663
MLT,2023,1.1444549697155226
MLT,2024,1.0961096993541493
MLT,2025,1.0477639002709054
MLT,2026,0.9994186299095318
MLT,2027,0.9510728308262882
MLT,2028,0.9027275604649146
MLT,2029,0.854381761381671
MLT,2030,0.8060364910202974
MLT,2031,0.7657351951911527
MLT,2032,0.725433899362008
MLT,2033,0.6851326035328632
MLT,2034,0.6448318364255886
MLT,2035,0.604530540596444
MLT,2036,0.5642292447672992
MLT,2037,0.5239279489381544
MLT,2038,0.4836271818308798
MLT,2039,0.44332588600173506
MLT,2040,0.40302459017259035
MLT,2041,0.3627238230653157
MLT,2042,0.322422527236171
MLT,2043,0.2821212314070262
MLT,2044,0.24181993557788153
MLT,2045,0.2015191684706069
MLT,2046,0.1612178726414622
MLT,2047,0.12091657681231745
MLT,2048,0.08061528098317271
MLT,2049,0.04031451387589811
MLT,2050,1.3218046753366637e-5
MMR,2010,104.37205525821841
MMR,2011,115.51696732962121
MMR,2012,99.46442434558017
MMR,2013,104.29988912225812
MMR,2014,123.7239243850914
MMR,2015,155.8450263854314
MMR,2016,171.1163225424405
MMR,2017,164.42128739129018
MMR,2018,168.61572551537273
MMR,2019,181.71614906997604
MMR,2020,184.30013003494062
MMR,2021,179.67757321759746
MMR,2022,177.36591649595735
MMR,2023,175.05425507477725
MMR,2024,172.74259835313714
MMR,2025,170.43094163149703
MMR,2026,168.11928021031693
MMR,2027,165.8076234886768
MMR,2028,163.49596676703666
MMR,2029,161.1843053458566
MMR,2030,158.87264862421648
MNE,2010,3.2345766828753058
MNE,2011,3.1745746195332374
MNE,2012,2.8695032657265824
MNE,2013,2.746199699066452
MNE,2014,2.6511333219309696
MNE,2015,2.8155657661326328
MNE,2016,2.6610802840903958
MNE,2017,2.745273251642937
MNE,2018,2.8293165507910327
MNE,2019,2.80954011616967
MNE,2020,2.7435924754610173
MNE,2021,2.384951806335348
MNE,2022,2.4108923341937842
MNE,2023,2.436832113710199
MNE,2024,2.462771893226613
MNE,2025,2.4887116727430274
MNE,2026,2.514651452259442
MNE,2027,2.5405912317758568
MNE,2028,2.5665317596342936
MNE,2029,2.592471539150708
MNE,2030,2.6184113186671225
MNG,2010,37.53704152090528
MNG,2011,48.61999972861225
MNG,2012,61.56296375788311
MNG,2013,70.01573646001265
MNG,2014,59.89070328750816
MNG,2015,54.32116441398297
MNG,2016,61.533564025548365
MNG,2017,73.8504814246333
MNG,2018,76.65997157898514
MNG,2019,82.4226692343821
MNG,2020,81.05030728107509
MNG,2021,83.02729678541914
MNG,2022,80.11078883398793
MNG,2023,77.19427995876308
MNG,2024,74.27777108353821
MNG,2025,71.36126220831338
MNG,2026,68.44475425688216
MNG,2027,65.52824538165731
MNG,2028,62.61173650643246
MNG,2029,59.69522855500124
MNG,2030,56.778719679776394
MOZ,2010,15.872204655207284
MOZ,2011,17.61197733286933
MOZ,2012,18.919037480420993
MOZ,2013,20.202503610914942
MOZ,2014,22.936575556991432
MOZ,2015,21.339251468610357
MOZ,2016,21.695463490178515
MOZ,2017,23.08230803366924
MOZ,2018,25.486475276698556
MOZ,2019,24.16916820365558
MOZ,2020,23.1231860277595
MOZ,2021,23.86021875456767
MOZ,2022,26.461053373517863
MOZ,2023,29.061887467549994
MOZ,2024,31.66272208650019
MOZ,2025,34.26355618053232
MOZ,2026,36.66196769701011
MOZ,2027,39.06037868856985
MOZ,2028,41.45878968012958
MOZ,2029,43.857200671689306
MOZ,2030,46.25561166324904
MRT,2010,9.913639954371988
MRT,2011,10.09915831141372
MRT,2012,10.597132920164752
MRT,2013,10.57405239730711
MRT,2014,11.136596350235596
MRT,2015,11.734893446028266
MRT,2016,11.712980979269492
MRT,2017,12.656918908463012
MRT,2018,12.440596081197711
MRT,2019,12.862852926900151
MRT,2020,12.969164295745081
MRT,2021,13.416477480591801
MRT,2022,13.44734587428347
MRT,2023,13.478214267975135
MRT,2024,13.50908183149189
MRT,2025,13.539950225183555
MRT,2026,13.570818618875219
MRT,2027,13.601687012566886
MRT,2028,13.63255457608364
MRT,2029,13.663422969775306
MRT,2030,13.69429136346697
MUS,2010,1.5681930578158576
MUS,2011,1.5945313049240457
MUS,2012,1.6314334261591041
MUS,2013,1.6743137688678715
MUS,2014,1.7485950825012522
MUS,2015,1.767151327376968
MUS,2016,1.8333202540704026
MUS,2017,1.9101020410911569
MUS,2018,1.922217144898919
MUS,2019,1.964514823967899
MUS,2020,1.8800185268130694
MUS,2021,1.9888707628312425
MUS,2022,2.0007877446727433
MUS,2023,2.012704726514244
MUS,2024,2.0246217083557445
MUS,2025,2.0365386901972453
MUS,2026,2.048455944184304
MUS,2027,2.060372926025805
MUS,2028,2.072289907867306
MUS,2029,2.084206889708806
MUS,2030,2.096123871550307
MWI,2010,11.731158526167764
MWI,2011,12.229578231067459
MWI,2012,12.656270047239266
MWI,2013,13.067967624481795
MWI,2014,13.742296912115767
MWI,2015,14.47766639274826
MWI,2016,14.905105068278704
MWI,2017,15.928425137328619
MWI,2018,17.97071378235973
MWI,2019,19.937274000339155
MWI,2020,19.9969726126379
MWI,2021,21.261962193645324
MWI,2022,22.370650707764877
MWI,2023,23.479339221884437
MWI,2024,24.58802773600399
MWI,2025,25.69671625012355
MWI,2026,26.805404764243104
MWI,2027,27.91409327836266
MWI,2028,29.022781792482217
MWI,2029,30.131470306601774
MWI,2030,31.240158820721327
MYS,2010,184.45522154684397
MYS,2011,186.36714046113713
MYS,2012,193.78095304570533
MYS,2013,210.73885602140723
MYS,2014,216.53620548136306
MYS,2015,214.41565537419604
MYS,2016,226.05253645265023
MYS,2017,222.42053318196793
MYS,2018,228.5908019641041
MYS,2019,232.5514223771684
MYS,2020,225.40752707428183
MYS,2021,220.1636376828866
MYS,2022,220.31471969533752
MYS,2023,220.4658017077884
MYS,2024,220.61688372023926
MYS,2025,220.76796573269016
MYS,2026,220.91904774514103
MYS,2027,221.0701297575919
MYS,2028,221.2212117700428
MYS,2029,221.37229378249367
MYS,2030,221.52337579494457
NAM,2010,9.871168258124769
NAM,2011,13.163271102800504
NAM,2012,14.611611414732616
NAM,2013,8.732247535488662
NAM,2014,8.898991890327478
NAM,2015,8.936613527212693
NAM,2016,9.547435871042195
NAM,2017,9.618428718208092
NAM,2018,9.04655496645113
NAM,2019,8.430581921706496
NAM,2020,10.553831598367289
NAM,2021,10.769501282427829
NAM,2022,10.337142496993923
NAM,2023,9.90478371156002
NAM,2024,9.472424181482353
NAM,2025,9.04006539604845
NAM,2026,8.607706610614546
NAM,2027,8.17534782518064
NAM,2028,7.742988295102974
NAM,2029,7.310629509669069
NAM,2030,6.878270724235166
NAM,2031,6.731563988440038
NAM,2032,6.584857997288674
NAM,2033,6.438151261493547
NAM,2034,6.291444525698418
NAM,2035,6.144738534547056
NAM,2036,5.998031798751927
NAM,2037,5.8513250629568
NAM,2038,5.704619071805436
NAM,2039,5.557912336010308
NAM,2040,5.4112056002151805
NAM,2041,5.264499609063817
NAM,2042,5.117792873268689
NAM,2043,4.971086137473562
NAM,2044,4.824380146322198
NAM,2045,4.67767341052707
NAM,2046,4.530966674731943
NAM,2047,4.384260683580578
NAM,2048,4.237553947785451
NAM,2049,4.090847211990323
NAM,2050,3.9441412208389592
NER,2010,24.152339573709448
NER,2011,24.794889323806345
NER,2012,33.396493263343494
NER,2013,39.41033239679953
NER,2014,41.957510295500086
NER,2015,40.53715409146631
NER,2016,41.4451701726777
NER,2017,41.238747215207646
NER,2018,45.061289199256365
NER,2019,46.34021592688604
NER,2020,47.76252663606035
NER,2021,51.53720798473713
NER,2022,55.09124054738925
NER,2023,58.64527311004137
NER,2024,62.1993056726935
NER,2025,65.75333823534562
NER,2026,71.13170342212499
NER,2027,76.51006860890433
NER,2028,81.88843379568368
NER,2029,87.26679898246302
NER,2030,92.64516416924236
NGA,2010,254.09582127157537
NGA,2011,260.31676964748056
NGA,2012,269.3380851640293
NGA,2013,279.64729232510246
NGA,2014,296.69646619027327
NGA,2015,307.4759134112718
NGA,2016,293.9405552474284
NGA,2017,313.0709099349351
NGA,2018,330.035022728822
NGA,2019,337.64444637324135
NGA,2020,333.7530974285177
NGA,2021,339.6487740059729
NGA,2022,337.63984495890065
NGA,2023,335.6309159118284
NGA,2024,333.62198686475625
NGA,2025,331.613057817684
NGA,2026,329.60412877061174
NGA,2027,327.5951997235395
NGA,2028,325.5862706764673
NGA,2029,323.5773416293951
NGA,2030,321.5684125823229
NGA,2031,313.9311036945042
NGA,2032,306.293793944513
NGA,2033,298.65648419452185
NGA,2034,291.0191753067032
NGA,2035,283.38186555671194
NGA,2036,275.7445558067208
NGA,2037,268.1072460567297
NGA,2038,260.469937168911
NGA,2039,252.83262741891983
NGA,2040,245.19531766892868
NGA,2041,237.55800878110995
NGA,2042,229.9206990311188
NGA,2043,222.28338928112768
NGA,2044,214.64608039330895
NGA,2045,207.0087706433178
NGA,2046,199.37146089332663
NGA,2047,191.73415200550792
NGA,2048,184.09684225551678
NGA,2049,176.45953250552563
NGA,2050,168.82222275553448
NIC,2010,15.1912322157193
NIC,2011,16.269745965014245
NIC,2012,15.454283824761756
NIC,2013,14.717740036849833
NIC,2014,15.533198590067535
NIC,2015,17.87435934535932
NIC,2016,18.584599407180914
NIC,2017,18.321547798138454
NIC,2018,18.064856001772686
NIC,2019,19.948974719726472
NIC,2020,16.91722726620902
NIC,2021,19.323069432773256
NIC,2022,21.38071095853009
NIC,2023,23.438352484286927
NIC,2024,25.495994010043763
NIC,2025,27.553635535800602
NIC,2026,29.61220251653239
NIC,2027,31.670765910229388
NIC,2028,33.729329303926384
NIC,2029,35.787892697623384
NIC,2030,37.846459678355174
NIU,2010,NA
NIU,2011,NA
NIU,2012,NA
NIU,2013,NA
NIU,2014,NA
NIU,2015,NA
NIU,2016,NA
NIU,2017,NA
NIU,2018,NA
NIU,2019,NA
NIU,2020,NA
NIU,2021,NA
NIU,2022,NA
NIU,2023,NA
NIU,2024,NA
NIU,2025,NA
NLD,2010,199.11929372402543
NLD,2011,187.69986094889626
NLD,2012,185.66489521429932
NLD,2013,184.37326117295495
NLD,2014,178.27838535775172
NLD,2015,181.53800355097752
NLD,2016,181.75765555394435
NLD,2017,178.94255752592366
NLD,2018,173.9860156810755
NLD,2019,170.40700383706078
NLD,2020,155.03313410783855
NLD,2021,159.75474497747024
NLD,2022,153.30311568203305
NLD,2023,146.85148638659587
NLD,2024,140.39985709115865
NLD,2025,133.94822696723367
NLD,2026,127.49659767179648
NLD,2027,121.04496837635928
NLD,2028,114.59333908092209
NLD,2029,108.14170978548492
NLD,2030,101.6900796615599
NLD,2031,96.60567563553657
NLD,2032,91.52127078102541
NLD,2033,86.43686592651426
NLD,2034,81.3524610720031
NLD,2035,76.26805621749195
NLD,2036,71.1836521914686
NLD,2037,66.09924733695745
NLD,2038,61.01484248244629
NLD,2039,55.930437627935135
NLD,2040,50.846032773423985
NLD,2041,45.76162791891283
NLD,2042,40.67722389288949
NLD,2043,35.59281903837833
NLD,2044,30.508414183867174
NLD,2045,25.42400932935602
NLD,2046,20.339604474844865
NLD,2047,15.255200448821524
NLD,2048,10.17079559431037
NLD,2049,5.0863907397992145
NLD,2050,0.001985885288059619
NOR,2010,46.790171147167534
NOR,2011,45.89504091163368
NOR,2012,45.294854644741456
NOR,2013,45.06156909410787
NOR,2014,45.406170849064694
NOR,2015,45.78057843844725
NOR,2016,45.225221320202834
NOR,2017,44.75899067935243
NOR,2018,44.62332876457081
NOR,2019,42.88675977829243
NOR,2020,41.30465457351209
NOR,2021,42.62427436493509
NOR,2022,41.87241338103632
NOR,2023,41.120553194468734
NOR,2024,40.36869221056996
NOR,2025,39.61683202400238
NOR,2026,38.864971837434794
NOR,2027,38.11311085353602
NOR,2028,37.36125066696844
NOR,2029,36.60938968306966
NOR,2030,35.85752949650208
NOR,2031,35.14727724058755
NOR,2032,34.437025383338614
NOR,2033,33.726773127424075
NOR,2034,33.01652127017515
NOR,2035,32.30626941292621
NOR,2036,31.596017555677275
NOR,2037,30.88576529976275
NOR,2038,30.17551344251381
NOR,2039,29.465261186599285
NOR,2040,28.75500932935034
NOR,2041,28.044757472101416
NOR,2042,27.33450561485248
NOR,2043,26.624253358937946
NOR,2044,25.91400150168901
NOR,2045,25.203749245774482
NOR,2046,24.493496989859953
NOR,2047,23.783245531276606
NOR,2048,23.07299327536208
NOR,2049,22.362741418113146
NOR,2050,21.652489162198613
NPL,2010,38.396972804292226
NPL,2011,39.52769306555977
NPL,2012,40.092746714826994
NPL,2013,41.55109555693071
NPL,2014,43.46008042303226
NPL,2015,42.53170041090181
NPL,2016,46.197939975139164
NPL,2017,48.6947508900051
NPL,2018,50.90006362431743
NPL,2019,52.56058905033869
NPL,2020,52.683800814411384
NPL,2021,53.03137570296002
NPL,2022,53.755031374506814
NPL,2023,54.47868808850725
NPL,2024,55.202344802507675
NPL,2025,55.926000474054476
NPL,2026,57.95175265590226
NPL,2027,59.97750379529642
NPL,2028,62.00325597714421
NPL,2029,64.02900711653837
NPL,2030,66.05475929838616
NPL,2031,62.75221929541075
NPL,2032,59.44967824998171
NPL,2033,56.1471382470063
NPL,2034,52.8445982440309
NPL,2035,49.54205719860187
NPL,2036,46.239517195626455
NPL,2037,42.93697719265105
NPL,2038,39.63443614722201
NPL,2039,36.331896144246606
NPL,2040,33.0293561412712
NPL,2041,29.726816138295796
NPL,2042,26.42427509286676
NPL,2043,23.121735089891352
NPL,2044,19.819195086915943
NPL,2045,16.516654041486913
NPL,2046,13.214114038511504
NPL,2047,9.911574035536097
NPL,2048,6.609032990107062
NPL,2049,3.3064929871316555
NPL,2050,0.0039529841562486465
NRU,2010,NA
NRU,2011,NA
NRU,2012,NA
NRU,2013,NA
NRU,2014,NA
NRU,2015,NA
NRU,2016,NA
NRU,2017,NA
NRU,2018,NA
NRU,2019,NA
NRU,2020,NA
NRU,2021,NA
NRU,2022,NA
NRU,2023,NA
NRU,2024,NA
NRU,2025,NA
NRU,2026,NA
NRU,2027,NA
NRU,2028,NA
NRU,2029,NA
NRU,2030,NA
NRU,2031,NA
NRU,2032,NA
NRU,2033,NA
NRU,2034,NA
NRU,2035,NA
NRU,2036,NA
NRU,2037,NA
NRU,2038,NA
NRU,2039,NA
NRU,2040,NA
NRU,2041,NA
NRU,2042,NA
NRU,2043,NA
NRU,2044,NA
NRU,2045,NA
NRU,2046,NA
NRU,2047,NA
NRU,2048,NA
NRU,2049,NA
NRU,2050,NA
NZL,2010,72.95665802973042
NZL,2011,72.82160685570723
NZL,2012,76.08709100020188
NZL,2013,75.40863419834251
NZL,2014,77.49292040345348
NZL,2015,76.43502578558615
NZL,2016,75.68022209847793
NZL,2017,75.74972578469777
NZL,2018,75.41252794361627
NZL,2019,75.95156601500231
NZL,2020,71.1779733717174
NZL,2021,70.70828243734002
NZL,2022,68.20541112092393
NZL,2023,65.70253897179924
NZL,2024,63.199667655383145
NZL,2025,60.69679633896704
NZL,2026,58.193925022550935
NZL,2027,55.69105287342626
NZL,2028,53.18818155701016
NZL,2029,50.68531024059405
NZL,2030,48.18243892417795
NZL,2031,46.58709545923059
NZL,2032,44.99175199428322
NZL,2033,43.396408945690155
NZL,2034,41.80106548074279
NZL,2035,40.20572201579543
NZL,2036,38.61037855084807
NZL,2037,37.015035502254996
NZL,2038,35.41969203730764
NZL,2039,33.824348988714554
NZL,2040,32.22900594012148
NZL,2041,30.633662475174123
NZL,2042,29.03831901022676
NZL,2043,27.442975545279403
NZL,2044,25.84763249668632
NZL,2045,24.25228903173896
NZL,2046,22.656945566791602
NZL,2047,21.06160251819852
NZL,2048,19.46625946960545
NZL,2049,17.870916004658085
NZL,2050,16.275572539710726
OMN,2010,68.35235640948194
OMN,2011,75.43419534179085
OMN,2012,81.35404776353516
OMN,2013,86.59532699293983
OMN,2014,86.08513791207677
OMN,2015,88.18749505911639
OMN,2016,87.80567227692674
OMN,2017,92.11878417585515
OMN,2018,95.15073305068867
OMN,2019,95.14219538758282
OMN,2020,91.35582174080163
OMN,2021,98.12195318192518
OMN,2022,99.76090930856361
OMN,2023,101.39986543520202
OMN,2024,103.03882156184045
OMN,2025,104.6777767195011
OMN,2026,106.31673284613952
OMN,2027,107.95568897277795
OMN,2028,109.59464509941637
OMN,2029,111.23360122605479
OMN,2030,112.87255735269322
PAK,2010,365.7912391025896
PAK,2011,373.7629912079434
PAK,2012,374.2611507654266
PAK,2013,382.2352385767424
PAK,2014,391.46250574619967
PAK,2015,410.3195287466018
PAK,2016,450.28743510392445
PAK,2017,486.81298181225696
PAK,2018,504.7831562483438
PAK,2019,522.3535461248048
PAK,2020,531.4113597256625
PAK,2021,561.7253375942809
PAK,2022,554.8757042078519
PAK,2023,548.0260717708968
PAK,2024,541.1764393339419
PAK,2025,534.3268068969868
PAK,2026,546.5578631442024
PAK,2027,558.7889203408923
PAK,2028,571.0199765881081
PAK,2029,583.2510328353238
PAK,2030,595.4820890825396
PAN,2010,14.228840467785652
PAN,2011,15.524249661075702
PAN,2012,14.867913666224226
PAN,2013,17.48215409563781
PAN,2014,16.751492770325704
PAN,2015,16.779839226807077
PAN,2016,16.09498771112146
PAN,2017,18.581284547840994
PAN,2018,17.192167293293153
PAN,2019,18.975222722229024
PAN,2020,16.105413346209037
PAN,2021,18.37920955144391
PAN,2022,20.33687696441341
PAN,2023,22.294546034876557
PAN,2024,24.252213447846053
PAN,2025,26.20988086081555
PAN,2026,28.167548273785044
PAN,2027,30.125215686754537
PAN,2028,32.08288309972403
PAN,2029,34.04055051269352
PAN,2030,35.998219583156676
PAN,2031,34.9579931404515
PAN,2032,33.91776669774633
PAN,2033,32.87754025504115
PAN,2034,31.837313812335974
PAN,2035,30.7970873696308
PAN,2036,29.756860926925626
PAN,2037,28.71663448422045
PAN,2038,27.676408041515273
PAN,2039,26.6361815988101
PAN,2040,25.59595515610492
PAN,2041,24.55572871339975
PAN,2042,23.515502270694572
PAN,2043,22.475275827989396
PAN,2044,21.435049385284223
PAN,2045,20.394822942579047
PAN,2046,19.354596499873868
PAN,2047,18.31437171466235
PAN,2048,17.274145271957174
PAN,2049,16.233918829251998
PAN,2050,15.193692386546823
PER,2010,71.35590230987518
PER,2011,72.51240296829081
PER,2012,75.68359965934098
PER,2013,74.07658776224045
PER,2014,79.60058139085159
PER,2015,79.64422814753756
PER,2016,83.30548456628318
PER,2017,83.21869437784584
PER,2018,84.82773357881554
PER,2019,86.7266368682293
PER,2020,79.63559666036114
PER,2021,85.61002656436904
PER,2022,86.99126633683416
PER,2023,88.37250693307168
PER,2024,89.7537467055368
PER,2025,91.13498730177432
PER,2026,92.51622707423945
PER,2027,93.89746767047697
PER,2028,95.27870744294209
PER,2029,96.65994803917962
PER,2030,98.04118781164475
PHL,2010,130.0027774981228
PHL,2011,131.57006324768327
PHL,2012,135.8499637702304
PHL,2013,142.3860133036744
PHL,2014,147.4346339439939
PHL,2015,154.70301844659227
PHL,2016,163.8743625709955
PHL,2017,176.3192813538178
PHL,2018,180.44860092450642
PHL,2019,185.84498349708383
PHL,2020,174.2632532263198
PHL,2021,182.03929665977117
PHL,2022,186.18804671654297
PHL,2023,190.33679677331472
PHL,2024,194.4855468300865
PHL,2025,198.6342968868583
PHL,2026,203.8996506953805
PHL,2027,209.16500523704562
PHL,2028,214.43035904556785
PHL,2029,219.69571285409006
PHL,2030,224.9610666626123
PLW,2010,NA
PLW,2011,NA
PLW,2012,NA
PLW,2013,NA
PLW,2014,NA
PLW,2015,NA
PLW,2016,NA
PLW,2017,NA
PLW,2018,NA
PLW,2019,NA
PLW,2020,NA
PLW,2021,NA
PLW,2022,NA
PLW,2023,NA
PLW,2024,NA
PLW,2025,NA
PNG,2010,5.512363951023078
PNG,2011,6.077027846666088
PNG,2012,5.847708065887727
PNG,2013,6.240171845373047
PNG,2014,8.708720656358768
PNG,2015,9.517276291093252
PNG,2016,9.94819663162541
PNG,2017,9.63168731966105
PNG,2018,9.787572933746064
PNG,2019,10.616779500566027
PNG,2020,12.014445744567427
PNG,2021,12.897900100369132
PNG,2022,12.56483917773842
PNG,2023,12.23177825510771
PNG,2024,11.8987163104572
PNG,2025,11.565655387826489
PNG,2026,12.00289283274449
PNG,2027,12.440130277662492
PNG,2028,12.877368744600293
PNG,2029,13.314606189518294
PNG,2030,13.751843634436295
PNG,2031,13.064299232140144
PNG,2032,12.376754829843996
PNG,2033,11.689209405528047
PNG,2034,11.001665003231896
PNG,2035,10.314120600935748
PNG,2036,9.626576198639597
PNG,2037,8.93903179634345
PNG,2038,8.2514863720275
PNG,2039,7.56394196973135
PNG,2040,6.876397567435201
PNG,2041,6.188853165139052
PNG,2042,5.501308762842902
PNG,2043,4.813764360546752
PNG,2044,4.126218936230804
PNG,2045,3.438674533934654
PNG,2046,2.751130131638505
PNG,2047,2.0635857293423556
PNG,2048,1.3760413270462064
PNG,2049,0.6884959027302571
PNG,2050,9.515004341077116e-4
POL,2010,412.75828536879385
POL,2011,414.1614750286528
POL,2012,400.94043720203734
POL,2013,402.11874851567467
POL,2014,384.7731738281165
POL,2015,383.68757482276817
POL,2016,395.46617962316094
POL,2017,408.0823651218907
POL,2018,411.00944664575525
POL,2019,389.04557002066684
POL,2020,375.52589546405443
POL,2021,398.9490708465867
POL,2022,383.5202221488789
POL,2023,368.0913724862018
POL,2024,352.66252282352485
POL,2025,337.2336731608478
POL,2026,321.8048234981708
POL,2027,306.37597383549377
POL,2028,290.94712417281676
POL,2029,275.5182745101397
POL,2030,260.0894258124319
POL,2031,247.0852088394361
POL,2032,234.08099186644026
POL,2033,221.07677489344445
POL,2034,208.07255888541778
POL,2035,195.06834191242197
POL,2036,182.06412493942616
POL,2037,169.05990796643033
POL,2038,156.0556919584037
POL,2039,143.05147498540788
POL,2040,130.04725801241207
POL,2041,117.04304103941627
POL,2042,104.03882503138962
POL,2043,91.0346080583938
POL,2044,78.030391085398
POL,2045,65.02617411240217
POL,2046,52.021958104375535
POL,2047,39.017741131379715
POL,2048,26.0135241583839
POL,2049,13.009308150357258
POL,2050,0.0050911773614414815
PRK,2010,29.451014582961122
PRK,2011,24.80429911931105
PRK,2012,25.2716645462008
PRK,2013,21.729267145117213
PRK,2014,23.6132514644345
PRK,2015,21.793062865307096
PRK,2016,23.58776510052185
PRK,2017,20.456926734274003
PRK,2018,20.416454750139852
PRK,2019,21.351098767312635
PRK,2020,21.371285575990427
PRK,2021,22.0169135850279
PRK,2022,23.111048704264743
PRK,2023,24.20518382350159
PRK,2024,25.299318942738427
PRK,2025,26.393454422293146
PRK,2026,27.48758954152999
PRK,2027,28.58172466076683
PRK,2028,29.675859780003673
PRK,2029,30.769994899240515
PRK,2030,31.86413037879523
PRT,2010,59.43897568304648
PRT,2011,57.42077522640551
PRT,2012,55.860077515659
PRT,2013,55.67757855103511
PRT,2014,54.80643867217615
PRT,2015,58.61236973685489
PRT,2016,57.92527574868715
PRT,2017,63.00544991422004
PRT,2018,58.56202865905525
PRT,2019,55.77693513487499
PRT,2020,48.89467042625875
PRT,2021,48.65560011142972
PRT,2022,48.89208654039503
PRT,2023,49.12857211799761
PRT,2024,49.36505854696291
PRT,2025,49.6015441245655
PRT,2026,49.83802970216808
PRT,2027,50.074516131133386
PRT,2028,50.311001708735965
PRT,2029,50.54748813770127
PRT,2030,50.78397371530385
PRT,2031,48.24480227314579
PRT,2032,45.70563083098773
PRT,2033,43.166458537466944
PRT,2034,40.62728709530888
PRT,2035,38.088114801788095
PRT,2036,35.54894335963003
PRT,2037,33.009771917471966
PRT,2038,30.47059962395118
PRT,2039,27.931428181793123
PRT,2040,25.39225673963506
PRT,2041,22.853084446114273
PRT,2042,20.31391300395621
PRT,2043,17.774741561798145
PRT,2044,15.23556926827736
PRT,2045,12.696397826119297
PRT,2046,10.157226383961234
PRT,2047,7.618054090440449
PRT,2048,5.078882648282386
PRT,2049,2.5397103547616005
PRT,2050,5.38912603537545e-4
PRY,2010,35.34349257844853
PRY,2011,36.28305489058794
PRY,2012,37.45836763204706
PRY,2013,38.61099497699036
PRY,2014,40.49355900640863
PRY,2015,40.46962603050368
PRY,2016,41.47013479741293
PRY,2017,43.813462674774975
PRY,2018,40.631963996098605
PRY,2019,41.62527692079007
PRY,2020,42.866267133761355
PRY,2021,43.47877577516926
PRY,2022,46.46753273391411
PRY,2023,49.45628871416534
PRY,2024,52.44504567291019
PRY,2025,55.43380263165505
PRY,2026,58.4225595903999
PRY,2027,61.41131654914475
PRY,2028,64.40007350788962
PRY,2029,67.38883046663445
PRY,2030,70.3775874253793
PSE,2010,10.162376647634192
PSE,2011,10.343649174813695
PSE,2012,11.486587505897827
PSE,2013,12.10581455781934
PSE,2014,13.963495713583876
PSE,2015,13.963495713583876
PSE,2016,14.892336291466147
PSE,2017,14.892336291466147
PSE,2018,13.963495713583876
PSE,2019,27.89610438181791
PSE,2020,27.89610438181791
PSE,2021,27.89610438181791
PSE,2022,28.951717765972443
PSE,2023,30.007329602059343
PSE,2024,31.062941438146247
PSE,2025,32.118553274233136
PSE,2026,33.17416665838767
PSE,2027,34.22977849447457
PSE,2028,35.285390330561476
PSE,2029,36.34100216664837
PSE,2030,37.3966155508029
QAT,2010,69.76105333487214
QAT,2011,77.70185238542341
QAT,2012,86.42993097588544
QAT,2013,86.01959525354333
QAT,2014,105.34322140352222
QAT,2015,105.42847094992501
QAT,2016,102.15373019406807
QAT,2017,105.1018667297417
QAT,2018,107.36445380900068
QAT,2019,112.64021510245489
QAT,2020,98.79707756170713
QAT,2021,104.8111447840766
QAT,2022,105.55719721589546
QAT,2023,106.3032496477143
QAT,2024,107.04930207953316
QAT,2025,107.795354511352
QAT,2026,108.54140694317086
QAT,2027,109.2874593749897
QAT,2028,110.03351265157441
QAT,2029,110.77956508339327
QAT,2030,111.52561751521212
ROU,2010,115.5736028689469
ROU,2011,120.16063790342591
ROU,2012,116.12176089061941
ROU,2013,107.74536876062449
ROU,2014,107.42713700323532
ROU,2015,108.69813601260478
ROU,2016,106.5141524172864
ROU,2017,111.81228092177746
ROU,2018,112.56470755667291
ROU,2019,111.03480678126945
ROU,2020,103.39451718477885
ROU,2021,113.44179213074055
ROU,2022,112.04073160005859
ROU,2023,110.63967106937662
ROU,2024,109.23861053869464
ROU,2025,107.83755000801268
ROU,2026,106.43648947733071
ROU,2027,105.03542894664875
ROU,2028,103.63436841596678
ROU,2029,102.23330788528482
ROU,2030,100.83224735460284
ROU,2031,95.79075548813441
ROU,2032,90.74926362166597
ROU,2033,85.70777076950213
ROU,2034,80.6662789030337
ROU,2035,75.62478703656527
ROU,2036,70.58329418440142
ROU,2037,65.54180231793299
ROU,2038,60.50031045146455
ROU,2039,55.45881759930072
ROU,2040,50.417325732832275
ROU,2041,45.37583386636384
ROU,2042,40.33434101420001
ROU,2043,35.292849147731566
ROU,2044,30.25135728126313
ROU,2045,25.209864429099294
ROU,2046,20.168372562630857
ROU,2047,15.126880696162418
ROU,2048,10.085387843998587
ROU,2049,5.043895977530147
ROU,2050,0.002404111061707295
RUS,2010,2114.594860359858
RUS,2011,2212.9723198915467
RUS,2012,2264.5224557014017
RUS,2013,2207.4592552176982
RUS,2014,2217.8145452957947
RUS,2015,2214.0645435856068
RUS,2016,2252.430172501656
RUS,2017,2356.8089262753947
RUS,2018,2450.3670581089054
RUS,2019,2457.6673594797953
RUS,2020,2373.221747346546
RUS,2021,2540.3055138471054
RUS,2022,2540.4213322017717
RUS,2023,2540.5371505564385
RUS,2024,2540.6529698549116
RUS,2025,2540.7687882095784
RUS,2026,2540.8846065642447
RUS,2027,2541.0004249189114
RUS,2028,2541.116244217385
RUS,2029,2541.2320625720517
RUS,2030,2541.3478809267176
RUS,2031,2500.638843897736
RUS,2032,2459.929807812562
RUS,2033,2419.2207707835805
RUS,2034,2378.5117337545985
RUS,2035,2337.802696725617
RUS,2036,2297.0936606404425
RUS,2037,2256.3846236114605
RUS,2038,2215.675586582479
RUS,2039,2174.9665495534973
RUS,2040,2134.2575134683225
RUS,2041,2093.548476439341
RUS,2042,2052.8394394103593
RUS,2043,2012.1304023813775
RUS,2044,1971.4213662962031
RUS,2045,1930.7123292672215
RUS,2046,1890.0032922382397
RUS,2047,1849.2942552092582
RUS,2048,1808.5852191240836
RUS,2049,1767.8761820951017
RUS,2050,1727.1671450661202
RWA,2010,6.183357384394526
RWA,2011,6.121369820604584
RWA,2012,6.306108303005388
RWA,2013,6.469097648322616
RWA,2014,6.52202929531205
RWA,2015,7.197010484668554
RWA,2016,7.182475400108106
RWA,2017,7.312421195668797
RWA,2018,7.438293695764554
RWA,2019,7.6223267189161055
RWA,2020,7.571826332772811
RWA,2021,7.769552733741064
RWA,2022,8.04603826045076
RWA,2023,8.322523787160456
RWA,2024,8.599009313870154
RWA,2025,8.87549484057985
RWA,2026,9.151980367289545
RWA,2027,9.428465893999242
RWA,2028,9.704951420708937
RWA,2029,9.981436947418635
RWA,2030,10.25792247412833
SAU,2010,477.631011231242
SAU,2011,465.6645430148926
SAU,2012,512.4439994040356
SAU,2013,498.9693856264259
SAU,2014,547.7087858704793
SAU,2015,579.9164734524722
SAU,2016,524.3237180658969
SAU,2017,537.1052368091599
SAU,2018,538.8704284495082
SAU,2019,525.1743550626848
SAU,2020,521.8659693534088
SAU,2021,530.4819117874674
SAU,2022,524.6608939755594
SAU,2023,518.8398770632537
SAU,2024,513.0188592513456
SAU,2025,507.1978423390399
SAU,2026,501.37682497693294
SAU,2027,495.5558071650249
SAU,2028,489.7347902527191
SAU,2029,483.91377244081104
SAU,2030,478.09275552850534
SDN,2010,89.62115274677895
SDN,2011,88.63564364973153
SDN,2012,86.60560752807045
SDN,2013,94.5309726911626
SDN,2014,97.74649567344609
SDN,2015,109.24599143910125
SDN,2016,107.17317265281187
SDN,2017,115.26430931814858
SDN,2018,119.26611461708934
SDN,2019,118.64547230756645
SDN,2020,112.26709451780039
SDN,2021,116.40680604407996
SDN,2022,117.42964806396672
SDN,2023,118.4524900838535
SDN,2024,119.47533502585382
SDN,2025,120.4981770457406
SDN,2026,121.52102198774094
SDN,2027,122.54386400762769
SDN,2028,123.56670894962802
SDN,2029,124.5895509695148
SDN,2030,125.61239298940157
SEN,2010,17.880142587771118
SEN,2011,18.585481384428505
SEN,2012,17.851212916211058
SEN,2013,18.436405756669444
SEN,2014,19.032886220337414
SEN,2015,19.698238342451923
SEN,2016,20.795772769521218
SEN,2017,20.505958155902743
SEN,2018,21.25174327156881
SEN,2019,22.41719814839848
SEN,2020,22.99366013798829
SEN,2021,23.716261935910637
SEN,2022,25.036806122260238
SEN,2023,26.357350308609835
SEN,2024,27.6778952929533
SEN,2025,28.998439479302895
SEN,2026,29.779294829314296
SEN,2027,30.560150977319562
SEN,2028,31.341007125324822
SEN,2029,32.12186247533622
SEN,2030,32.90271862334149
SGP,2010,35.28558212861656
SGP,2011,35.888387948560144
SGP,2012,36.456706680578534
SGP,2013,37.741367839539855
SGP,2014,38.42109160042571
SGP,2015,38.88563226916272
SGP,2016,39.02151338170407
SGP,2017,39.47611367919217
SGP,2018,39.48695479605586
SGP,2019,39.679098242025226
SGP,2020,39.826281334287515
SGP,2021,39.944846871190556
SGP,2022,39.954176022200855
SGP,2023,39.96350587254781
SGP,2024,39.97283502355812
SGP,2025,39.98216417456842
SGP,2026,39.991494024915376
SGP,2027,40.000823175925674
SGP,2028,40.01015302627263
SGP,2029,40.01948217728294
SGP,2030,40.02881132829324
SGP,2031,38.02623178723143
SGP,2032,36.02365189650129
SGP,2033,34.02107200577115
SGP,2034,32.01849176537269
SGP,2035,30.01591222431088
SGP,2036,28.01333233358075
SGP,2037,26.01075244285061
SGP,2038,24.008172901788797
SGP,2039,22.005592661390338
SGP,2040,20.0030127706602
SGP,2041,18.00043287993006
SGP,2042,15.997853338868257
SGP,2043,13.995273448138116
SGP,2044,11.99269320773965
SGP,2045,9.990113666677846
SGP,2046,7.98753377594771
SGP,2047,5.984953885217574
SGP,2048,3.982374344155766
SGP,2049,1.9797941037573004
SGP,2050,-0.022785786972836196
SLB,2010,0.4326371537110744
SLB,2011,0.45186573385574075
SLB,2012,0.4566732066443473
SLB,2013,0.4903215831353138
SLB,2014,0.4326371537110744
SLB,2015,0.38456635885428836
SLB,2016,0.37975888606568187
SLB,2017,0.374952724286835
SLB,2018,0.3966368257113105
SLB,2019,0.43353388438666945
SLB,2020,0.42983552585471985
SLB,2021,0.43472428124842416
SLB,2022,0.45758960246633684
SLB,2023,0.4804549236842496
SLB,2024,0.5033202449021623
SLB,2025,0.5261842551103154
SLB,2026,0.545225360859353
SLB,2027,0.5642651555986309
SLB,2028,0.5833049503379089
SLB,2029,0.6023447450771867
SLB,2030,0.6213858508262243
SLB,2031,0.5903201635617521
SLB,2032,0.5592538207924
SLB,2033,0.5281887890328076
SLB,2034,0.4971231017683355
SLB,2035,0.4660574145038633
SLB,2036,0.4349910717345113
SLB,2037,0.4039260399749189
SLB,2038,0.37286035271044665
SLB,2039,0.3417946654459746
SLB,2040,0.31072832267662254
SLB,2041,0.27966329091703007
SLB,2042,0.24859760365255792
SLB,2043,0.2175319163880857
SLB,2044,0.18646557361873364
SLB,2045,0.1554005418591413
SLB,2046,0.1243348545946691
SLB,2047,0.0932691673301969
SLB,2048,0.06220282456084488
SLB,2049,0.0311377928012525
SLB,2050,7.210553678029925e-5
SLE,2010,4.898606353950743
SLE,2011,5.374387916532501
SLE,2012,6.110345468849263
SLE,2013,6.188308863566526
SLE,2014,6.558517934765995
SLE,2015,6.217609072575473
SLE,2016,6.438173741497289
SLE,2017,6.4298211697310705
SLE,2018,7.187904252791111
SLE,2019,6.3584023970940216
SLE,2020,6.43863849448024
SLE,2021,6.549320672289609
SLE,2022,7.0470633278739365
SLE,2023,7.544805983458264
SLE,2024,8.042548639042593
SLE,2025,8.540291294626922
SLE,2026,9.129827424383924
SLE,2027,9.719363554140926
SLE,2028,10.308900549359722
SLE,2029,10.898436679116726
SLE,2030,11.48797280887373
SLV,2010,10.885625317533265
SLV,2011,11.15053077722256
SLV,2012,11.06215130572235
SLV,2013,10.470806268909744
SLV,2014,10.65470975677779
SLV,2015,11.655800803207084
SLV,2016,11.52029278141378
SLV,2017,10.408417386514136
SLV,2018,12.097904236118161
SLV,2019,13.324341431351947
SLV,2020,11.321827825877225
SLV,2021,12.906755596353802
SLV,2022,13.36608334962295
SLV,2023,13.825411102892097
SLV,2024,14.284737064201158
SLV,2025,14.744064817470305
SLV,2026,15.203392570739451
SLV,2027,15.662718532048512
SLV,2028,16.12204628531766
SLV,2029,16.581374038586805
SLV,2030,17.040699999895867
SMR,2010,0.1013710670708301
SMR,2011,0.09946906524924078
SMR,2012,0.0947989047011777
SMR,2013,0.08692356989735828
SMR,2014,0.08202466518486891
SMR,2015,0.08469045991349268
SMR,2016,0.08399517214348093
SMR,2017,0.08395068317518459
SMR,2018,0.08342980790920183
SMR,2019,0.08209356402957561
SMR,2020,0.07427492313225774
SMR,2021,0.07733954374481238
SMR,2022,0.07939233560938841
SMR,2023,0.08065101907525905
SMR,2024,0.08190970254112971
SMR,2025,0.08316838600700036
SMR,2026,0.08442706947287101
SMR,2027,0.08568575293874166
SMR,2028,0.08694483011229635
SMR,2029,0.08820351357816701
SMR,2030,0.08946219704403766
SOM,2010,25.739000294290772
SOM,2011,26.04339389097342
SOM,2012,26.436858840056146
SOM,2013,26.532258999793445
SOM,2014,26.715203841414382
SOM,2015,26.838887070932888
SOM,2016,27.047653975359346
SOM,2017,27.071973166784648
SOM,2018,27.245401879713032
SOM,2019,27.815252804762633
SOM,2020,27.998560803573394
SOM,2021,27.950763323536115
SOM,2022,31.88443264253068
SOM,2023,35.818101961525244
SOM,2024,39.75177128051981
SOM,2025,43.68544059951438
SOM,2026,48.88404987502677
SOM,2027,54.082659150539165
SOM,2028,59.28126930750105
SOM,2029,64.47987858301344
SOM,2030,69.67848873997532
SRB,2010,56.16791616458472
SRB,2011,59.23039449604958
SRB,2012,55.859054564432384
SRB,2013,57.08032714274758
SRB,2014,50.49667750798943
SRB,2015,56.85793998628058
SRB,2016,58.93364450777725
SRB,2017,58.853581585110355
SRB,2018,59.358076387188824
SRB,2019,60.39605082363279
SRB,2020,59.95768514851495
SRB,2021,52.04334108499486
SRB,2022,51.677831047702625
SRB,2023,51.31232101041039
SRB,2024,50.946810973118154
SRB,2025,50.58130093582593
SRB,2026,50.2157908985337
SRB,2027,49.85028086124146
SRB,2028,49.484770823949226
SRB,2029,49.11926150745755
SRB,2030,48.75375147016532
SSD,2010,30.44473047687999
SSD,2011,28.421338576326956
SSD,2012,29.607628255602492
SSD,2013,32.703827395691704
SSD,2014,34.736397437423655
SSD,2015,43.393694036341124
SSD,2016,37.76602021286576
SSD,2017,32.97620516026615
SSD,2018,34.25901464092002
SSD,2019,32.9354709371597
SSD,2020,29.3641387401617
SSD,2021,31.464698699737507
SSD,2022,36.11710045425271
SSD,2023,40.769502208767904
SSD,2024,45.4219039632831
SSD,2025,50.07430571779829
SSD,2026,54.726707472313485
SSD,2027,59.37910922682869
SSD,2028,64.03153089054383
SSD,2029,68.68393264505903
SSD,2030,73.33633439957423
STP,2010,0.09382092098483558
STP,2011,0.09685321990996716
STP,2012,0.10375239047743477
STP,2013,0.10501968454509113
STP,2014,0.10649332008273767
STP,2015,0.10785755673078312
STP,2016,0.11341415379666096
STP,2017,0.11711042816065864
STP,2018,0.11439332801645698
STP,2019,0.11594061825205278
STP,2020,0.11377863623577751
STP,2021,0.12027270596452422
STP,2022,0.12270331099684971
STP,2023,0.12513337445051384
STP,2024,0.12756397948283935
STP,2025,0.12999404293650346
STP,2026,0.13254650316764208
STP,2027,0.1350984218201193
STP,2028,0.13765088205125794
STP,2029,0.14020280070373517
STP,2030,0.14275526093487378
SUR,2010,2.772605376556701
SUR,2011,2.5077078647890785
SUR,2012,3.0203693090127866
SUR,2013,3.1399640931496138
SUR,2014,3.242513861671269
SUR,2015,3.1228386710206357
SUR,2016,2.64840644552061
SUR,2017,2.874796229045714
SUR,2018,3.3855430659913934
SUR,2019,3.3771085392242775
SUR,2020,3.102075145469866
SUR,2021,3.410589112386202
SUR,2022,3.6407102242766425
SUR,2023,3.8708325014788776
SUR,2024,4.100953613369318
SUR,2025,4.331075890571553
SUR,2026,4.561197002461993
SUR,2027,4.791319279664228
SUR,2028,5.021440391554669
SUR,2029,5.251562668756903
SUR,2030,5.4816837806473435
SVK,2010,49.36973366740288
SVK,2011,47.75378433056818
SVK,2012,46.03175326129188
SVK,2013,45.96380341336849
SVK,2014,43.436186505769804
SVK,2015,44.604153247266716
SVK,2016,45.827096096885725
SVK,2017,47.45931975144159
SVK,2018,46.73869865164882
SVK,2019,44.19163281691083
SVK,2020,41.57662424537455
SVK,2021,46.19089109807947
SVK,2022,44.46536237113064
SVK,2023,42.739833644181815
SVK,2024,41.01430491723299
SVK,2025,39.28877619028417
SVK,2026,37.563247463335344
SVK,2027,35.837717720511506
SVK,2028,34.11218899356268
SVK,2029,32.38666026661386
SVK,2030,30.661131539665032
SVK,2031,29.128108080207234
SVK,2032,27.595085636624443
SVK,2033,26.06206217716664
SVK,2034,24.529039733583854
SVK,2035,22.996016274126053
SVK,2036,21.462993830543265
SVK,2037,19.92997037108546
SVK,2038,18.396947927502676
SVK,2039,16.863924468044875
SVK,2040,15.330902024462086
SVK,2041,13.797878565004284
SVK,2042,12.264856121421497
SVK,2043,10.731832661963695
SVK,2044,9.198810218380908
SVK,2045,7.6657867589231055
SVK,2046,6.132764315340318
SVK,2047,4.599740855882516
SVK,2048,3.0667184122997284
SVK,2049,1.5336949528419268
SVK,2050,6.725092591389677e-4
SVN,2010,22.210279844363292
SVN,2011,22.00340803852786
SVN,2012,21.471863162272385
SVN,2013,20.693917625529092
SVN,2014,18.94793429406925
SVN,2015,19.126242822321068
SVN,2016,19.277977286109802
SVN,2017,19.787128942739944
SVN,2018,19.73327817753305
SVN,2019,19.04673788449372
SVN,2020,17.54397162470227
SVN,2021,17.57180577142445
SVN,2022,17.384083188750868
SVN,2023,17.196359546294058
SVN,2024,17.00863696362048
SVN,2025,16.820913321163673
SVN,2026,16.633190738490097
SVN,2027,16.445467096033287
SVN,2028,16.25774345357648
SVN,2029,16.0700208709029
SVN,2030,15.882297228446093
SVN,2031,15.08819741594564
SVN,2032,14.294097603445184
SVN,2033,13.499997790944729
SVN,2034,12.705897978444275
SVN,2035,11.911798165943818
SVN,2036,11.117698353443364
SVN,2037,10.323598540942907
SVN,2038,9.529498728442453
SVN,2039,8.735398915941996
SVN,2040,7.941299103441542
SVN,2041,7.147199290941087
SVN,2042,6.353099478440632
SVN,2043,5.558999665940177
SVN,2044,4.764899853439721
SVN,2045,3.970800040939266
SVN,2046,3.176700228438811
SVN,2047,2.3825993561551266
SVN,2048,1.5884995436546714
SVN,2049,0.7943997311542161
SVN,2050,2.9991865376086184e-4
SWE,2010,69.09541555829185
SWE,2011,65.59727829864778
SWE,2012,62.42059710735707
SWE,2013,60.53938199750656
SWE,2014,58.913821404624606
SWE,2015,58.49543705524447
SWE,2016,58.02281630280362
SWE,2017,57.65224646221406
SWE,2018,56.559189306349985
SWE,2019,54.58071235715543
SWE,2020,51.58169938958338
SWE,2021,49.820291792007616
SWE,2022,49.408506876002065
SWE,2023,48.99672106333438
SWE,2024,48.584935250666675
SWE,2025,48.17314943799899
SWE,2026,47.76136362533129
SWE,2027,47.34957781266359
SWE,2028,46.9377919999959
SWE,2029,46.52600618732821
SWE,2030,46.114220374660505
SWE,2031,43.808544236084856
SWE,2032,41.50286899417135
SWE,2033,39.1971928555957
SWE,2034,36.89151671702004
SWE,2035,34.585841475106534
SWE,2036,32.280165336530885
SWE,2037,29.974489197955233
SWE,2038,27.668813956041724
SWE,2039,25.36313781746607
SWE,2040,23.057461678890423
SWE,2041,20.751786436976914
SWE,2042,18.446110298401262
SWE,2043,16.14043415982561
SWE,2044,13.834758917912101
SWE,2045,11.529082779336449
SWE,2046,9.22340753742294
SWE,2047,6.917731398847289
SWE,2048,4.612055260271638
SWE,2049,2.306380018358129
SWE,2050,7.038797824771211e-4
SWZ,2010,2.763912659480995
SWZ,2011,2.752233993657338
SWZ,2012,2.859755988953025
SWZ,2013,3.0567849975240518
SWZ,2014,2.699004700447473
SWZ,2015,2.7266580391752955
SWZ,2016,2.876361527554493
SWZ,2017,2.7408489863998695
SWZ,2018,2.7566453455854876
SWZ,2019,2.724636561870974
SWZ,2020,2.6121900477739586
SWZ,2021,2.637384658065841
SWZ,2022,2.8721955776746406
SWZ,2023,3.10700590878932
SWZ,2024,3.34181682839812
SWZ,2025,3.5766277480069197
SWZ,2026,3.811438079121599
SWZ,2027,4.046248998730399
SWZ,2028,4.281059918339199
SWZ,2029,4.5158708379479995
SWZ,2030,4.750681169062678
SYC,2010,NA
SYC,2011,NA
SYC,2012,NA
SYC,2013,NA
SYC,2014,NA
SYC,2015,NA
SYC,2016,NA
SYC,2017,NA
SYC,2018,NA
SYC,2019,NA
SYC,2020,NA
SYC,2021,NA
SYC,2022,NA
SYC,2023,NA
SYC,2024,NA
SYC,2025,NA
SYC,2026,NA
SYC,2027,NA
SYC,2028,NA
SYC,2029,NA
SYC,2030,NA
SYC,2031,NA
SYC,2032,NA
SYC,2033,NA
SYC,2034,NA
SYC,2035,NA
SYC,2036,NA
SYC,2037,NA
SYC,2038,NA
SYC,2039,NA
SYC,2040,NA
SYC,2041,NA
SYC,2042,NA
SYC,2043,NA
SYC,2044,NA
SYC,2045,NA
SYC,2046,NA
SYC,2047,NA
SYC,2048,NA
SYC,2049,NA
SYC,2050,NA
SYR,2010,NA
SYR,2011,NA
SYR,2012,NA
SYR,2013,NA
SYR,2014,NA
SYR,2015,NA
SYR,2016,NA
SYR,2017,NA
SYR,2018,NA
SYR,2019,NA
SYR,2020,NA
SYR,2021,NA
SYR,2030,NA
TCD,2010,44.21757747592017
TCD,2011,45.33214924791131
TCD,2012,46.65103949183837
TCD,2013,47.637910271020374
TCD,2014,49.02269079902237
TCD,2015,51.331041682412675
TCD,2016,54.14635070360142
TCD,2017,54.61912954211643
TCD,2018,57.083902065032966
TCD,2019,58.232472375902816
TCD,2020,61.020534882640455
TCD,2021,63.78236219822574
TCD,2022,64.87942670170914
TCD,2023,65.97649120519252
TCD,2024,67.07355570867591
TCD,2025,68.17062021215929
TCD,2026,70.89812954159895
TCD,2027,73.62564042931795
TCD,2028,76.35315131703695
TCD,2029,79.08066220475595
TCD,2030,81.80817309247496
TGO,2010,6.672957635236303
TGO,2011,7.082624874739716
TGO,2012,6.722037848569677
TGO,2013,6.951606873537885
TGO,2014,6.973919130080774
TGO,2015,7.7409674454858886
TGO,2016,7.9941402692585095
TGO,2017,7.997720742671756
TGO,2018,8.554562718960954
TGO,2019,8.68131469258085
TGO,2020,9.065425147781717
TGO,2021,9.361024371332544
TGO,2022,9.779747676923604
TGO,2023,10.198470982514664
TGO,2024,10.617194288105726
TGO,2025,11.035917593696785
TGO,2026,11.454640899287847
TGO,2027,11.873364204878909
TGO,2028,12.292088314167707
TGO,2029,12.710811619758767
TGO,2030,13.129534925349828
THA,2010,370.2450637724517
THA,2011,368.6921606599716
THA,2012,381.55416195187007
THA,2013,378.6298547657779
THA,2014,378.3290209401932
THA,2015,375.446530809784
THA,2016,384.72692056191187
THA,2017,387.9102644131949
THA,2018,388.2902729631841
THA,2019,388.80313278040455
THA,2020,395.9771950029728
THA,2021,398.9284366210428
THA,2022,395.99827358816714
THA,2023,393.0681096078967
THA,2024,390.1379456276263
THA,2025,387.20778259475065
THA,2026,384.2776186144802
THA,2027,381.34745558160455
THA,2028,378.4172916013341
THA,2029,375.48712762106373
THA,2030,372.55696458818807
THA,2031,358.5824035667396
THA,2032,344.6078415978963
THA,2033,330.6332805764478
THA,2034,316.6587195549994
THA,2035,302.6841585335509
THA,2036,288.7095965647076
THA,2037,274.7350355432591
THA,2038,260.76047452181064
THA,2039,246.78591350036214
THA,2040,232.8113515315189
THA,2041,218.83679051007041
THA,2042,204.86222948862192
THA,2043,190.88766846717343
THA,2044,176.9131064983302
THA,2045,162.9385454768817
THA,2046,148.96398445543318
THA,2047,134.98942343398468
THA,2048,121.0148614651415
THA,2049,107.040300443693
THA,2050,93.0657394222445
TJK,2010,14.043351846828838
TJK,2011,13.890988563552344
TJK,2012,15.396739370547433
TJK,2013,15.68441356270008
TJK,2014,18.33888099934721
TJK,2015,19.91264625813617
TJK,2016,22.20263102899518
TJK,2017,24.672346271320798
TJK,2018,23.252028354752802
TJK,2019,23.765952856831465
TJK,2020,23.46993550959509
TJK,2021,24.56438983025601
TJK,2022,25.481871174887964
TJK,2023,26.399352519519915
TJK,2024,27.316834570839575
TJK,2025,28.23431591547152
TJK,2026,29.151797260103482
TJK,2027,30.069279311423138
TJK,2028,30.98676065605509
TJK,2029,31.90424200068704
TJK,2030,32.821724052006694
TKM,2010,90.81675730201167
TKM,2011,102.84207421642323
TKM,2012,107.85146453548212
TKM,2013,116.2803144953523
TKM,2014,118.27894941529551
TKM,2015,122.48034044948399
TKM,2016,120.01027204352316
TKM,2017,119.55038206287861
TKM,2018,126.92260151010589
TKM,2019,133.4301586004151
TKM,2020,137.67560345880855
TKM,2021,137.55832287398727
TKM,2022,133.63136569924407
TKM,2023,129.7044085245009
TKM,2024,125.77745134975771
TKM,2025,121.85049417501455
TKM,2026,117.92353700027137
TKM,2027,113.99657982552819
TKM,2028,110.069622650785
TKM,2029,106.14266547604183
TKM,2030,102.21570830129865
TLS,2010,1.1192176379430414
TLS,2011,1.1133110850082502
TLS,2012,1.2132193299017133
TLS,2013,1.2527421832928036
TLS,2014,1.0312920095174718
TLS,2015,1.061670346257793
TLS,2016,0.9055346718335403
TLS,2017,0.8675668447157674
TLS,2018,0.8721173128640736
TLS,2019,0.8586470215792866
TLS,2020,0.7747610655925894
TLS,2021,0.7325116101735806
TLS,2030,1.2445618112304226
TON,2010,0.10325835053174394
TON,2011,0.09053410215571285
TON,2012,0.09366314308091722
TON,2013,0.09985215118021767
TON,2014,0.09986423908666162
TON,2015,0.10621125339162223
TON,2016,0.11260661932235863
TON,2017,0.13815959012297208
TON,2018,0.14581037148010118
TON,2019,0.15944034941753937
TON,2020,0.15810808944303875
TON,2021,0.1599394072692966
TON,2022,0.157017587597417
TON,2023,0.15409490450364857
TON,2024,0.15117308483176903
TON,2025,0.1482504017380006
TON,2026,0.138177721982638
TON,2027,0.12810590564916424
TON,2028,0.11803322589380164
TON,2029,0.10796054613843904
TON,2030,0.09788786638307641
TTO,2010,42.06363077118377
TTO,2011,41.409440367496245
TTO,2012,39.408512603155174
TTO,2013,38.33370576889917
TTO,2014,38.7993405188806
TTO,2015,37.890917554157944
TTO,2016,34.11128166763614
TTO,2017,34.38150607256208
TTO,2018,34.00288010733858
TTO,2019,32.9756449284843
TTO,2020,26.853820444432934
TTO,2021,25.894298605732175
TTO,2022,27.103961626793428
TTO,2023,28.313624160669796
TTO,2024,29.523286694546158
TTO,2025,30.732949228422527
TTO,2026,31.942611762298892
TTO,2027,33.15227429617526
TTO,2028,34.361936830051626
TTO,2029,35.57159936392799
TTO,2030,36.781261897804356
TUN,2010,36.2461033322478
TUN,2011,34.7475128041983
TUN,2012,35.947269860083225
TUN,2013,35.86948309648249
TUN,2014,36.534366723042005
TUN,2015,37.3625382239931
TUN,2016,36.83516786047185
TUN,2017,36.557277011540826
TUN,2018,32.852971511302215
TUN,2019,32.78440297174864
TUN,2020,30.511601865177425
TUN,2021,34.0600804723249
TUN,2022,35.31800045950444
TUN,2023,36.5759208761177
TUN,2024,37.83384129273096
TUN,2025,39.0917612799105
TUN,2026,40.34968126709005
TUN,2027,41.607602113137006
TUN,2028,42.86552210031655
TUN,2029,44.1234420874961
TUN,2030,45.381362504109354
TUR,2010,375.9606712023658
TUR,2011,402.66502564621516
TUR,2012,426.42816356900795
TUR,2013,430.1875882947377
TUR,2014,453.00829022432225
TUR,2015,459.9403844128952
TUR,2016,485.227963681379
TUR,2017,524.2234409527202
TUR,2018,523.5456833358289
TUR,2019,516.6411071395314
TUR,2020,515.289794918153
TUR,2021,553.2241317092654
TUR,2022,567.940006919133
TUR,2023,582.6558821290007
TUR,2024,597.3717573388684
TUR,2025,612.087632548736
TUR,2026,635.8119103303362
TUR,2027,659.5361881119364
TUR,2028,683.2604658935365
TUR,2029,706.9847436751368
TUR,2030,730.709021456737
TUV,2010,NA
TUV,2011,NA
TUV,2012,NA
TUV,2013,NA
TUV,2014,NA
TUV,2015,NA
TUV,2016,NA
TUV,2017,NA
TUV,2018,NA
TUV,2019,NA
TUV,2020,NA
TUV,2021,NA
TUV,2022,NA
TUV,2023,NA
TUV,2024,NA
TUV,2025,NA
TUV,2026,NA
TUV,2027,NA
TUV,2028,NA
TUV,2029,NA
TUV,2030,NA
TUV,2031,NA
TUV,2032,NA
TUV,2033,NA
TUV,2034,NA
TUV,2035,NA
TUV,2036,NA
TUV,2037,NA
TUV,2038,NA
TUV,2039,NA
TUV,2040,NA
TUV,2041,NA
TUV,2042,NA
TUV,2043,NA
TUV,2044,NA
TUV,2045,NA
TUV,2046,NA
TUV,2047,NA
TUV,2048,NA
TUV,2049,NA
TUV,2050,NA
TZA,2010,54.6820923263709
TZA,2011,57.10019908740898
TZA,2012,59.52240962444555
TZA,2013,62.382325597015736
TZA,2014,63.36593850312251
TZA,2015,66.11304001726184
TZA,2016,66.58356461923357
TZA,2017,65.98832203207377
TZA,2018,66.89142731827839
TZA,2019,69.13113355134497
TZA,2020,71.21319589780423
TZA,2021,72.93821280201887
TZA,2022,76.7751984583011
TZA,2023,80.61218411458336
TZA,2024,84.4491697708656
TZA,2025,88.28615542714783
TZA,2026,92.12314108343007
TZA,2027,95.96012747581564
TZA,2028,99.79711313209788
TZA,2029,103.6340987883801
TZA,2030,107.47108444466235
UGA,2010,38.24966007207593
UGA,2011,40.057462132053125
UGA,2012,40.761952819748295
UGA,2013,41.773111497876414
UGA,2014,43.69595498733982
UGA,2015,45.66276709544204
UGA,2016,47.68762360174025
UGA,2017,49.8575911035284
UGA,2018,51.88445398017708
UGA,2019,53.631539946724764
UGA,2020,52.600312367241344
UGA,2021,53.98839318517258
UGA,2022,56.65139241455841
UGA,2023,59.31438904501891
UGA,2024,61.97738567547942
UGA,2025,64.64038230593992
UGA,2026,67.30338153532576
UGA,2027,69.96637816578627
UGA,2028,72.62937479624676
UGA,2029,75.29237402563261
UGA,2030,77.95537065609311
UKR,2010,388.14991664056834
UKR,2011,379.7330845808956
UKR,2012,385.7844407945007
UKR,2013,363.290492571468
UKR,2014,309.20527599465333
UKR,2015,273.0290610380748
UKR,2016,272.1317026092658
UKR,2017,266.50843715627485
UKR,2018,280.6948950552761
UKR,2019,261.3037106520589
UKR,2020,248.54267409335188
UKR,2021,248.60512669801554
UKR,2022,249.19296191953748
UKR,2023,249.78079714105942
UKR,2024,250.36863144686745
UKR,2025,250.9564666683894
UKR,2026,251.54430097419743
UKR,2027,252.13213619571937
UKR,2028,252.7199705015274
UKR,2029,253.30780572304934
UKR,2030,253.89564002885737
UKR,2031,246.2164997727686
UKR,2032,238.53735860096586
UKR,2033,230.85821834487712
UKR,2034,223.17907717307443
UKR,2035,215.49993600127172
UKR,2036,207.82079574518295
UKR,2037,200.14165457338026
UKR,2038,192.4625143172915
UKR,2039,184.7833731454888
UKR,2040,177.10423288940004
UKR,2041,169.42509171759733
UKR,2042,161.74595054579464
UKR,2043,154.06681028970587
UKR,2044,146.3876691179032
UKR,2045,138.70852886181441
UKR,2046,131.0293876900117
UKR,2047,123.350246518209
UKR,2048,115.67110626212023
UKR,2049,107.99196509031755
UKR,2050,100.31282483422876
URY,2010,36.488595971180125
URY,2011,37.931689290189595
URY,2012,38.89850295812126
URY,2013,38.03746900402404
URY,2014,38.624886508995374
URY,2015,39.248667565174415
URY,2016,39.684550863383365
URY,2017,39.00654546830544
URY,2018,41.016159834800476
URY,2019,41.183819473312525
URY,2020,40.76542448206855
URY,2021,41.124825071160004
URY,2022,40.901560893848796
URY,2023,40.678296716537595
URY,2024,40.45503253922639
URY,2025,40.23176836191519
URY,2026,40.012722745387
URY,2027,39.79367616637632
URY,2028,39.57463054984814
URY,2029,39.355584933319946
URY,2030,39.136538354309266
URY,2031,38.63817069241478
URY,2032,38.1398020680378
URY,2033,37.64143440614332
URY,2034,37.14306578176633
URY,2035,36.64469811987185
URY,2036,36.14632949549487
URY,2037,35.64796183360038
URY,2038,35.1495932092234
URY,2039,34.65122554732891
URY,2040,34.152856922951926
URY,2041,33.65448926105744
URY,2042,33.15612063668046
URY,2043,32.65775297478597
URY,2044,32.159384350408985
URY,2045,31.661015726032005
URY,2046,31.162648064137525
URY,2047,30.66427943976054
URY,2048,30.165911777866054
URY,2049,29.66754315348907
URY,2050,29.169175491594586
USA,2010,6340.8059363485045
USA,2011,6232.323669662615
USA,2012,6033.281508503178
USA,2013,6122.703398461436
USA,2014,6187.409456866316
USA,2015,6089.660096298059
USA,2016,5943.068304239622
USA,2017,5922.539786584933
USA,2018,6103.085168708642
USA,2019,6007.474217820106
USA,2020,5365.132156917542
USA,2021,5585.726223363053
USA,2022,5472.284658179491
USA,2023,5358.8430929959295
USA,2024,5245.401527337368
USA,2025,5131.9599616788055
USA,2026,4852.007275106834
USA,2027,4572.054588534866
USA,2028,4292.101901962894
USA,2029,4012.1492153909235
USA,2030,3732.196528818953
USA,2031,3586.2851187676392
USA,2032,3440.3737087163254
USA,2033,3294.4622986650106
USA,2034,3148.550888138695
USA,2035,3002.6394780873798
USA,2036,2856.7280680360664
USA,2037,2710.8166579847516
USA,2038,2564.9052479334377
USA,2039,2418.9938378821234
USA,2040,2273.082427830809
USA,2041,2127.1710173044935
USA,2042,1981.2596072531792
USA,2043,1835.348197676866
USA,2044,1689.4367876255517
USA,2045,1543.5253775742376
USA,2046,1397.6139675229233
USA,2047,1251.7025569966079
USA,2048,1105.7911469452931
USA,2049,959.8797368939789
USA,2050,813.9683268426646
UZB,2010,195.1506685775496
UZB,2011,207.23547736684185
UZB,2012,211.86865280545996
UZB,2013,206.44698681032193
UZB,2014,198.2510588010772
UZB,2015,197.19083381737872
UZB,2016,203.53337723165265
UZB,2017,209.49823417414552
UZB,2018,218.41503340685443
UZB,2019,219.46324108385463
UZB,2020,214.24224131351863
UZB,2021,214.83876869381828
UZB,2022,229.75657666194374
UZB,2023,244.6743846300692
UZB,2024,259.59219259819463
UZB,2025,274.5100005663201
UZB,2026,289.42780853444555
UZB,2027,304.345616502571
UZB,2028,319.26342447069646
UZB,2029,334.1812324388219
UZB,2030,349.0990404069474
VCT,2010,0.06497404236274607
VCT,2011,0.06088694613251717
VCT,2012,0.07316919877052712
VCT,2013,0.06288943985079025
VCT,2014,0.07743230480849081
VCT,2015,0.06394506194829648
VCT,2016,0.07277634313266743
VCT,2017,0.07333909409362596
VCT,2018,0.07503848407351703
VCT,2019,0.07728817767064346
VCT,2020,0.07018423839592791
VCT,2021,0.0768544860103937
VCT,2022,0.07916488770497702
VCT,2023,0.08147507102510908
VCT,2024,0.08378547271969242
VCT,2025,0.08609565603982447
VEN,2010,224.4871253524988
VEN,2011,208.82295432981462
VEN,2012,232.762168392044
VEN,2013,214.99700526429982
VEN,2014,214.15872522265735
VEN,2015,194.28324359717487
VEN,2016,181.66636366210932
VEN,2017,157.708294803013
VEN,2018,137.28104384242548
VEN,2019,120.77057420560327
VEN,2020,102.05460945724266
VEN,2021,107.77543647509013
VEN,2022,112.79772870860901
VEN,2023,117.82001977443133
VEN,2024,122.84231200795023
VEN,2025,127.86460307377253
VEN,2026,132.88689413959483
VEN,2027,137.90918637311373
VEN,2028,142.93147743893604
VEN,2029,147.9537696724549
VEN,2030,152.97606073827725
VNM,2010,275.5391200574427
VNM,2011,288.7047293523236
VNM,2012,282.27081395557036
VNM,2013,294.86511885744363
VNM,2014,315.3472642758816
VNM,2015,341.9017215360038
VNM,2016,336.9592961051791
VNM,2017,340.13465979136816
VNM,2018,382.60358725546956
VNM,2019,425.9750696510786
VNM,2020,417.25619228882306
VNM,2021,418.853834507782
VNM,2022,433.2347741983531
VNM,2023,447.6157138889241
VNM,2024,461.99665357949516
VNM,2025,476.3775937874883
VNM,2026,489.2312818821117
VNM,2027,502.08497049415723
VNM,2028,514.9386585887806
VNM,2029,527.7923472008262
VNM,2030,540.6460352954496
VNM,2031,505.2608505676249
VNM,2032,484.15651591235417
VNM,2033,463.0521817745055
VNM,2034,441.9478471192348
VNM,2035,420.84351298138614
VNM,2036,399.7391783261154
VNM,2037,378.63484418826675
VNM,2038,357.530509532996
VNM,2039,336.42617539514737
VNM,2040,315.3218407398766
VNM,2041,294.2175066020279
VNM,2042,273.1131719467572
VNM,2043,252.00883780890854
VNM,2044,230.90450315363782
VNM,2045,209.8001690157892
VNM,2046,188.69583436051843
VNM,2047,167.59150022266982
VNM,2048,146.48716556739902
VNM,2049,125.38283142955036
VNM,2050,104.27849677427963
VUT,2010,0.5060707511996747
VUT,2011,0.5256261539824382
VUT,2012,0.5169054612103772
VUT,2013,0.5153236649080463
VUT,2014,0.5571000351071065
VUT,2015,0.5003315363264149
VUT,2016,0.4444713810990357
VUT,2017,0.4517961089012765
VUT,2018,0.45559970461510507
VUT,2019,0.4430999458651069
VUT,2020,0.43417855525393434
VUT,2021,0.4386414805355108
VUT,2022,0.43892394416092695
VUT,2023,0.43920640778634323
VUT,2024,0.43948812808642945
VUT,2025,0.4397705917118457
VUT,2026,0.44005305533726186
VUT,2027,0.4403355189626781
VUT,2028,0.4406172392627643
VUT,2029,0.4408997028881805
VUT,2030,0.4411821665135967
WSM,2010,0.33232493119452133
WSM,2011,0.3512053145665304
WSM,2012,0.3526309208863189
WSM,2013,0.3556779415600471
WSM,2014,0.36510226737767176
WSM,2015,0.39810559544213514
WSM,2016,0.38896375947615147
WSM,2017,0.38945057075473294
WSM,2018,0.40706400649075186
WSM,2019,0.3856110306068117
WSM,2020,0.4069068956965515
WSM,2021,0.4126348611540731
WSM,2022,0.41728394756176557
WSM,2023,0.4219330339694581
WSM,2024,0.42658212037715054
WSM,2025,0.43123120678484306
WSM,2026,0.4395720098838446
WSM,2027,0.4479120390380471
WSM,2028,0.45625284213704853
WSM,2029,0.46459364523605007
WSM,2030,0.4729336743902526
YEM,2010,45.62477298968125
YEM,2011,41.72762205826352
YEM,2012,38.1888235327287
YEM,2013,47.66352050227863
YEM,2014,46.18318040999181
YEM,2015,28.597241997250176
YEM,2016,24.475627044531354
YEM,2017,24.64533281096195
YEM,2018,29.900316418083587
YEM,2019,32.17470115741748
YEM,2020,31.755263021485945
YEM,2021,32.45384828542782
YEM,2022,33.786623027783406
YEM,2023,35.11939688604299
YEM,2024,36.45217162839858
YEM,2025,37.78494637075418
YEM,2026,38.556410321486496
YEM,2027,39.327874272218814
YEM,2028,40.09933910704715
YEM,2029,40.870803057779476
YEM,2030,41.642267008511794
ZAF,2010,559.899509046391
ZAF,2011,573.758818829236
ZAF,2012,554.3976094376953
ZAF,2013,568.6977912891277
ZAF,2014,571.1291011642166
ZAF,2015,570.4378094475953
ZAF,2016,570.8711670669362
ZAF,2017,575.4009777946544
ZAF,2018,583.2074342339635
ZAF,2019,587.7748109389066
ZAF,2020,552.1827871675755
ZAF,2021,559.5797332886557
ZAF,2022,588.0275271330257
ZAF,2023,616.4753209773958
ZAF,2024,644.9231158666003
ZAF,2025,673.3709097109703
ZAF,2026,695.5368434006521
ZAF,2027,717.7027770903337
ZAF,2028,739.8687107800154
ZAF,2029,762.034644469697
ZAF,2030,784.2005781593787
ZAF,2031,748.1899519205776
ZAF,2032,712.1793262041938
ZAF,2033,676.1687004878102
ZAF,2034,640.1580747714262
ZAF,2035,604.1474490550423
ZAF,2036,568.1368233386586
ZAF,2037,532.1261976222748
ZAF,2038,496.115571905891
ZAF,2039,460.1049461895072
ZAF,2040,424.0943204731234
ZAF,2041,388.08369423432237
ZAF,2042,352.0730690403558
ZAF,2043,316.062443323972
ZAF,2044,280.0518176075882
ZAF,2045,244.04119189120442
ZAF,2046,208.03056617482056
ZAF,2047,172.01994045843676
ZAF,2048,136.00931474205296
ZAF,2049,99.99868850325194
ZAF,2050,63.98806330928536
ZMB,2010,19.654599576608486
ZMB,2011,19.367648375881217
ZMB,2012,21.41041212293574
ZMB,2013,21.936654858398715
ZMB,2014,21.950674212352347
ZMB,2015,22.334297344795928
ZMB,2016,22.351161761277364
ZMB,2017,22.693706463429457
ZMB,2018,23.01235346654331
ZMB,2019,23.524171422216394
ZMB,2020,22.81130769250078
ZMB,2021,23.108972875844156
ZMB,2022,24.905734021772968
ZMB,2023,26.702495167701787
ZMB,2024,28.499256313630603
ZMB,2025,30.29601804969892
ZMB,2026,32.092779195627735
ZMB,2027,33.889540341556554
ZMB,2028,35.68630207762487
ZMB,2029,37.483063223553685
ZMB,2030,39.279824369482505
ZWE,2010,27.775707541788336
ZWE,2011,29.985004568284207
ZWE,2012,27.473033182402713
ZWE,2013,31.163320381674925
ZWE,2014,30.26756069959663
ZWE,2015,31.581017256131425
ZWE,2016,28.67681047307532
ZWE,2017,28.628848036494162
ZWE,2018,29.698376318627478
ZWE,2019,29.53383083141708
ZWE,2020,27.464748845208536
ZWE,2021,28.89253252744351
ZWE,2022,30.40643813797679
ZWE,2023,31.920342725878637
ZWE,2024,33.43424833641192
ZWE,2025,34.9481539469452
ZWE,2026,36.72493105644296
ZWE,2027,38.50170816594073
ZWE,2028,40.27848629806991
ZWE,2029,42.05526340756767
ZWE,2030,43.83204051706544
LBY,1990,67.770474108359707
LBY,2000,68.15422537737646
LBY,2005,76.36650253433513
LBY,2010,82.04602131578316
LBY,2015,54.95318172319994
LBY,2020,50.96216852542565
LBY,2025,72.37548933656082
LBY,2030,77.5177563413854
