GDAM_id,iso,name,year,GHG_self
ARG.10_1,ARG,Jujuy,2010,3.690026629361861
ARG.10_1,ARG,Jujuy,2011,3.5977759636278144
ARG.10_1,ARG,Jujuy,2012,3.505525297893768
ARG.10_1,ARG,Jujuy,2013,3.413274632159721
ARG.10_1,ARG,Jujuy,2014,3.321023966425675
ARG.10_1,ARG,Jujuy,2015,3.2287733006916284
ARG.10_1,ARG,Jujuy,2016,3.136522634957582
ARG.10_1,ARG,Jujuy,2017,3.044271969223535
ARG.10_1,ARG,Jujuy,2018,2.9520213034894884
ARG.10_1,ARG,Jujuy,2019,2.8597706377554424
ARG.10_1,ARG,Jujuy,2020,2.767519972021396
ARG.10_1,ARG,Jujuy,2021,2.6752693062873494
ARG.10_1,ARG,Jujuy,2022,2.5830186405533024
ARG.10_1,ARG,Jujuy,2023,2.490767974819256
ARG.10_1,ARG,Jujuy,2024,2.39851730908521
ARG.10_1,ARG,Jujuy,2025,2.306266643351163
ARG.10_1,ARG,Jujuy,2026,2.2140159776171164
ARG.10_1,ARG,Jujuy,2027,2.12176531188307
ARG.10_1,ARG,Jujuy,2028,2.0295146461490234
ARG.10_1,ARG,Jujuy,2029,1.9372639804149772
ARG.10_1,ARG,Jujuy,2030,1.8450133146809304
ARG.10_1,ARG,Jujuy,2031,1.752762648946884
ARG.10_1,ARG,Jujuy,2032,1.6605119832128372
ARG.10_1,ARG,Jujuy,2033,1.568261317478791
ARG.10_1,ARG,Jujuy,2034,1.4760106517447442
ARG.10_1,ARG,Jujuy,2035,1.3837599860106977
ARG.10_1,ARG,Jujuy,2036,1.291509320276651
ARG.10_1,ARG,Jujuy,2037,1.1992586545426045
ARG.10_1,ARG,Jujuy,2038,1.1070079888085582
ARG.10_1,ARG,Jujuy,2039,1.0147573230745117
ARG.10_1,ARG,Jujuy,2040,0.9225066573404651
ARG.10_1,ARG,Jujuy,2041,0.8302559916064185
ARG.10_1,ARG,Jujuy,2042,0.7380053258723719
ARG.10_1,ARG,Jujuy,2043,0.6457546601383257
ARG.10_1,ARG,Jujuy,2044,0.5535039944042791
ARG.10_1,ARG,Jujuy,2045,0.46125332867023255
ARG.10_1,ARG,Jujuy,2046,0.36900266293618594
ARG.10_1,ARG,Jujuy,2047,0.27675199720213933
ARG.10_1,ARG,Jujuy,2048,0.18450133146809322
ARG.10_1,ARG,Jujuy,2049,0.09225066573404661
ARG.10_1,ARG,Jujuy,2050,0
AUS.10_1,AUS,Victoria,2005,94.67120643357113
AUS.10_1,AUS,Victoria,2006,93.10913152741722
AUS.10_1,AUS,Victoria,2007,91.54705662126328
AUS.10_1,AUS,Victoria,2008,89.98498171510937
AUS.10_1,AUS,Victoria,2009,88.42290680895543
AUS.10_1,AUS,Victoria,2010,86.86083190280151
AUS.10_1,AUS,Victoria,2011,85.2987569966476
AUS.10_1,AUS,Victoria,2012,83.73668209049366
AUS.10_1,AUS,Victoria,2013,82.17460718433973
AUS.10_1,AUS,Victoria,2014,80.61253227818581
AUS.10_1,AUS,Victoria,2015,79.0504573720319
AUS.10_1,AUS,Victoria,2016,77.48838246587796
AUS.10_1,AUS,Victoria,2017,75.92630755972405
AUS.10_1,AUS,Victoria,2018,74.36423265357011
AUS.10_1,AUS,Victoria,2019,72.8021577474162
AUS.10_1,AUS,Victoria,2020,71.24008284126228
AUS.10_1,AUS,Victoria,2021,69.67800793510835
AUS.10_1,AUS,Victoria,2022,68.11593302895443
AUS.10_1,AUS,Victoria,2023,66.5538581228005
AUS.10_1,AUS,Victoria,2024,64.99178321664658
AUS.10_1,AUS,Victoria,2025,63.42970831049266
AUS.10_1,AUS,Victoria,2026,60.210887291751234
AUS.10_1,AUS,Victoria,2027,56.99206627300982
AUS.10_1,AUS,Victoria,2028,53.7732452542684
AUS.10_1,AUS,Victoria,2029,50.55442423552698
AUS.10_1,AUS,Victoria,2030,47.335603216785564
AUS.10_1,AUS,Victoria,2031,42.60204289510701
AUS.10_1,AUS,Victoria,2032,37.86848257342845
AUS.10_1,AUS,Victoria,2033,33.13492225174989
AUS.10_1,AUS,Victoria,2034,28.40136193007133
AUS.10_1,AUS,Victoria,2035,23.667801608392775
AUS.10_1,AUS,Victoria,2036,21.301021447553495
AUS.10_1,AUS,Victoria,2037,18.93424128671422
AUS.10_1,AUS,Victoria,2038,16.567461125874946
AUS.10_1,AUS,Victoria,2039,14.200680965035664
AUS.10_1,AUS,Victoria,2040,11.833900804196388
AUS.10_1,AUS,Victoria,2041,9.467120643357111
AUS.10_1,AUS,Victoria,2042,7.100340482517833
AUS.10_1,AUS,Victoria,2043,4.733560321678553
AUS.10_1,AUS,Victoria,2044,2.3667801608392782
AUS.10_1,AUS,Victoria,2045,0
AUS.11_1,AUS,Western Australia,2022,66.69472476096743
AUS.11_1,AUS,Western Australia,2023,64.3127703052186
AUS.11_1,AUS,Western Australia,2024,61.93081584946976
AUS.11_1,AUS,Western Australia,2025,59.54886139372093
AUS.11_1,AUS,Western Australia,2026,57.16690693797209
AUS.11_1,AUS,Western Australia,2027,54.78495248222325
AUS.11_1,AUS,Western Australia,2028,52.402998026474414
AUS.11_1,AUS,Western Australia,2029,50.021043570725574
AUS.11_1,AUS,Western Australia,2030,47.639089114976734
AUS.11_1,AUS,Western Australia,2031,45.2571346592279
AUS.11_1,AUS,Western Australia,2032,42.87518020347907
AUS.11_1,AUS,Western Australia,2033,40.49322574773023
AUS.11_1,AUS,Western Australia,2034,38.11127129198139
AUS.11_1,AUS,Western Australia,2035,35.729316836232556
AUS.11_1,AUS,Western Australia,2036,33.347362380483716
AUS.11_1,AUS,Western Australia,2037,30.965407924734883
AUS.11_1,AUS,Western Australia,2038,28.583453468986043
AUS.11_1,AUS,Western Australia,2039,26.201499013237207
AUS.11_1,AUS,Western Australia,2040,23.819544557488367
AUS.11_1,AUS,Western Australia,2041,21.437590101739534
AUS.11_1,AUS,Western Australia,2042,19.05563564599069
AUS.11_1,AUS,Western Australia,2043,16.673681190241858
AUS.11_1,AUS,Western Australia,2044,14.291726734493025
AUS.11_1,AUS,Western Australia,2045,11.909772278744184
AUS.11_1,AUS,Western Australia,2046,9.527817822995349
AUS.11_1,AUS,Western Australia,2047,7.145863367246508
AUS.11_1,AUS,Western Australia,2048,4.7639089114976745
AUS.11_1,AUS,Western Australia,2049,2.3819544557488337
AUS.11_1,AUS,Western Australia,2050,0
AUS.2_1,AUS,Australian Capital Territory,1990,1.0859383570718903
AUS.2_1,AUS,Australian Capital Territory,1991,1.0673222709506578
AUS.2_1,AUS,Australian Capital Territory,1992,1.0487061848294255
AUS.2_1,AUS,Australian Capital Territory,1993,1.0300900987081931
AUS.2_1,AUS,Australian Capital Territory,1994,1.0114740125869608
AUS.2_1,AUS,Australian Capital Territory,1995,0.9928579264657282
AUS.2_1,AUS,Australian Capital Territory,1996,0.9742418403444958
AUS.2_1,AUS,Australian Capital Territory,1997,0.9556257542232633
AUS.2_1,AUS,Australian Capital Territory,1998,0.937009668102031
AUS.2_1,AUS,Australian Capital Territory,1999,0.9183935819807987
AUS.2_1,AUS,Australian Capital Territory,2000,0.8997774958595662
AUS.2_1,AUS,Australian Capital Territory,2001,0.8811614097383338
AUS.2_1,AUS,Australian Capital Territory,2002,0.8625453236171015
AUS.2_1,AUS,Australian Capital Territory,2003,0.8439292374958689
AUS.2_1,AUS,Australian Capital Territory,2004,0.8253131513746366
AUS.2_1,AUS,Australian Capital Territory,2005,0.8066970652534042
AUS.2_1,AUS,Australian Capital Territory,2006,0.7880809791321717
AUS.2_1,AUS,Australian Capital Territory,2007,0.7694648930109393
AUS.2_1,AUS,Australian Capital Territory,2008,0.750848806889707
AUS.2_1,AUS,Australian Capital Territory,2009,0.7322327207684745
AUS.2_1,AUS,Australian Capital Territory,2010,0.7136166346472422
AUS.2_1,AUS,Australian Capital Territory,2011,0.6950005485260098
AUS.2_1,AUS,Australian Capital Territory,2012,0.6763844624047773
AUS.2_1,AUS,Australian Capital Territory,2013,0.6577683762835449
AUS.2_1,AUS,Australian Capital Territory,2014,0.6391522901623126
AUS.2_1,AUS,Australian Capital Territory,2015,0.6205362040410801
AUS.2_1,AUS,Australian Capital Territory,2016,0.6019201179198477
AUS.2_1,AUS,Australian Capital Territory,2017,0.5833040317986153
AUS.2_1,AUS,Australian Capital Territory,2018,0.5646879456773829
AUS.2_1,AUS,Australian Capital Territory,2019,0.5460718595561505
AUS.2_1,AUS,Australian Capital Territory,2020,0.5274557734349181
AUS.2_1,AUS,Australian Capital Territory,2021,0.5088396873136858
AUS.2_1,AUS,Australian Capital Territory,2022,0.4902236011924533
AUS.2_1,AUS,Australian Capital Territory,2023,0.47160751507122095
AUS.2_1,AUS,Australian Capital Territory,2024,0.45299142894998845
AUS.2_1,AUS,Australian Capital Territory,2025,0.43437534282875606
AUS.2_1,AUS,Australian Capital Territory,2026,0.4126565756873183
AUS.2_1,AUS,Australian Capital Territory,2027,0.3909378085458805
AUS.2_1,AUS,Australian Capital Territory,2028,0.36921904140444267
AUS.2_1,AUS,Australian Capital Territory,2029,0.3475002742630049
AUS.2_1,AUS,Australian Capital Territory,2030,0.32578150712156706
AUS.2_1,AUS,Australian Capital Territory,2031,0.3040627399801293
AUS.2_1,AUS,Australian Capital Territory,2032,0.28234397283869145
AUS.2_1,AUS,Australian Capital Territory,2033,0.2606252056972536
AUS.2_1,AUS,Australian Capital Territory,2034,0.23890643855581584
AUS.2_1,AUS,Australian Capital Territory,2035,0.21718767141437803
AUS.2_1,AUS,Australian Capital Territory,2036,0.19546890427294022
AUS.2_1,AUS,Australian Capital Territory,2037,0.17375013713150245
AUS.2_1,AUS,Australian Capital Territory,2038,0.15203136999006464
AUS.2_1,AUS,Australian Capital Territory,2039,0.13031260284862684
AUS.2_1,AUS,Australian Capital Territory,2040,0.10859383570718904
AUS.2_1,AUS,Australian Capital Territory,2041,0.0868750685657512
AUS.2_1,AUS,Australian Capital Territory,2042,0.06515630142431339
AUS.2_1,AUS,Australian Capital Territory,2043,0.0434375342828756
AUS.2_1,AUS,Australian Capital Territory,2044,0.0217187671414378
AUS.2_1,AUS,Australian Capital Territory,2045,0
AUS.5_1,AUS,New South Wales,2005,177.08889156205672
AUS.5_1,AUS,New South Wales,2006,173.5471137308156
AUS.5_1,AUS,New South Wales,2007,170.00533589957445
AUS.5_1,AUS,New South Wales,2008,166.46355806833333
AUS.5_1,AUS,New South Wales,2009,162.9217802370922
AUS.5_1,AUS,New South Wales,2010,159.38000240585103
AUS.5_1,AUS,New South Wales,2011,155.8382245746099
AUS.5_1,AUS,New South Wales,2012,152.29644674336876
AUS.5_1,AUS,New South Wales,2013,148.75466891212764
AUS.5_1,AUS,New South Wales,2014,145.21289108088652
AUS.5_1,AUS,New South Wales,2015,141.67111324964537
AUS.5_1,AUS,New South Wales,2016,138.12933541840425
AUS.5_1,AUS,New South Wales,2017,134.5875575871631
AUS.5_1,AUS,New South Wales,2018,131.04577975592198
AUS.5_1,AUS,New South Wales,2019,127.50400192468084
AUS.5_1,AUS,New South Wales,2020,123.9622240934397
AUS.5_1,AUS,New South Wales,2021,120.42044626219857
AUS.5_1,AUS,New South Wales,2022,116.87866843095743
AUS.5_1,AUS,New South Wales,2023,113.33689059971631
AUS.5_1,AUS,New South Wales,2024,109.79511276847516
AUS.5_1,AUS,New South Wales,2025,106.25333493723403
AUS.5_1,AUS,New South Wales,2026,102.7115571059929
AUS.5_1,AUS,New South Wales,2027,99.16977927475176
AUS.5_1,AUS,New South Wales,2028,95.62800144351063
AUS.5_1,AUS,New South Wales,2029,92.08622361226949
AUS.5_1,AUS,New South Wales,2030,88.54444578102836
AUS.5_1,AUS,New South Wales,2031,84.11722349197694
AUS.5_1,AUS,New South Wales,2032,79.69000120292552
AUS.5_1,AUS,New South Wales,2033,75.2627789138741
AUS.5_1,AUS,New South Wales,2034,70.83555662482269
AUS.5_1,AUS,New South Wales,2035,66.40833433577127
AUS.5_1,AUS,New South Wales,2036,61.98111204671985
AUS.5_1,AUS,New South Wales,2037,57.553889757668436
AUS.5_1,AUS,New South Wales,2038,53.126667468617015
AUS.5_1,AUS,New South Wales,2039,48.69944517956559
AUS.5_1,AUS,New South Wales,2040,44.27222289051418
AUS.5_1,AUS,New South Wales,2041,39.84500060146276
AUS.5_1,AUS,New South Wales,2042,35.41777831241134
AUS.5_1,AUS,New South Wales,2043,30.990556023359925
AUS.5_1,AUS,New South Wales,2044,26.56333373430851
AUS.5_1,AUS,New South Wales,2045,22.13611144525709
AUS.5_1,AUS,New South Wales,2046,17.708889156205668
AUS.5_1,AUS,New South Wales,2047,13.281666867154255
AUS.5_1,AUS,New South Wales,2048,8.854444578102827
AUS.5_1,AUS,New South Wales,2049,4.427222289051429
AUS.5_1,AUS,New South Wales,2050,0
AUS.6_1,AUS,Northern Territory,2022,11.475816442917772
AUS.6_1,AUS,Northern Territory,2023,11.06596585567071
AUS.6_1,AUS,Northern Territory,2024,10.656115268423644
AUS.6_1,AUS,Northern Territory,2025,10.246264681176582
AUS.6_1,AUS,Northern Territory,2026,9.836414093929518
AUS.6_1,AUS,Northern Territory,2027,9.426563506682456
AUS.6_1,AUS,Northern Territory,2028,9.016712919435394
AUS.6_1,AUS,Northern Territory,2029,8.606862332188328
AUS.6_1,AUS,Northern Territory,2030,8.197011744941266
AUS.6_1,AUS,Northern Territory,2031,7.787161157694202
AUS.6_1,AUS,Northern Territory,2032,7.37731057044714
AUS.6_1,AUS,Northern Territory,2033,6.967459983200076
AUS.6_1,AUS,Northern Territory,2034,6.557609395953013
AUS.6_1,AUS,Northern Territory,2035,6.147758808705949
AUS.6_1,AUS,Northern Territory,2036,5.737908221458886
AUS.6_1,AUS,Northern Territory,2037,5.328057634211822
AUS.6_1,AUS,Northern Territory,2038,4.91820704696476
AUS.6_1,AUS,Northern Territory,2039,4.508356459717697
AUS.6_1,AUS,Northern Territory,2040,4.098505872470632
AUS.6_1,AUS,Northern Territory,2041,3.688655285223569
AUS.6_1,AUS,Northern Territory,2042,3.2788046979765064
AUS.6_1,AUS,Northern Territory,2043,2.868954110729443
AUS.6_1,AUS,Northern Territory,2044,2.4591035234823804
AUS.6_1,AUS,Northern Territory,2045,2.049252936235316
AUS.6_1,AUS,Northern Territory,2046,1.6394023489882537
AUS.6_1,AUS,Northern Territory,2047,1.2295517617411893
AUS.6_1,AUS,Northern Territory,2048,0.8197011744941268
AUS.6_1,AUS,Northern Territory,2049,0.40985058724706247
AUS.6_1,AUS,Northern Territory,2050,0
AUS.7_1,AUS,Queensland,2005,137.06714405039608
AUS.7_1,AUS,Queensland,2006,135.42233832179133
AUS.7_1,AUS,Queensland,2007,133.77753259318658
AUS.7_1,AUS,Queensland,2008,132.13272686458183
AUS.7_1,AUS,Queensland,2009,130.48792113597707
AUS.7_1,AUS,Queensland,2010,128.84311540737232
AUS.7_1,AUS,Queensland,2011,127.19830967876756
AUS.7_1,AUS,Queensland,2012,125.5535039501628
AUS.7_1,AUS,Queensland,2013,123.90869822155807
AUS.7_1,AUS,Queensland,2014,122.2638924929533
AUS.7_1,AUS,Queensland,2015,120.61908676434855
AUS.7_1,AUS,Queensland,2016,118.9742810357438
AUS.7_1,AUS,Queensland,2017,117.32947530713905
AUS.7_1,AUS,Queensland,2018,115.68466957853428
AUS.7_1,AUS,Queensland,2019,114.03986384992955
AUS.7_1,AUS,Queensland,2020,112.3950581213248
AUS.7_1,AUS,Queensland,2021,110.75025239272004
AUS.7_1,AUS,Queensland,2022,109.10544666411528
AUS.7_1,AUS,Queensland,2023,107.46064093551053
AUS.7_1,AUS,Queensland,2024,105.81583520690579
AUS.7_1,AUS,Queensland,2025,104.17102947830102
AUS.7_1,AUS,Queensland,2026,102.52622374969627
AUS.7_1,AUS,Queensland,2027,100.88141802109152
AUS.7_1,AUS,Queensland,2028,99.23661229248675
AUS.7_1,AUS,Queensland,2029,97.59180656388202
AUS.7_1,AUS,Queensland,2030,95.94700083527727
AUS.7_1,AUS,Queensland,2031,91.1496507935134
AUS.7_1,AUS,Queensland,2032,86.35230075174952
AUS.7_1,AUS,Queensland,2033,81.55495070998568
AUS.7_1,AUS,Queensland,2034,76.7576006682218
AUS.7_1,AUS,Queensland,2035,71.96025062645795
AUS.7_1,AUS,Queensland,2036,67.16290058469409
AUS.7_1,AUS,Queensland,2037,62.36555054293022
AUS.7_1,AUS,Queensland,2038,57.56820050116635
AUS.7_1,AUS,Queensland,2039,52.770850459402496
AUS.7_1,AUS,Queensland,2040,47.97350041763863
AUS.7_1,AUS,Queensland,2041,43.17615037587476
AUS.7_1,AUS,Queensland,2042,38.378800334110906
AUS.7_1,AUS,Queensland,2043,33.581450292347036
AUS.7_1,AUS,Queensland,2044,28.784100250583187
AUS.7_1,AUS,Queensland,2045,23.986750208819316
AUS.7_1,AUS,Queensland,2046,19.189400167055442
AUS.7_1,AUS,Queensland,2047,14.392050125291586
AUS.7_1,AUS,Queensland,2048,9.594700083527728
AUS.7_1,AUS,Queensland,2049,4.797350041763872
AUS.7_1,AUS,Queensland,2050,0
AUS.8_1,AUS,South Australia,2005,30.867020789983354
AUS.8_1,AUS,South Australia,2006,30.24968037418369
AUS.8_1,AUS,South Australia,2007,29.632339958384023
AUS.8_1,AUS,South Australia,2008,29.014999542584352
AUS.8_1,AUS,South Australia,2009,28.397659126784685
AUS.8_1,AUS,South Australia,2010,27.78031871098502
AUS.8_1,AUS,South Australia,2011,27.162978295185354
AUS.8_1,AUS,South Australia,2012,26.545637879385684
AUS.8_1,AUS,South Australia,2013,25.928297463586016
AUS.8_1,AUS,South Australia,2014,25.310957047786353
AUS.8_1,AUS,South Australia,2015,24.693616631986686
AUS.8_1,AUS,South Australia,2016,24.076276216187015
AUS.8_1,AUS,South Australia,2017,23.458935800387348
AUS.8_1,AUS,South Australia,2018,22.841595384587684
AUS.8_1,AUS,South Australia,2019,22.224254968788014
AUS.8_1,AUS,South Australia,2020,21.60691455298835
AUS.8_1,AUS,South Australia,2021,20.98957413718868
AUS.8_1,AUS,South Australia,2022,20.372233721389012
AUS.8_1,AUS,South Australia,2023,19.75489330558935
AUS.8_1,AUS,South Australia,2024,19.137552889789678
AUS.8_1,AUS,South Australia,2025,18.52021247399001
AUS.8_1,AUS,South Australia,2026,17.902872058190347
AUS.8_1,AUS,South Australia,2027,17.285531642390676
AUS.8_1,AUS,South Australia,2028,16.668191226591013
AUS.8_1,AUS,South Australia,2029,16.050850810791346
AUS.8_1,AUS,South Australia,2030,15.433510394991677
AUS.8_1,AUS,South Australia,2031,14.661834875242093
AUS.8_1,AUS,South Australia,2032,13.89015935549251
AUS.8_1,AUS,South Australia,2033,13.118483835742927
AUS.8_1,AUS,South Australia,2034,12.346808315993343
AUS.8_1,AUS,South Australia,2035,11.575132796243757
AUS.8_1,AUS,South Australia,2036,10.803457276494175
AUS.8_1,AUS,South Australia,2037,10.03178175674459
AUS.8_1,AUS,South Australia,2038,9.260106236995005
AUS.8_1,AUS,South Australia,2039,8.488430717245421
AUS.8_1,AUS,South Australia,2040,7.716755197495838
AUS.8_1,AUS,South Australia,2041,6.945079677746255
AUS.8_1,AUS,South Australia,2042,6.173404157996671
AUS.8_1,AUS,South Australia,2043,5.4017286382470875
AUS.8_1,AUS,South Australia,2044,4.630053118497504
AUS.8_1,AUS,South Australia,2045,3.85837759874792
AUS.8_1,AUS,South Australia,2046,3.086702078998335
AUS.8_1,AUS,South Australia,2047,2.315026559248751
AUS.8_1,AUS,South Australia,2048,1.5433510394991674
AUS.8_1,AUS,South Australia,2049,0.7716755197495837
AUS.8_1,AUS,South Australia,2050,0
AUS.9_1,AUS,Tasmania,2022,10.182557559537129
AUS.9_1,AUS,Tasmania,2023,8.90973786459499
AUS.9_1,AUS,Tasmania,2024,7.636918169652848
AUS.9_1,AUS,Tasmania,2025,6.364098474710706
AUS.9_1,AUS,Tasmania,2026,5.091278779768564
AUS.9_1,AUS,Tasmania,2027,3.818459084826424
AUS.9_1,AUS,Tasmania,2028,2.5456393898842817
AUS.9_1,AUS,Tasmania,2029,1.2728196949421409
AUS.9_1,AUS,Tasmania,2030,0
AUT.3_1,AUT,Lower Austria,2005,25.050221512751854
AUT.3_1,AUT,Lower Austria,2006,24.68949832296823
AUT.3_1,AUT,Lower Austria,2007,24.3287751331846
AUT.3_1,AUT,Lower Austria,2008,23.968051943400976
AUT.3_1,AUT,Lower Austria,2009,23.607328753617345
AUT.3_1,AUT,Lower Austria,2010,23.24660556383372
AUT.3_1,AUT,Lower Austria,2011,22.885882374050095
AUT.3_1,AUT,Lower Austria,2012,22.525159184266467
AUT.3_1,AUT,Lower Austria,2013,22.16443599448284
AUT.3_1,AUT,Lower Austria,2014,21.803712804699217
AUT.3_1,AUT,Lower Austria,2015,21.442989614915586
AUT.3_1,AUT,Lower Austria,2016,21.082266425131962
AUT.3_1,AUT,Lower Austria,2017,20.721543235348335
AUT.3_1,AUT,Lower Austria,2018,20.360820045564708
AUT.3_1,AUT,Lower Austria,2019,20.000096855781077
AUT.3_1,AUT,Lower Austria,2020,19.639373665997454
AUT.3_1,AUT,Lower Austria,2021,19.278650476213826
AUT.3_1,AUT,Lower Austria,2022,18.917927286430203
AUT.3_1,AUT,Lower Austria,2023,18.557204096646572
AUT.3_1,AUT,Lower Austria,2024,18.19648090686295
AUT.3_1,AUT,Lower Austria,2025,17.835757717079318
AUT.3_1,AUT,Lower Austria,2026,17.475034527295694
AUT.3_1,AUT,Lower Austria,2027,17.114311337512067
AUT.3_1,AUT,Lower Austria,2028,16.75358814772844
AUT.3_1,AUT,Lower Austria,2029,16.392864957944813
AUT.3_1,AUT,Lower Austria,2030,16.032141768161186
BRA.10_1,BRA,Maranhão,2022,24.541365991651887
BRA.10_1,BRA,Maranhão,2023,23.664888634807177
BRA.10_1,BRA,Maranhão,2024,22.788411277962464
BRA.10_1,BRA,Maranhão,2025,21.911933921117754
BRA.10_1,BRA,Maranhão,2026,21.035456564273044
BRA.10_1,BRA,Maranhão,2027,20.158979207428334
BRA.10_1,BRA,Maranhão,2028,19.282501850583625
BRA.10_1,BRA,Maranhão,2029,18.40602449373891
BRA.10_1,BRA,Maranhão,2030,17.529547136894205
BRA.10_1,BRA,Maranhão,2031,16.653069780049492
BRA.10_1,BRA,Maranhão,2032,15.776592423204784
BRA.10_1,BRA,Maranhão,2033,14.900115066360073
BRA.10_1,BRA,Maranhão,2034,14.023637709515363
BRA.10_1,BRA,Maranhão,2035,13.147160352670653
BRA.10_1,BRA,Maranhão,2036,12.270682995825943
BRA.10_1,BRA,Maranhão,2037,11.394205638981232
BRA.10_1,BRA,Maranhão,2038,10.517728282136522
BRA.10_1,BRA,Maranhão,2039,9.641250925291814
BRA.10_1,BRA,Maranhão,2040,8.7647735684471
BRA.10_1,BRA,Maranhão,2041,7.888296211602392
BRA.10_1,BRA,Maranhão,2042,7.011818854757681
BRA.10_1,BRA,Maranhão,2043,6.1353414979129735
BRA.10_1,BRA,Maranhão,2044,5.258864141068261
BRA.10_1,BRA,Maranhão,2045,4.382386784223553
BRA.10_1,BRA,Maranhão,2046,3.5059094273788407
BRA.10_1,BRA,Maranhão,2047,2.6294320705341288
BRA.10_1,BRA,Maranhão,2048,1.7529547136894204
BRA.10_1,BRA,Maranhão,2049,0.8764773568447083
BRA.10_1,BRA,Maranhão,2050,0
BRA.11_1,BRA,Mato Grosso do Sul,2022,38.615544373553796
BRA.11_1,BRA,Mato Grosso do Sul,2023,33.78860132685957
BRA.11_1,BRA,Mato Grosso do Sul,2024,28.96165828016535
BRA.11_1,BRA,Mato Grosso do Sul,2025,24.134715233471127
BRA.11_1,BRA,Mato Grosso do Sul,2026,19.307772186776898
BRA.11_1,BRA,Mato Grosso do Sul,2027,14.480829140082673
BRA.11_1,BRA,Mato Grosso do Sul,2028,9.653886093388449
BRA.11_1,BRA,Mato Grosso do Sul,2029,4.826943046694226
BRA.11_1,BRA,Mato Grosso do Sul,2030,0
BRA.12_1,BRA,Mato Grosso,2022,59.53648184326908
BRA.12_1,BRA,Mato Grosso,2023,57.41017892029519
BRA.12_1,BRA,Mato Grosso,2024,55.283875997321296
BRA.12_1,BRA,Mato Grosso,2025,53.15757307434739
BRA.12_1,BRA,Mato Grosso,2026,51.0312701513735
BRA.12_1,BRA,Mato Grosso,2027,48.904967228399606
BRA.12_1,BRA,Mato Grosso,2028,46.77866430542571
BRA.12_1,BRA,Mato Grosso,2029,44.65236138245181
BRA.12_1,BRA,Mato Grosso,2030,42.526058459477916
BRA.12_1,BRA,Mato Grosso,2031,40.39975553650402
BRA.12_1,BRA,Mato Grosso,2032,38.273452613530125
BRA.12_1,BRA,Mato Grosso,2033,36.147149690556226
BRA.12_1,BRA,Mato Grosso,2034,34.020846767582334
BRA.12_1,BRA,Mato Grosso,2035,31.894543844608435
BRA.12_1,BRA,Mato Grosso,2036,29.76824092163454
BRA.12_1,BRA,Mato Grosso,2037,27.641937998660648
BRA.12_1,BRA,Mato Grosso,2038,25.515635075686752
BRA.12_1,BRA,Mato Grosso,2039,23.38933215271286
BRA.12_1,BRA,Mato Grosso,2040,21.26302922973895
BRA.12_1,BRA,Mato Grosso,2041,19.136726306765055
BRA.12_1,BRA,Mato Grosso,2042,17.010423383791164
BRA.12_1,BRA,Mato Grosso,2043,14.88412046081727
BRA.12_1,BRA,Mato Grosso,2044,12.757817537843376
BRA.12_1,BRA,Mato Grosso,2045,10.631514614869483
BRA.12_1,BRA,Mato Grosso,2046,8.505211691895589
BRA.12_1,BRA,Mato Grosso,2047,6.378908768921681
BRA.12_1,BRA,Mato Grosso,2048,4.252605845947787
BRA.12_1,BRA,Mato Grosso,2049,2.1263029229738937
BRA.12_1,BRA,Mato Grosso,2050,0
BRA.14_1,BRA,Pará,2022,43.353847886374986
BRA.14_1,BRA,Pará,2023,41.805496176147315
BRA.14_1,BRA,Pará,2024,40.25714446591963
BRA.14_1,BRA,Pará,2025,38.70879275569195
BRA.14_1,BRA,Pará,2026,37.160441045464275
BRA.14_1,BRA,Pará,2027,35.6120893352366
BRA.14_1,BRA,Pará,2028,34.06373762500892
BRA.14_1,BRA,Pará,2029,32.51538591478124
BRA.14_1,BRA,Pará,2030,30.967034204553563
BRA.14_1,BRA,Pará,2031,29.418682494325882
BRA.14_1,BRA,Pará,2032,27.870330784098208
BRA.14_1,BRA,Pará,2033,26.32197907387053
BRA.14_1,BRA,Pará,2034,24.773627363642852
BRA.14_1,BRA,Pará,2035,23.22527565341517
BRA.14_1,BRA,Pará,2036,21.676923943187493
BRA.14_1,BRA,Pará,2037,20.12857223295982
BRA.14_1,BRA,Pará,2038,18.580220522732137
BRA.14_1,BRA,Pará,2039,17.031868812504463
BRA.14_1,BRA,Pará,2040,15.48351710227678
BRA.14_1,BRA,Pará,2041,13.9351653920491
BRA.14_1,BRA,Pará,2042,12.386813681821424
BRA.14_1,BRA,Pará,2043,10.838461971593745
BRA.14_1,BRA,Pará,2044,9.290110261366069
BRA.14_1,BRA,Pará,2045,7.7417585511383935
BRA.14_1,BRA,Pará,2046,6.1934068409107175
BRA.14_1,BRA,Pará,2047,4.645055130683034
BRA.14_1,BRA,Pará,2048,3.0967034204553516
BRA.14_1,BRA,Pará,2049,1.5483517102276758
BRA.14_1,BRA,Pará,2050,0
BRA.17_1,BRA,Pernambuco,2015,19.308802065449076
BRA.17_1,BRA,Pernambuco,2016,18.757122006436244
BRA.17_1,BRA,Pernambuco,2017,18.205441947423413
BRA.17_1,BRA,Pernambuco,2018,17.653761888410582
BRA.17_1,BRA,Pernambuco,2019,17.102081829397754
BRA.17_1,BRA,Pernambuco,2020,16.55040177038492
BRA.17_1,BRA,Pernambuco,2021,15.998721711372088
BRA.17_1,BRA,Pernambuco,2022,15.447041652359259
BRA.17_1,BRA,Pernambuco,2023,14.895361593346427
BRA.17_1,BRA,Pernambuco,2024,14.343681534333598
BRA.17_1,BRA,Pernambuco,2025,13.792001475320768
BRA.17_1,BRA,Pernambuco,2026,13.240321416307937
BRA.17_1,BRA,Pernambuco,2027,12.688641357295106
BRA.17_1,BRA,Pernambuco,2028,12.136961298282275
BRA.17_1,BRA,Pernambuco,2029,11.585281239269444
BRA.17_1,BRA,Pernambuco,2030,11.033601180256614
BRA.17_1,BRA,Pernambuco,2031,10.481921121243783
BRA.17_1,BRA,Pernambuco,2032,9.930241062230952
BRA.17_1,BRA,Pernambuco,2033,9.378561003218122
BRA.17_1,BRA,Pernambuco,2034,8.826880944205291
BRA.17_1,BRA,Pernambuco,2035,8.275200885192461
BRA.17_1,BRA,Pernambuco,2036,7.723520826179629
BRA.17_1,BRA,Pernambuco,2037,7.171840767166799
BRA.17_1,BRA,Pernambuco,2038,6.620160708153969
BRA.17_1,BRA,Pernambuco,2039,6.0684806491411365
BRA.17_1,BRA,Pernambuco,2040,5.516800590128306
BRA.17_1,BRA,Pernambuco,2041,4.965120531115476
BRA.17_1,BRA,Pernambuco,2042,4.413440472102644
BRA.17_1,BRA,Pernambuco,2043,3.8617604130898138
BRA.17_1,BRA,Pernambuco,2044,3.3100803540769834
BRA.17_1,BRA,Pernambuco,2045,2.758400295064155
BRA.17_1,BRA,Pernambuco,2046,2.206720236051325
BRA.17_1,BRA,Pernambuco,2047,1.6550401770384908
BRA.17_1,BRA,Pernambuco,2048,1.1033601180256605
BRA.17_1,BRA,Pernambuco,2049,0.5516800590128302
BRA.17_1,BRA,Pernambuco,2050,0
BRA.4_1,BRA,Amazonas,2022,14.582996874287439
BRA.4_1,BRA,Amazonas,2023,14.062175557348601
BRA.4_1,BRA,Amazonas,2024,13.541354240409763
BRA.4_1,BRA,Amazonas,2025,13.020532923470926
BRA.4_1,BRA,Amazonas,2026,12.49971160653209
BRA.4_1,BRA,Amazonas,2027,11.978890289593254
BRA.4_1,BRA,Amazonas,2028,11.458068972654415
BRA.4_1,BRA,Amazonas,2029,10.937247655715577
BRA.4_1,BRA,Amazonas,2030,10.416426338776741
BRA.4_1,BRA,Amazonas,2031,9.895605021837905
BRA.4_1,BRA,Amazonas,2032,9.374783704899068
BRA.4_1,BRA,Amazonas,2033,8.853962387960228
BRA.4_1,BRA,Amazonas,2034,8.333141071021393
BRA.4_1,BRA,Amazonas,2035,7.812319754082556
BRA.4_1,BRA,Amazonas,2036,7.291498437143719
BRA.4_1,BRA,Amazonas,2037,6.770677120204882
BRA.4_1,BRA,Amazonas,2038,6.249855803266045
BRA.4_1,BRA,Amazonas,2039,5.729034486327208
BRA.4_1,BRA,Amazonas,2040,5.208213169388371
BRA.4_1,BRA,Amazonas,2041,4.687391852449532
BRA.4_1,BRA,Amazonas,2042,4.166570535510696
BRA.4_1,BRA,Amazonas,2043,3.6457492185718605
BRA.4_1,BRA,Amazonas,2044,3.1249279016330225
BRA.4_1,BRA,Amazonas,2045,2.604106584694186
BRA.4_1,BRA,Amazonas,2046,2.083285267755348
BRA.4_1,BRA,Amazonas,2047,1.5624639508165103
BRA.4_1,BRA,Amazonas,2048,1.041642633877674
BRA.4_1,BRA,Amazonas,2049,0.5208213169388362
BRA.4_1,BRA,Amazonas,2050,0
BRA.6_1,BRA,Ceará,2022,26.061241013490527
BRA.6_1,BRA,Ceará,2023,25.130482405865866
BRA.6_1,BRA,Ceará,2024,24.199723798241205
BRA.6_1,BRA,Ceará,2025,23.268965190616544
BRA.6_1,BRA,Ceará,2026,22.338206582991884
BRA.6_1,BRA,Ceará,2027,21.40744797536722
BRA.6_1,BRA,Ceará,2028,20.47668936774256
BRA.6_1,BRA,Ceará,2029,19.545930760117894
BRA.6_1,BRA,Ceará,2030,18.615172152493233
BRA.6_1,BRA,Ceará,2031,17.684413544868573
BRA.6_1,BRA,Ceará,2032,16.753654937243912
BRA.6_1,BRA,Ceará,2033,15.82289632961925
BRA.6_1,BRA,Ceará,2034,14.892137721994589
BRA.6_1,BRA,Ceará,2035,13.961379114369926
BRA.6_1,BRA,Ceará,2036,13.030620506745263
BRA.6_1,BRA,Ceará,2037,12.099861899120603
BRA.6_1,BRA,Ceará,2038,11.169103291495942
BRA.6_1,BRA,Ceará,2039,10.238344683871281
BRA.6_1,BRA,Ceará,2040,9.307586076246615
BRA.6_1,BRA,Ceará,2041,8.376827468621954
BRA.6_1,BRA,Ceará,2042,7.446068860997293
BRA.6_1,BRA,Ceará,2043,6.515310253372632
BRA.6_1,BRA,Ceará,2044,5.584551645747971
BRA.6_1,BRA,Ceará,2045,4.653793038123309
BRA.6_1,BRA,Ceará,2046,3.7230344304986485
BRA.6_1,BRA,Ceará,2047,2.7922758228739837
BRA.6_1,BRA,Ceará,2048,1.8615172152493225
BRA.6_1,BRA,Ceará,2049,0.9307586076246612
BRA.6_1,BRA,Ceará,2050,0
BRA.8_1,BRA,Espírito Santo,2022,18.58128118492958
BRA.8_1,BRA,Espírito Santo,2023,17.917663999753522
BRA.8_1,BRA,Espírito Santo,2024,17.254046814577467
BRA.8_1,BRA,Espírito Santo,2025,16.59042962940141
BRA.8_1,BRA,Espírito Santo,2026,15.926812444225353
BRA.8_1,BRA,Espírito Santo,2027,15.263195259049297
BRA.8_1,BRA,Espírito Santo,2028,14.599578073873241
BRA.8_1,BRA,Espírito Santo,2029,13.935960888697185
BRA.8_1,BRA,Espírito Santo,2030,13.272343703521129
BRA.8_1,BRA,Espírito Santo,2031,12.60872651834507
BRA.8_1,BRA,Espírito Santo,2032,11.945109333169015
BRA.8_1,BRA,Espírito Santo,2033,11.281492147992958
BRA.8_1,BRA,Espírito Santo,2034,10.617874962816904
BRA.8_1,BRA,Espírito Santo,2035,9.954257777640846
BRA.8_1,BRA,Espírito Santo,2036,9.29064059246479
BRA.8_1,BRA,Espírito Santo,2037,8.627023407288734
BRA.8_1,BRA,Espírito Santo,2038,7.963406222112678
BRA.8_1,BRA,Espírito Santo,2039,7.299789036936622
BRA.8_1,BRA,Espírito Santo,2040,6.636171851760563
BRA.8_1,BRA,Espírito Santo,2041,5.972554666584506
BRA.8_1,BRA,Espírito Santo,2042,5.308937481408451
BRA.8_1,BRA,Espírito Santo,2043,4.645320296232395
BRA.8_1,BRA,Espírito Santo,2044,3.981703111056339
BRA.8_1,BRA,Espírito Santo,2045,3.318085925880283
BRA.8_1,BRA,Espírito Santo,2046,2.6544687407042273
BRA.8_1,BRA,Espírito Santo,2047,1.9908515555281676
BRA.8_1,BRA,Espírito Santo,2048,1.3272343703521117
BRA.8_1,BRA,Espírito Santo,2049,0.6636171851760558
BRA.8_1,BRA,Espírito Santo,2050,0
CAN.10_1,CAN,Prince Edward Island,2005,2.1942450485973093
CAN.10_1,CAN,Prince Edward Island,2006,2.1591371278197524
CAN.10_1,CAN,Prince Edward Island,2007,2.1240292070421956
CAN.10_1,CAN,Prince Edward Island,2008,2.0889212862646382
CAN.10_1,CAN,Prince Edward Island,2009,2.0538133654870814
CAN.10_1,CAN,Prince Edward Island,2010,2.0187054447095245
CAN.10_1,CAN,Prince Edward Island,2011,1.9835975239319676
CAN.10_1,CAN,Prince Edward Island,2012,1.9484896031544106
CAN.10_1,CAN,Prince Edward Island,2013,1.9133816823768537
CAN.10_1,CAN,Prince Edward Island,2014,1.8782737615992966
CAN.10_1,CAN,Prince Edward Island,2015,1.8431658408217397
CAN.10_1,CAN,Prince Edward Island,2016,1.8080579200441829
CAN.10_1,CAN,Prince Edward Island,2017,1.7729499992666258
CAN.10_1,CAN,Prince Edward Island,2018,1.737842078489069
CAN.10_1,CAN,Prince Edward Island,2019,1.702734157711512
CAN.10_1,CAN,Prince Edward Island,2020,1.667626236933955
CAN.10_1,CAN,Prince Edward Island,2021,1.632518316156398
CAN.10_1,CAN,Prince Edward Island,2022,1.597410395378841
CAN.10_1,CAN,Prince Edward Island,2023,1.5623024746012841
CAN.10_1,CAN,Prince Edward Island,2024,1.5271945538237273
CAN.10_1,CAN,Prince Edward Island,2025,1.4920866330461702
CAN.10_1,CAN,Prince Edward Island,2026,1.4569787122686133
CAN.10_1,CAN,Prince Edward Island,2027,1.4218707914910562
CAN.10_1,CAN,Prince Edward Island,2028,1.3867628707134994
CAN.10_1,CAN,Prince Edward Island,2029,1.3516549499359425
CAN.10_1,CAN,Prince Edward Island,2030,1.3165470291583854
CAN.10_1,CAN,Prince Edward Island,2031,1.184892326242547
CAN.10_1,CAN,Prince Edward Island,2032,1.0532376233267082
CAN.10_1,CAN,Prince Edward Island,2033,0.9215829204108699
CAN.10_1,CAN,Prince Edward Island,2034,0.7899282174950313
CAN.10_1,CAN,Prince Edward Island,2035,0.6582735145791927
CAN.10_1,CAN,Prince Edward Island,2036,0.5266188116633541
CAN.10_1,CAN,Prince Edward Island,2037,0.3949641087475157
CAN.10_1,CAN,Prince Edward Island,2038,0.26330940583167717
CAN.10_1,CAN,Prince Edward Island,2039,0.13165470291583845
CAN.10_1,CAN,Prince Edward Island,2040,0
CAN.11_1,CAN,Quebec,1990,67.91370555064165
CAN.11_1,CAN,Quebec,1991,67.26852534791055
CAN.11_1,CAN,Quebec,1992,66.62334514517947
CAN.11_1,CAN,Quebec,1993,65.97816494244837
CAN.11_1,CAN,Quebec,1994,65.33298473971728
CAN.11_1,CAN,Quebec,1995,64.68780453698618
CAN.11_1,CAN,Quebec,1996,64.04262433425508
CAN.11_1,CAN,Quebec,1997,63.39744413152399
CAN.11_1,CAN,Quebec,1998,62.75226392879289
CAN.11_1,CAN,Quebec,1999,62.10708372606179
CAN.11_1,CAN,Quebec,2000,61.461903523330705
CAN.11_1,CAN,Quebec,2001,60.8167233205996
CAN.11_1,CAN,Quebec,2002,60.17154311786851
CAN.11_1,CAN,Quebec,2003,59.52636291513741
CAN.11_1,CAN,Quebec,2004,58.88118271240632
CAN.11_1,CAN,Quebec,2005,58.23600250967522
CAN.11_1,CAN,Quebec,2006,57.590822306944126
CAN.11_1,CAN,Quebec,2007,56.94564210421303
CAN.11_1,CAN,Quebec,2008,56.30046190148193
CAN.11_1,CAN,Quebec,2009,55.65528169875084
CAN.11_1,CAN,Quebec,2010,55.01010149601974
CAN.11_1,CAN,Quebec,2011,54.364921293288646
CAN.11_1,CAN,Quebec,2012,53.719741090557555
CAN.11_1,CAN,Quebec,2013,53.07456088782646
CAN.11_1,CAN,Quebec,2014,52.42938068509536
CAN.11_1,CAN,Quebec,2015,51.78420048236427
CAN.11_1,CAN,Quebec,2016,51.139020279633165
CAN.11_1,CAN,Quebec,2017,50.493840076902075
CAN.11_1,CAN,Quebec,2018,49.848659874170984
CAN.11_1,CAN,Quebec,2019,49.20347967143989
CAN.11_1,CAN,Quebec,2020,48.55829946870878
CAN.11_1,CAN,Quebec,2021,47.9131192659777
CAN.11_1,CAN,Quebec,2022,47.267939063246594
CAN.11_1,CAN,Quebec,2023,46.6227588605155
CAN.11_1,CAN,Quebec,2024,45.977578657784406
CAN.11_1,CAN,Quebec,2025,45.33239845505331
CAN.11_1,CAN,Quebec,2026,44.68721825232221
CAN.11_1,CAN,Quebec,2027,44.04203804959111
CAN.11_1,CAN,Quebec,2028,43.39685784686002
CAN.11_1,CAN,Quebec,2029,42.751677644128925
CAN.11_1,CAN,Quebec,2030,42.10649744139783
CAN.11_1,CAN,Quebec,2031,40.001172569327935
CAN.11_1,CAN,Quebec,2032,37.89584769725805
CAN.11_1,CAN,Quebec,2033,35.79052282518816
CAN.11_1,CAN,Quebec,2034,33.68519795311826
CAN.11_1,CAN,Quebec,2035,31.579873081048373
CAN.11_1,CAN,Quebec,2036,29.474548208978483
CAN.11_1,CAN,Quebec,2037,27.369223336908593
CAN.11_1,CAN,Quebec,2038,25.2638984648387
CAN.11_1,CAN,Quebec,2039,23.158573592768807
CAN.11_1,CAN,Quebec,2040,21.053248720698914
CAN.11_1,CAN,Quebec,2041,18.94792384862902
CAN.11_1,CAN,Quebec,2042,16.84259897655913
CAN.11_1,CAN,Quebec,2043,14.737274104489241
CAN.11_1,CAN,Quebec,2044,12.631949232419354
CAN.11_1,CAN,Quebec,2045,10.526624360349457
CAN.11_1,CAN,Quebec,2046,8.421299488279566
CAN.11_1,CAN,Quebec,2047,6.315974616209679
CAN.11_1,CAN,Quebec,2048,4.210649744139783
CAN.11_1,CAN,Quebec,2049,2.1053248720698954
CAN.11_1,CAN,Quebec,2050,0
CAN.13_1,CAN,Yukon,2022,2.1821901796316
CAN.13_1,CAN,Yukon,2023,2.1042548160733285
CAN.13_1,CAN,Yukon,2024,2.0263194525150574
CAN.13_1,CAN,Yukon,2025,1.9483840889567858
CAN.13_1,CAN,Yukon,2026,1.8704487253985145
CAN.13_1,CAN,Yukon,2027,1.792513361840243
CAN.13_1,CAN,Yukon,2028,1.7145779982819715
CAN.13_1,CAN,Yukon,2029,1.6366426347237002
CAN.13_1,CAN,Yukon,2030,1.5587072711654286
CAN.13_1,CAN,Yukon,2031,1.4807719076071573
CAN.13_1,CAN,Yukon,2032,1.402836544048886
CAN.13_1,CAN,Yukon,2033,1.3249011804906143
CAN.13_1,CAN,Yukon,2034,1.246965816932343
CAN.13_1,CAN,Yukon,2035,1.1690304533740714
CAN.13_1,CAN,Yukon,2036,1.0910950898158
CAN.13_1,CAN,Yukon,2037,1.0131597262575287
CAN.13_1,CAN,Yukon,2038,0.9352243626992572
CAN.13_1,CAN,Yukon,2039,0.8572889991409858
CAN.13_1,CAN,Yukon,2040,0.7793536355827143
CAN.13_1,CAN,Yukon,2041,0.701418272024443
CAN.13_1,CAN,Yukon,2042,0.6234829084661715
CAN.13_1,CAN,Yukon,2043,0.5455475449079
CAN.13_1,CAN,Yukon,2044,0.4676121813496286
CAN.13_1,CAN,Yukon,2045,0.38967681779135716
CAN.13_1,CAN,Yukon,2046,0.31174145423308575
CAN.13_1,CAN,Yukon,2047,0.2338060906748143
CAN.13_1,CAN,Yukon,2048,0.15587072711654287
CAN.13_1,CAN,Yukon,2049,0.07793536355827144
CAN.13_1,CAN,Yukon,2050,0
CAN.2_1,CAN,British Columbia,2007,60.958476463351936
CAN.2_1,CAN,British Columbia,2008,60.41662333923325
CAN.2_1,CAN,British Columbia,2009,59.874770215114566
CAN.2_1,CAN,British Columbia,2010,59.332917090995885
CAN.2_1,CAN,British Columbia,2011,58.791063966877196
CAN.2_1,CAN,British Columbia,2012,58.249210842758515
CAN.2_1,CAN,British Columbia,2013,57.70735771863983
CAN.2_1,CAN,British Columbia,2014,57.16550459452115
CAN.2_1,CAN,British Columbia,2015,56.623651470402464
CAN.2_1,CAN,British Columbia,2016,56.081798346283776
CAN.2_1,CAN,British Columbia,2017,55.539945222165095
CAN.2_1,CAN,British Columbia,2018,54.998092098046406
CAN.2_1,CAN,British Columbia,2019,54.45623897392773
CAN.2_1,CAN,British Columbia,2020,53.914385849809044
CAN.2_1,CAN,British Columbia,2021,53.372532725690355
CAN.2_1,CAN,British Columbia,2022,52.830679601571674
CAN.2_1,CAN,British Columbia,2023,52.28882647745299
CAN.2_1,CAN,British Columbia,2024,51.746973353334305
CAN.2_1,CAN,British Columbia,2025,51.20512022921562
CAN.2_1,CAN,British Columbia,2026,48.27911335897473
CAN.2_1,CAN,British Columbia,2027,45.353106488733836
CAN.2_1,CAN,British Columbia,2028,42.427099618492946
CAN.2_1,CAN,British Columbia,2029,39.50109274825205
CAN.2_1,CAN,British Columbia,2030,36.57508587801116
CAN.2_1,CAN,British Columbia,2031,35.355916348744124
CAN.2_1,CAN,British Columbia,2032,34.13674681947708
CAN.2_1,CAN,British Columbia,2033,32.91757729021005
CAN.2_1,CAN,British Columbia,2034,31.698407760943006
CAN.2_1,CAN,British Columbia,2035,30.479238231675968
CAN.2_1,CAN,British Columbia,2036,29.26006870240893
CAN.2_1,CAN,British Columbia,2037,28.040899173141888
CAN.2_1,CAN,British Columbia,2038,26.821729643874853
CAN.2_1,CAN,British Columbia,2039,25.60256011460781
CAN.2_1,CAN,British Columbia,2040,24.383390585340777
CAN.2_1,CAN,British Columbia,2041,23.164221056073735
CAN.2_1,CAN,British Columbia,2042,21.945051526806697
CAN.2_1,CAN,British Columbia,2043,20.72588199753966
CAN.2_1,CAN,British Columbia,2044,19.506712468272617
CAN.2_1,CAN,British Columbia,2045,18.28754293900558
CAN.2_1,CAN,British Columbia,2046,17.06837340973854
CAN.2_1,CAN,British Columbia,2047,15.849203880471501
CAN.2_1,CAN,British Columbia,2048,14.630034351204463
CAN.2_1,CAN,British Columbia,2049,13.410864821937423
CAN.2_1,CAN,British Columbia,2050,12.191695292670383
CAN.3_1,CAN,Manitoba,2022,34.89338563508639
CAN.3_1,CAN,Manitoba,2023,34.29177553792973
CAN.3_1,CAN,Manitoba,2024,33.690165440773065
CAN.3_1,CAN,Manitoba,2025,33.088555343616406
CAN.3_1,CAN,Manitoba,2026,32.48694524645974
CAN.3_1,CAN,Manitoba,2027,31.885335149303078
CAN.3_1,CAN,Manitoba,2028,31.283725052146416
CAN.3_1,CAN,Manitoba,2029,30.682114954989753
CAN.3_1,CAN,Manitoba,2030,30.080504857833095
CAN.3_1,CAN,Manitoba,2031,29.47889476067643
CAN.3_1,CAN,Manitoba,2032,28.87728466351977
CAN.3_1,CAN,Manitoba,2033,28.275674566363108
CAN.3_1,CAN,Manitoba,2034,27.674064469206446
CAN.3_1,CAN,Manitoba,2035,27.072454372049783
CAN.3_1,CAN,Manitoba,2036,26.47084427489312
CAN.3_1,CAN,Manitoba,2037,25.869234177736462
CAN.3_1,CAN,Manitoba,2038,25.2676240805798
CAN.3_1,CAN,Manitoba,2039,24.666013983423134
CAN.3_1,CAN,Manitoba,2040,24.064403886266472
CAN.3_1,CAN,Manitoba,2041,23.46279378910981
CAN.3_1,CAN,Manitoba,2042,22.861183691953148
CAN.3_1,CAN,Manitoba,2043,22.259573594796485
CAN.3_1,CAN,Manitoba,2044,21.657963497639827
CAN.3_1,CAN,Manitoba,2045,21.056353400483165
CAN.3_1,CAN,Manitoba,2046,20.454743303326502
CAN.3_1,CAN,Manitoba,2047,19.853133206169844
CAN.3_1,CAN,Manitoba,2048,19.251523109013178
CAN.3_1,CAN,Manitoba,2049,18.64991301185652
CAN.3_1,CAN,Manitoba,2050,18.048302914699857
CAN.3_1,CAN,Manitoba,2051,17.446692817543195
CAN.3_1,CAN,Manitoba,2052,16.845082720386532
CAN.3_1,CAN,Manitoba,2053,16.243472623229874
CAN.3_1,CAN,Manitoba,2054,15.64186252607321
CAN.3_1,CAN,Manitoba,2055,15.040252428916544
CAN.3_1,CAN,Manitoba,2056,14.438642331759885
CAN.3_1,CAN,Manitoba,2057,13.837032234603223
CAN.3_1,CAN,Manitoba,2058,13.23542213744656
CAN.3_1,CAN,Manitoba,2059,12.633812040289898
CAN.3_1,CAN,Manitoba,2060,12.032201943133238
CAN.3_1,CAN,Manitoba,2061,11.430591845976576
CAN.3_1,CAN,Manitoba,2062,10.82898174881991
CAN.3_1,CAN,Manitoba,2063,10.227371651663251
CAN.3_1,CAN,Manitoba,2064,9.625761554506589
CAN.3_1,CAN,Manitoba,2065,9.024151457349927
CAN.3_1,CAN,Manitoba,2066,8.422541360193268
CAN.3_1,CAN,Manitoba,2067,7.820931263036605
CAN.3_1,CAN,Manitoba,2068,7.2193211658799425
CAN.3_1,CAN,Manitoba,2069,6.617711068723284
CAN.3_1,CAN,Manitoba,2070,6.016100971566617
CAN.3_1,CAN,Manitoba,2071,5.414490874409955
CAN.3_1,CAN,Manitoba,2072,4.812880777253296
CAN.3_1,CAN,Manitoba,2073,4.211270680096634
CAN.3_1,CAN,Manitoba,2074,3.6096605829399713
CAN.3_1,CAN,Manitoba,2075,3.0080504857833086
CAN.3_1,CAN,Manitoba,2076,2.40644038862665
CAN.3_1,CAN,Manitoba,2077,1.8048302914699839
CAN.3_1,CAN,Manitoba,2078,1.203220194313325
CAN.3_1,CAN,Manitoba,2079,0.6016100971566662
CAN.3_1,CAN,Manitoba,2080,0
CAN.5_1,CAN,Newfoundland and Labrador,2022,9.187300839968195
CAN.5_1,CAN,Newfoundland and Labrador,2023,8.859182952826474
CAN.5_1,CAN,Newfoundland and Labrador,2024,8.531065065684752
CAN.5_1,CAN,Newfoundland and Labrador,2025,8.202947178543031
CAN.5_1,CAN,Newfoundland and Labrador,2026,7.87482929140131
CAN.5_1,CAN,Newfoundland and Labrador,2027,7.546711404259589
CAN.5_1,CAN,Newfoundland and Labrador,2028,7.218593517117867
CAN.5_1,CAN,Newfoundland and Labrador,2029,6.890475629976146
CAN.5_1,CAN,Newfoundland and Labrador,2030,6.562357742834425
CAN.5_1,CAN,Newfoundland and Labrador,2031,6.234239855692703
CAN.5_1,CAN,Newfoundland and Labrador,2032,5.906121968550982
CAN.5_1,CAN,Newfoundland and Labrador,2033,5.5780040814092615
CAN.5_1,CAN,Newfoundland and Labrador,2034,5.24988619426754
CAN.5_1,CAN,Newfoundland and Labrador,2035,4.921768307125819
CAN.5_1,CAN,Newfoundland and Labrador,2036,4.5936504199840975
CAN.5_1,CAN,Newfoundland and Labrador,2037,4.265532532842376
CAN.5_1,CAN,Newfoundland and Labrador,2038,3.937414645700655
CAN.5_1,CAN,Newfoundland and Labrador,2039,3.6092967585589344
CAN.5_1,CAN,Newfoundland and Labrador,2040,3.2811788714172123
CAN.5_1,CAN,Newfoundland and Labrador,2041,2.953060984275491
CAN.5_1,CAN,Newfoundland and Labrador,2042,2.6249430971337695
CAN.5_1,CAN,Newfoundland and Labrador,2043,2.296825209992049
CAN.5_1,CAN,Newfoundland and Labrador,2044,1.968707322850328
CAN.5_1,CAN,Newfoundland and Labrador,2045,1.6405894357086066
CAN.5_1,CAN,Newfoundland and Labrador,2046,1.3124715485668852
CAN.5_1,CAN,Newfoundland and Labrador,2047,0.984353661425163
CAN.5_1,CAN,Newfoundland and Labrador,2048,0.6562357742834426
CAN.5_1,CAN,Newfoundland and Labrador,2049,0.3281178871417213
CAN.5_1,CAN,Newfoundland and Labrador,2050,0
CAN.6_1,CAN,Northwest Territories,2005,3.957208570693842
CAN.6_1,CAN,Northwest Territories,2006,3.8780643992799653
CAN.6_1,CAN,Northwest Territories,2007,3.7989202278660885
CAN.6_1,CAN,Northwest Territories,2008,3.7197760564522113
CAN.6_1,CAN,Northwest Territories,2009,3.640631885038335
CAN.6_1,CAN,Northwest Territories,2010,3.561487713624458
CAN.6_1,CAN,Northwest Territories,2011,3.482343542210581
CAN.6_1,CAN,Northwest Territories,2012,3.4031993707967043
CAN.6_1,CAN,Northwest Territories,2013,3.3240551993828276
CAN.6_1,CAN,Northwest Territories,2014,3.2449110279689504
CAN.6_1,CAN,Northwest Territories,2015,3.1657668565550736
CAN.6_1,CAN,Northwest Territories,2016,3.086622685141197
CAN.6_1,CAN,Northwest Territories,2017,3.00747851372732
CAN.6_1,CAN,Northwest Territories,2018,2.9283343423134434
CAN.6_1,CAN,Northwest Territories,2019,2.849190170899566
CAN.6_1,CAN,Northwest Territories,2020,2.7700459994856894
CAN.6_1,CAN,Northwest Territories,2021,2.6909018280718127
CAN.6_1,CAN,Northwest Territories,2022,2.611757656657936
CAN.6_1,CAN,Northwest Territories,2023,2.532613485244059
CAN.6_1,CAN,Northwest Territories,2024,2.453469313830182
CAN.6_1,CAN,Northwest Territories,2025,2.3743251424163048
CAN.6_1,CAN,Northwest Territories,2026,2.295180971002429
CAN.6_1,CAN,Northwest Territories,2027,2.2160367995885517
CAN.6_1,CAN,Northwest Territories,2028,2.1368926281746745
CAN.6_1,CAN,Northwest Territories,2029,2.0577484567607978
CAN.6_1,CAN,Northwest Territories,2030,1.978604285346921
CAN.6_1,CAN,Northwest Territories,2031,1.879674071079575
CAN.6_1,CAN,Northwest Territories,2032,1.780743856812229
CAN.6_1,CAN,Northwest Territories,2033,1.6818136425448829
CAN.6_1,CAN,Northwest Territories,2034,1.5828834282775368
CAN.6_1,CAN,Northwest Territories,2035,1.4839532140101908
CAN.6_1,CAN,Northwest Territories,2036,1.3850229997428447
CAN.6_1,CAN,Northwest Territories,2037,1.2860927854754987
CAN.6_1,CAN,Northwest Territories,2038,1.1871625712081524
CAN.6_1,CAN,Northwest Territories,2039,1.0882323569408066
CAN.6_1,CAN,Northwest Territories,2040,0.9893021426734605
CAN.6_1,CAN,Northwest Territories,2041,0.8903719284061145
CAN.6_1,CAN,Northwest Territories,2042,0.7914417141387684
CAN.6_1,CAN,Northwest Territories,2043,0.6925114998714224
CAN.6_1,CAN,Northwest Territories,2044,0.5935812856040764
CAN.6_1,CAN,Northwest Territories,2045,0.49465107133673036
CAN.6_1,CAN,Northwest Territories,2046,0.3957208570693841
CAN.6_1,CAN,Northwest Territories,2047,0.2967906428020382
CAN.6_1,CAN,Northwest Territories,2048,0.19786042853469216
CAN.6_1,CAN,Northwest Territories,2049,0.09893021426734608
CAN.6_1,CAN,Northwest Territories,2050,0
CAN.7_1,CAN,Nova Scotia,2022,15.849378911082528
CAN.7_1,CAN,Nova Scotia,2023,15.283329664258153
CAN.7_1,CAN,Nova Scotia,2024,14.717280417433775
CAN.7_1,CAN,Nova Scotia,2025,14.1512311706094
CAN.7_1,CAN,Nova Scotia,2026,13.585181923785026
CAN.7_1,CAN,Nova Scotia,2027,13.019132676960648
CAN.7_1,CAN,Nova Scotia,2028,12.453083430136273
CAN.7_1,CAN,Nova Scotia,2029,11.887034183311897
CAN.7_1,CAN,Nova Scotia,2030,11.320984936487521
CAN.7_1,CAN,Nova Scotia,2031,10.754935689663144
CAN.7_1,CAN,Nova Scotia,2032,10.18888644283877
CAN.7_1,CAN,Nova Scotia,2033,9.622837196014393
CAN.7_1,CAN,Nova Scotia,2034,9.056787949190017
CAN.7_1,CAN,Nova Scotia,2035,8.49073870236564
CAN.7_1,CAN,Nova Scotia,2036,7.924689455541264
CAN.7_1,CAN,Nova Scotia,2037,7.358640208716888
CAN.7_1,CAN,Nova Scotia,2038,6.792590961892514
CAN.7_1,CAN,Nova Scotia,2039,6.226541715068137
CAN.7_1,CAN,Nova Scotia,2040,5.660492468243759
CAN.7_1,CAN,Nova Scotia,2041,5.094443221419382
CAN.7_1,CAN,Nova Scotia,2042,4.528393974595009
CAN.7_1,CAN,Nova Scotia,2043,3.962344727770632
CAN.7_1,CAN,Nova Scotia,2044,3.396295480946256
CAN.7_1,CAN,Nova Scotia,2045,2.8302462341218813
CAN.7_1,CAN,Nova Scotia,2046,2.264196987297505
CAN.7_1,CAN,Nova Scotia,2047,1.6981477404731269
CAN.7_1,CAN,Nova Scotia,2048,1.1320984936487508
CAN.7_1,CAN,Nova Scotia,2049,0.5660492468243763
CAN.7_1,CAN,Nova Scotia,2050,0
CHN.10_1,CHN,Hebei,2020,915.0118434599883
CHN.10_1,CHN,Hebei,2021,892.1365473734886
CHN.10_1,CHN,Hebei,2022,869.261251286989
CHN.10_1,CHN,Hebei,2023,846.3859552004893
CHN.10_1,CHN,Hebei,2024,823.5106591139895
CHN.10_1,CHN,Hebei,2025,800.6353630274898
CHN.10_1,CHN,Hebei,2026,777.7600669409901
CHN.10_1,CHN,Hebei,2027,754.8847708544904
CHN.10_1,CHN,Hebei,2028,732.0094747679907
CHN.10_1,CHN,Hebei,2029,709.1341786814909
CHN.10_1,CHN,Hebei,2030,686.2588825949912
CHN.10_1,CHN,Hebei,2031,663.3835865084915
CHN.10_1,CHN,Hebei,2032,640.5082904219918
CHN.10_1,CHN,Hebei,2033,617.6329943354922
CHN.10_1,CHN,Hebei,2034,594.7576982489925
CHN.10_1,CHN,Hebei,2035,571.8824021624928
CHN.10_1,CHN,Hebei,2036,549.0071060759931
CHN.10_1,CHN,Hebei,2037,526.1318099894933
CHN.10_1,CHN,Hebei,2038,503.25651390299356
CHN.10_1,CHN,Hebei,2039,480.3812178164939
CHN.10_1,CHN,Hebei,2040,457.50592172999416
CHN.10_1,CHN,Hebei,2041,434.63062564349445
CHN.10_1,CHN,Hebei,2042,411.75532955699475
CHN.10_1,CHN,Hebei,2043,388.8800334704951
CHN.10_1,CHN,Hebei,2044,366.0047373839954
CHN.10_1,CHN,Hebei,2045,343.1294412974956
CHN.10_1,CHN,Hebei,2046,320.2541452109959
CHN.10_1,CHN,Hebei,2047,297.37884912449624
CHN.10_1,CHN,Hebei,2048,274.50355303799654
CHN.10_1,CHN,Hebei,2049,251.62825695149684
CHN.10_1,CHN,Hebei,2050,228.75296086499714
CHN.10_1,CHN,Hebei,2051,205.87766477849735
CHN.10_1,CHN,Hebei,2052,183.00236869199765
CHN.10_1,CHN,Hebei,2053,160.12707260549794
CHN.10_1,CHN,Hebei,2054,137.25177651899827
CHN.10_1,CHN,Hebei,2055,114.37648043249857
CHN.10_1,CHN,Hebei,2056,91.50118434599877
CHN.10_1,CHN,Hebei,2057,68.62588825949908
CHN.10_1,CHN,Hebei,2058,45.750592172999504
CHN.10_1,CHN,Hebei,2059,22.87529608649969
CHN.10_1,CHN,Hebei,2060,0
CHN.15_1,CHN,Jiangsu,2022,1040.8464578416474
CHN.15_1,CHN,Jiangsu,2023,1013.4557615826566
CHN.15_1,CHN,Jiangsu,2024,986.065065323666
CHN.15_1,CHN,Jiangsu,2025,958.6743690646753
CHN.15_1,CHN,Jiangsu,2026,931.2836728056845
CHN.15_1,CHN,Jiangsu,2027,903.8929765466938
CHN.15_1,CHN,Jiangsu,2028,876.502280287703
CHN.15_1,CHN,Jiangsu,2029,849.1115840287124
CHN.15_1,CHN,Jiangsu,2030,821.7208877697216
CHN.15_1,CHN,Jiangsu,2031,794.330191510731
CHN.15_1,CHN,Jiangsu,2032,766.9394952517403
CHN.15_1,CHN,Jiangsu,2033,739.5487989927494
CHN.15_1,CHN,Jiangsu,2034,712.1581027337587
CHN.15_1,CHN,Jiangsu,2035,684.7674064747679
CHN.15_1,CHN,Jiangsu,2036,657.3767102157774
CHN.15_1,CHN,Jiangsu,2037,629.9860139567867
CHN.15_1,CHN,Jiangsu,2038,602.5953176977958
CHN.15_1,CHN,Jiangsu,2039,575.2046214388051
CHN.15_1,CHN,Jiangsu,2040,547.8139251798144
CHN.15_1,CHN,Jiangsu,2041,520.4232289208237
CHN.15_1,CHN,Jiangsu,2042,493.03253266183305
CHN.15_1,CHN,Jiangsu,2043,465.64183640284216
CHN.15_1,CHN,Jiangsu,2044,438.2511401438515
CHN.15_1,CHN,Jiangsu,2045,410.8604438848609
CHN.15_1,CHN,Jiangsu,2046,383.4697476258701
CHN.15_1,CHN,Jiangsu,2047,356.07905136687936
CHN.15_1,CHN,Jiangsu,2048,328.6883551078886
CHN.15_1,CHN,Jiangsu,2049,301.2976588488979
CHN.15_1,CHN,Jiangsu,2050,273.90696258990727
CHN.15_1,CHN,Jiangsu,2051,246.5162663309164
CHN.15_1,CHN,Jiangsu,2052,219.12557007192575
CHN.15_1,CHN,Jiangsu,2053,191.73487381293512
CHN.15_1,CHN,Jiangsu,2054,164.34417755394435
CHN.15_1,CHN,Jiangsu,2055,136.95348129495358
CHN.15_1,CHN,Jiangsu,2056,109.56278503596282
CHN.15_1,CHN,Jiangsu,2057,82.17208877697217
CHN.15_1,CHN,Jiangsu,2058,54.78139251798153
CHN.15_1,CHN,Jiangsu,2059,27.390696258990644
CHN.15_1,CHN,Jiangsu,2060,0
CHN.17_1,CHN,Jilin,2022,198.45134777576868
CHN.17_1,CHN,Jilin,2023,193.22894388693265
CHN.17_1,CHN,Jilin,2024,188.00653999809666
CHN.17_1,CHN,Jilin,2025,182.78413610926063
CHN.17_1,CHN,Jilin,2026,177.5617322204246
CHN.17_1,CHN,Jilin,2027,172.33932833158858
CHN.17_1,CHN,Jilin,2028,167.11692444275258
CHN.17_1,CHN,Jilin,2029,161.89452055391655
CHN.17_1,CHN,Jilin,2030,156.67211666508055
CHN.17_1,CHN,Jilin,2031,151.44971277624452
CHN.17_1,CHN,Jilin,2032,146.2273088874085
CHN.17_1,CHN,Jilin,2033,141.00490499857247
CHN.17_1,CHN,Jilin,2034,135.78250110973644
CHN.17_1,CHN,Jilin,2035,130.56009722090045
CHN.17_1,CHN,Jilin,2036,125.33769333206442
CHN.17_1,CHN,Jilin,2037,120.1152894432284
CHN.17_1,CHN,Jilin,2038,114.8928855543924
CHN.17_1,CHN,Jilin,2039,109.67048166555637
CHN.17_1,CHN,Jilin,2040,104.44807777672035
CHN.17_1,CHN,Jilin,2041,99.22567388788434
CHN.17_1,CHN,Jilin,2042,94.00326999904833
CHN.17_1,CHN,Jilin,2043,88.78086611021229
CHN.17_1,CHN,Jilin,2044,83.55846222137627
CHN.17_1,CHN,Jilin,2045,78.33605833254026
CHN.17_1,CHN,Jilin,2046,73.11365444370425
CHN.17_1,CHN,Jilin,2047,67.89125055486822
CHN.17_1,CHN,Jilin,2048,62.668846666032195
CHN.17_1,CHN,Jilin,2049,57.4464427771962
CHN.17_1,CHN,Jilin,2050,52.22403888836017
CHN.17_1,CHN,Jilin,2051,47.00163499952415
CHN.17_1,CHN,Jilin,2052,41.77923111068815
CHN.17_1,CHN,Jilin,2053,36.556827221852124
CHN.17_1,CHN,Jilin,2054,31.334423333016126
CHN.17_1,CHN,Jilin,2055,26.11201944418007
CHN.17_1,CHN,Jilin,2056,20.889615555344076
CHN.17_1,CHN,Jilin,2057,15.667211666508049
CHN.17_1,CHN,Jilin,2058,10.444807777672052
CHN.17_1,CHN,Jilin,2059,5.222403888836026
CHN.17_1,CHN,Jilin,2060,0
CHN.19_1,CHN,Inner Mongolia,2022,977.229270840154
CHN.19_1,CHN,Inner Mongolia,2023,951.5127110812025
CHN.19_1,CHN,Inner Mongolia,2024,925.796151322251
CHN.19_1,CHN,Inner Mongolia,2025,900.0795915632997
CHN.19_1,CHN,Inner Mongolia,2026,874.3630318043482
CHN.19_1,CHN,Inner Mongolia,2027,848.6464720453968
CHN.19_1,CHN,Inner Mongolia,2028,822.9299122864454
CHN.19_1,CHN,Inner Mongolia,2029,797.213352527494
CHN.19_1,CHN,Inner Mongolia,2030,771.4967927685425
CHN.19_1,CHN,Inner Mongolia,2031,745.7802330095911
CHN.19_1,CHN,Inner Mongolia,2032,720.0636732506398
CHN.19_1,CHN,Inner Mongolia,2033,694.3471134916882
CHN.19_1,CHN,Inner Mongolia,2034,668.630553732737
CHN.19_1,CHN,Inner Mongolia,2035,642.9139939737854
CHN.19_1,CHN,Inner Mongolia,2036,617.1974342148341
CHN.19_1,CHN,Inner Mongolia,2037,591.4808744558826
CHN.19_1,CHN,Inner Mongolia,2038,565.7643146969313
CHN.19_1,CHN,Inner Mongolia,2039,540.0477549379798
CHN.19_1,CHN,Inner Mongolia,2040,514.3311951790284
CHN.19_1,CHN,Inner Mongolia,2041,488.614635420077
CHN.19_1,CHN,Inner Mongolia,2042,462.8980756611256
CHN.19_1,CHN,Inner Mongolia,2043,437.1815159021741
CHN.19_1,CHN,Inner Mongolia,2044,411.4649561432227
CHN.19_1,CHN,Inner Mongolia,2045,385.74839638427125
CHN.19_1,CHN,Inner Mongolia,2046,360.03183662531995
CHN.19_1,CHN,Inner Mongolia,2047,334.31527686636844
CHN.19_1,CHN,Inner Mongolia,2048,308.598717107417
CHN.19_1,CHN,Inner Mongolia,2049,282.8821573484657
CHN.19_1,CHN,Inner Mongolia,2050,257.1655975895143
CHN.19_1,CHN,Inner Mongolia,2051,231.4490378305627
CHN.19_1,CHN,Inner Mongolia,2052,205.7324780716113
CHN.19_1,CHN,Inner Mongolia,2053,180.01591831265998
CHN.19_1,CHN,Inner Mongolia,2054,154.29935855370854
CHN.19_1,CHN,Inner Mongolia,2055,128.582798794757
CHN.19_1,CHN,Inner Mongolia,2056,102.8662390358057
CHN.19_1,CHN,Inner Mongolia,2057,77.14967927685427
CHN.19_1,CHN,Inner Mongolia,2058,51.43311951790285
CHN.19_1,CHN,Inner Mongolia,2059,25.716559758951426
CHN.19_1,CHN,Inner Mongolia,2060,0
CHN.1_1,CHN,Anhui,2005,315.45906948113173
CHN.1_1,CHN,Anhui,2006,305.3643792577355
CHN.1_1,CHN,Anhui,2007,295.2696890343393
CHN.1_1,CHN,Anhui,2008,285.17499881094307
CHN.1_1,CHN,Anhui,2009,275.0803085875469
CHN.1_1,CHN,Anhui,2010,264.98561836415064
CHN.1_1,CHN,Anhui,2011,254.89092814075443
CHN.1_1,CHN,Anhui,2012,244.7962379173582
CHN.1_1,CHN,Anhui,2013,234.701547693962
CHN.1_1,CHN,Anhui,2014,224.60685747056579
CHN.1_1,CHN,Anhui,2015,214.51216724716954
CHN.1_1,CHN,Anhui,2016,204.41747702377336
CHN.1_1,CHN,Anhui,2017,194.32278680037712
CHN.1_1,CHN,Anhui,2018,184.22809657698096
CHN.1_1,CHN,Anhui,2019,174.13340635358472
CHN.1_1,CHN,Anhui,2020,164.0387161301885
CHN.1_1,CHN,Anhui,2021,153.9440259067923
CHN.1_1,CHN,Anhui,2022,143.84933568339608
CHN.1_1,CHN,Anhui,2023,133.75464545999986
CHN.1_1,CHN,Anhui,2024,123.65995523660365
CHN.1_1,CHN,Anhui,2025,113.56526501320741
CHN.1_1,CHN,Anhui,2026,103.47057478981122
CHN.1_1,CHN,Anhui,2027,93.37588456641498
CHN.1_1,CHN,Anhui,2028,83.28119434301877
CHN.1_1,CHN,Anhui,2029,73.18650411962255
CHN.1_1,CHN,Anhui,2030,63.09181389622635
CHN.1_1,CHN,Anhui,2031,60.9887534330188
CHN.1_1,CHN,Anhui,2032,58.88569296981126
CHN.1_1,CHN,Anhui,2033,56.78263250660371
CHN.1_1,CHN,Anhui,2034,54.67957204339617
CHN.1_1,CHN,Anhui,2035,52.57651158018862
CHN.1_1,CHN,Anhui,2036,50.473451116981074
CHN.1_1,CHN,Anhui,2037,48.37039065377353
CHN.1_1,CHN,Anhui,2038,46.267330190565986
CHN.1_1,CHN,Anhui,2039,44.164269727358445
CHN.1_1,CHN,Anhui,2040,42.061209264150904
CHN.1_1,CHN,Anhui,2041,39.95814880094336
CHN.1_1,CHN,Anhui,2042,37.8550883377358
CHN.1_1,CHN,Anhui,2043,35.75202787452826
CHN.1_1,CHN,Anhui,2044,33.64896741132072
CHN.1_1,CHN,Anhui,2045,31.545906948113174
CHN.1_1,CHN,Anhui,2046,29.44284648490563
CHN.1_1,CHN,Anhui,2047,27.33978602169809
CHN.1_1,CHN,Anhui,2048,25.236725558490537
CHN.1_1,CHN,Anhui,2049,23.133665095282993
CHN.1_1,CHN,Anhui,2050,21.030604632075452
CHN.1_1,CHN,Anhui,2051,18.927544168867907
CHN.1_1,CHN,Anhui,2052,16.824483705660366
CHN.1_1,CHN,Anhui,2053,14.721423242452808
CHN.1_1,CHN,Anhui,2054,12.618362779245265
CHN.1_1,CHN,Anhui,2055,10.515302316037722
CHN.1_1,CHN,Anhui,2056,8.41224185283018
CHN.1_1,CHN,Anhui,2057,6.309181389622636
CHN.1_1,CHN,Anhui,2058,4.206120926415085
CHN.1_1,CHN,Anhui,2059,2.1030604632075427
CHN.1_1,CHN,Anhui,2060,0
CHN.21_1,CHN,Qinghai,2020,94.47996926055865
CHN.21_1,CHN,Qinghai,2021,92.11797002904468
CHN.21_1,CHN,Qinghai,2022,89.75597079753071
CHN.21_1,CHN,Qinghai,2023,87.39397156601675
CHN.21_1,CHN,Qinghai,2024,85.03197233450278
CHN.21_1,CHN,Qinghai,2025,82.66997310298882
CHN.21_1,CHN,Qinghai,2026,80.30797387147484
CHN.21_1,CHN,Qinghai,2027,77.94597463996088
CHN.21_1,CHN,Qinghai,2028,75.58397540844692
CHN.21_1,CHN,Qinghai,2029,73.22197617693296
CHN.21_1,CHN,Qinghai,2030,70.85997694541898
CHN.21_1,CHN,Qinghai,2031,68.49797771390502
CHN.21_1,CHN,Qinghai,2032,66.13597848239105
CHN.21_1,CHN,Qinghai,2033,63.77397925087708
CHN.21_1,CHN,Qinghai,2034,61.41198001936312
CHN.21_1,CHN,Qinghai,2035,59.04998078784916
CHN.21_1,CHN,Qinghai,2036,56.68798155633519
CHN.21_1,CHN,Qinghai,2037,54.325982324821226
CHN.21_1,CHN,Qinghai,2038,51.963983093307256
CHN.21_1,CHN,Qinghai,2039,49.60198386179329
CHN.21_1,CHN,Qinghai,2040,47.239984630279324
CHN.21_1,CHN,Qinghai,2041,44.877985398765354
CHN.21_1,CHN,Qinghai,2042,42.515986167251384
CHN.21_1,CHN,Qinghai,2043,40.15398693573743
CHN.21_1,CHN,Qinghai,2044,37.79198770422346
CHN.21_1,CHN,Qinghai,2045,35.42998847270949
CHN.21_1,CHN,Qinghai,2046,33.06798924119552
CHN.21_1,CHN,Qinghai,2047,30.70599000968156
CHN.21_1,CHN,Qinghai,2048,28.343990778167598
CHN.21_1,CHN,Qinghai,2049,25.981991546653628
CHN.21_1,CHN,Qinghai,2050,23.619992315139665
CHN.21_1,CHN,Qinghai,2051,21.25799308362569
CHN.21_1,CHN,Qinghai,2052,18.895993852111726
CHN.21_1,CHN,Qinghai,2053,16.533994620597763
CHN.21_1,CHN,Qinghai,2054,14.171995389083802
CHN.21_1,CHN,Qinghai,2055,11.809996157569826
CHN.21_1,CHN,Qinghai,2056,9.447996926055863
CHN.21_1,CHN,Qinghai,2057,7.085997694541901
CHN.21_1,CHN,Qinghai,2058,4.7239984630279395
CHN.21_1,CHN,Qinghai,2059,2.361999231513962
CHN.21_1,CHN,Qinghai,2060,0
CHN.22_1,CHN,Shaanxi,2020,503.7188484079086
CHN.22_1,CHN,Shaanxi,2021,491.12587719771085
CHN.22_1,CHN,Shaanxi,2022,478.5329059875131
CHN.22_1,CHN,Shaanxi,2023,465.93993477731544
CHN.22_1,CHN,Shaanxi,2024,453.3469635671177
CHN.22_1,CHN,Shaanxi,2025,440.75399235692
CHN.22_1,CHN,Shaanxi,2026,428.16102114672225
CHN.22_1,CHN,Shaanxi,2027,415.5680499365246
CHN.22_1,CHN,Shaanxi,2028,402.97507872632684
CHN.22_1,CHN,Shaanxi,2029,390.3821075161291
CHN.22_1,CHN,Shaanxi,2030,377.78913630593144
CHN.22_1,CHN,Shaanxi,2031,365.1961650957337
CHN.22_1,CHN,Shaanxi,2032,352.603193885536
CHN.22_1,CHN,Shaanxi,2033,340.01022267533824
CHN.22_1,CHN,Shaanxi,2034,327.41725146514057
CHN.22_1,CHN,Shaanxi,2035,314.82428025494283
CHN.22_1,CHN,Shaanxi,2036,302.2313090447451
CHN.22_1,CHN,Shaanxi,2037,289.63833783454743
CHN.22_1,CHN,Shaanxi,2038,277.0453666243497
CHN.22_1,CHN,Shaanxi,2039,264.452395414152
CHN.22_1,CHN,Shaanxi,2040,251.8594242039543
CHN.22_1,CHN,Shaanxi,2041,239.26645299375656
CHN.22_1,CHN,Shaanxi,2042,226.67348178355886
CHN.22_1,CHN,Shaanxi,2043,214.08051057336115
CHN.22_1,CHN,Shaanxi,2044,201.48753936316342
CHN.22_1,CHN,Shaanxi,2045,188.89456815296572
CHN.22_1,CHN,Shaanxi,2046,176.301596942768
CHN.22_1,CHN,Shaanxi,2047,163.70862573257023
CHN.22_1,CHN,Shaanxi,2048,151.1156545223726
CHN.22_1,CHN,Shaanxi,2049,138.52268331217485
CHN.22_1,CHN,Shaanxi,2050,125.92971210197712
CHN.22_1,CHN,Shaanxi,2051,113.33674089177943
CHN.22_1,CHN,Shaanxi,2052,100.74376968158168
CHN.22_1,CHN,Shaanxi,2053,88.15079847138405
CHN.22_1,CHN,Shaanxi,2054,75.5578272611863
CHN.22_1,CHN,Shaanxi,2055,62.96485605098856
CHN.22_1,CHN,Shaanxi,2056,50.37188484079087
CHN.22_1,CHN,Shaanxi,2057,37.778913630593124
CHN.22_1,CHN,Shaanxi,2058,25.185942420395435
CHN.22_1,CHN,Shaanxi,2059,12.592971210197748
CHN.22_1,CHN,Shaanxi,2060,0
CHN.26_1,CHN,Sichuan,2005,242.9703547429419
CHN.26_1,CHN,Sichuan,2006,238.55271192943388
CHN.26_1,CHN,Sichuan,2007,234.13506911592586
CHN.26_1,CHN,Sichuan,2008,229.7174263024178
CHN.26_1,CHN,Sichuan,2009,225.29978348890978
CHN.26_1,CHN,Sichuan,2010,220.88214067540176
CHN.26_1,CHN,Sichuan,2011,216.4644978618937
CHN.26_1,CHN,Sichuan,2012,212.04685504838568
CHN.26_1,CHN,Sichuan,2013,207.62921223487766
CHN.26_1,CHN,Sichuan,2014,203.2115694213696
CHN.26_1,CHN,Sichuan,2015,198.79392660786158
CHN.26_1,CHN,Sichuan,2016,194.37628379435355
CHN.26_1,CHN,Sichuan,2017,189.9586409808455
CHN.26_1,CHN,Sichuan,2018,185.54099816733748
CHN.26_1,CHN,Sichuan,2019,181.12335535382945
CHN.26_1,CHN,Sichuan,2020,176.7057125403214
CHN.26_1,CHN,Sichuan,2021,172.28806972681338
CHN.26_1,CHN,Sichuan,2022,167.87042691330535
CHN.26_1,CHN,Sichuan,2023,163.4527840997973
CHN.26_1,CHN,Sichuan,2024,159.03514128628927
CHN.26_1,CHN,Sichuan,2025,154.61749847278122
CHN.26_1,CHN,Sichuan,2026,150.19985565927317
CHN.26_1,CHN,Sichuan,2027,145.78221284576514
CHN.26_1,CHN,Sichuan,2028,141.36457003225715
CHN.26_1,CHN,Sichuan,2029,136.9469272187491
CHN.26_1,CHN,Sichuan,2030,132.52928440524104
CHN.26_1,CHN,Sichuan,2031,128.11164159173302
CHN.26_1,CHN,Sichuan,2032,123.69399877822498
CHN.26_1,CHN,Sichuan,2033,119.27635596471696
CHN.26_1,CHN,Sichuan,2034,114.85871315120892
CHN.26_1,CHN,Sichuan,2035,110.44107033770088
CHN.26_1,CHN,Sichuan,2036,106.02342752419284
CHN.26_1,CHN,Sichuan,2037,101.6057847106848
CHN.26_1,CHN,Sichuan,2038,97.18814189717678
CHN.26_1,CHN,Sichuan,2039,92.77049908366874
CHN.26_1,CHN,Sichuan,2040,88.3528562701607
CHN.26_1,CHN,Sichuan,2041,83.93521345665268
CHN.26_1,CHN,Sichuan,2042,79.51757064314464
CHN.26_1,CHN,Sichuan,2043,75.0999278296366
CHN.26_1,CHN,Sichuan,2044,70.68228501612855
CHN.26_1,CHN,Sichuan,2045,66.26464220262051
CHN.26_1,CHN,Sichuan,2046,61.846999389112476
CHN.26_1,CHN,Sichuan,2047,57.42935657560444
CHN.26_1,CHN,Sichuan,2048,53.011713762096406
CHN.26_1,CHN,Sichuan,2049,48.594070948588374
CHN.26_1,CHN,Sichuan,2050,44.176428135080336
CHN.26_1,CHN,Sichuan,2051,39.75878532157233
CHN.26_1,CHN,Sichuan,2052,35.3411425080643
CHN.26_1,CHN,Sichuan,2053,30.923499694556266
CHN.26_1,CHN,Sichuan,2054,26.50585688104823
CHN.26_1,CHN,Sichuan,2055,22.088214067540168
CHN.26_1,CHN,Sichuan,2056,17.670571254032136
CHN.26_1,CHN,Sichuan,2057,13.252928440524101
CHN.26_1,CHN,Sichuan,2058,8.835285627016068
CHN.26_1,CHN,Sichuan,2059,4.417642813508034
CHN.26_1,CHN,Sichuan,2060,0
CHN.31_1,CHN,Zhejiang,2005,238.6221731334489
CHN.31_1,CHN,Zhejiang,2006,234.2835881673862
CHN.31_1,CHN,Zhejiang,2007,229.9450032013235
CHN.31_1,CHN,Zhejiang,2008,225.60641823526078
CHN.31_1,CHN,Zhejiang,2009,221.26783326919806
CHN.31_1,CHN,Zhejiang,2010,216.92924830313535
CHN.31_1,CHN,Zhejiang,2011,212.59066333707267
CHN.31_1,CHN,Zhejiang,2012,208.25207837100996
CHN.31_1,CHN,Zhejiang,2013,203.91349340494725
CHN.31_1,CHN,Zhejiang,2014,199.57490843888453
CHN.31_1,CHN,Zhejiang,2015,195.23632347282182
CHN.31_1,CHN,Zhejiang,2016,190.8977385067591
CHN.31_1,CHN,Zhejiang,2017,186.5591535406964
CHN.31_1,CHN,Zhejiang,2018,182.22056857463372
CHN.31_1,CHN,Zhejiang,2019,177.881983608571
CHN.31_1,CHN,Zhejiang,2020,173.5433986425083
CHN.31_1,CHN,Zhejiang,2021,169.2048136764456
CHN.31_1,CHN,Zhejiang,2022,164.86622871038287
CHN.31_1,CHN,Zhejiang,2023,160.52764374432016
CHN.31_1,CHN,Zhejiang,2024,156.18905877825745
CHN.31_1,CHN,Zhejiang,2025,151.85047381219476
CHN.31_1,CHN,Zhejiang,2026,147.51188884613205
CHN.31_1,CHN,Zhejiang,2027,143.1733038800693
CHN.31_1,CHN,Zhejiang,2028,138.83471891400666
CHN.31_1,CHN,Zhejiang,2029,134.49613394794392
CHN.31_1,CHN,Zhejiang,2030,130.1575489818812
CHN.31_1,CHN,Zhejiang,2031,125.81896401581851
CHN.31_1,CHN,Zhejiang,2032,121.4803790497558
CHN.31_1,CHN,Zhejiang,2033,117.1417940836931
CHN.31_1,CHN,Zhejiang,2034,112.80320911763039
CHN.31_1,CHN,Zhejiang,2035,108.46462415156769
CHN.31_1,CHN,Zhejiang,2036,104.12603918550498
CHN.31_1,CHN,Zhejiang,2037,99.78745421944228
CHN.31_1,CHN,Zhejiang,2038,95.44886925337956
CHN.31_1,CHN,Zhejiang,2039,91.11028428731686
CHN.31_1,CHN,Zhejiang,2040,86.77169932125413
CHN.31_1,CHN,Zhejiang,2041,82.43311435519144
CHN.31_1,CHN,Zhejiang,2042,78.09452938912874
CHN.31_1,CHN,Zhejiang,2043,73.75594442306603
CHN.31_1,CHN,Zhejiang,2044,69.41735945700333
CHN.31_1,CHN,Zhejiang,2045,65.0787744909406
CHN.31_1,CHN,Zhejiang,2046,60.740189524877906
CHN.31_1,CHN,Zhejiang,2047,56.40160455881518
CHN.31_1,CHN,Zhejiang,2048,52.06301959275249
CHN.31_1,CHN,Zhejiang,2049,47.724434626689764
CHN.31_1,CHN,Zhejiang,2050,43.385849660627066
CHN.31_1,CHN,Zhejiang,2051,39.04726469456437
CHN.31_1,CHN,Zhejiang,2052,34.70867972850168
CHN.31_1,CHN,Zhejiang,2053,30.370094762438953
CHN.31_1,CHN,Zhejiang,2054,26.03150979637626
CHN.31_1,CHN,Zhejiang,2055,21.692924830313533
CHN.31_1,CHN,Zhejiang,2056,17.35433986425084
CHN.31_1,CHN,Zhejiang,2057,13.015754898188113
CHN.31_1,CHN,Zhejiang,2058,8.67716993212542
CHN.31_1,CHN,Zhejiang,2059,4.338584966062695
CHN.31_1,CHN,Zhejiang,2060,0
CHN.4_1,CHN,Fujian,2005,147.33066403656812
CHN.4_1,CHN,Fujian,2006,144.6519246904487
CHN.4_1,CHN,Fujian,2007,141.9731853443293
CHN.4_1,CHN,Fujian,2008,139.29444599820985
CHN.4_1,CHN,Fujian,2009,136.61570665209047
CHN.4_1,CHN,Fujian,2010,133.93696730597102
CHN.4_1,CHN,Fujian,2011,131.2582279598516
CHN.4_1,CHN,Fujian,2012,128.5794886137322
CHN.4_1,CHN,Fujian,2013,125.90074926761277
CHN.4_1,CHN,Fujian,2014,123.22200992149335
CHN.4_1,CHN,Fujian,2015,120.54327057537394
CHN.4_1,CHN,Fujian,2016,117.86453122925451
CHN.4_1,CHN,Fujian,2017,115.18579188313508
CHN.4_1,CHN,Fujian,2018,112.50705253701568
CHN.4_1,CHN,Fujian,2019,109.82831319089624
CHN.4_1,CHN,Fujian,2020,107.14957384477684
CHN.4_1,CHN,Fujian,2021,104.47083449865741
CHN.4_1,CHN,Fujian,2022,101.79209515253798
CHN.4_1,CHN,Fujian,2023,99.11335580641857
CHN.4_1,CHN,Fujian,2024,96.43461646029914
CHN.4_1,CHN,Fujian,2025,93.75587711417973
CHN.4_1,CHN,Fujian,2026,91.0771377680603
CHN.4_1,CHN,Fujian,2027,88.39839842194088
CHN.4_1,CHN,Fujian,2028,85.71965907582145
CHN.4_1,CHN,Fujian,2029,83.04091972970204
CHN.4_1,CHN,Fujian,2030,80.36218038358263
CHN.4_1,CHN,Fujian,2031,77.6834410374632
CHN.4_1,CHN,Fujian,2032,75.00470169134378
CHN.4_1,CHN,Fujian,2033,72.32596234522437
CHN.4_1,CHN,Fujian,2034,69.64722299910494
CHN.4_1,CHN,Fujian,2035,66.96848365298553
CHN.4_1,CHN,Fujian,2036,64.2897443068661
CHN.4_1,CHN,Fujian,2037,61.611004960746676
CHN.4_1,CHN,Fujian,2038,58.932265614627255
CHN.4_1,CHN,Fujian,2039,56.25352626850784
CHN.4_1,CHN,Fujian,2040,53.57478692238842
CHN.4_1,CHN,Fujian,2041,50.896047576268984
CHN.4_1,CHN,Fujian,2042,48.21730823014957
CHN.4_1,CHN,Fujian,2043,45.53856888403015
CHN.4_1,CHN,Fujian,2044,42.85982953791073
CHN.4_1,CHN,Fujian,2045,40.18109019179131
CHN.4_1,CHN,Fujian,2046,37.50235084567189
CHN.4_1,CHN,Fujian,2047,34.823611499552456
CHN.4_1,CHN,Fujian,2048,32.14487215343304
CHN.4_1,CHN,Fujian,2049,29.46613280731362
CHN.4_1,CHN,Fujian,2050,26.787393461194203
CHN.4_1,CHN,Fujian,2051,24.1086541150748
CHN.4_1,CHN,Fujian,2052,21.429914768955364
CHN.4_1,CHN,Fujian,2053,18.751175422835946
CHN.4_1,CHN,Fujian,2054,16.072436076716528
CHN.4_1,CHN,Fujian,2055,13.393696730597108
CHN.4_1,CHN,Fujian,2056,10.714957384477675
CHN.4_1,CHN,Fujian,2057,8.036218038358271
CHN.4_1,CHN,Fujian,2058,5.357478692238837
CHN.4_1,CHN,Fujian,2059,2.6787393461194338
CHN.4_1,CHN,Fujian,2060,0
CHN.5_1,CHN,Gansu,2022,264.2879985398349
CHN.5_1,CHN,Gansu,2023,257.33305120983925
CHN.5_1,CHN,Gansu,2024,250.3781038798436
CHN.5_1,CHN,Gansu,2025,243.42315654984796
CHN.5_1,CHN,Gansu,2026,236.4682092198523
CHN.5_1,CHN,Gansu,2027,229.51326188985664
CHN.5_1,CHN,Gansu,2028,222.55831455986097
CHN.5_1,CHN,Gansu,2029,215.6033672298653
CHN.5_1,CHN,Gansu,2030,208.64841989986968
CHN.5_1,CHN,Gansu,2031,201.69347256987402
CHN.5_1,CHN,Gansu,2032,194.73852523987836
CHN.5_1,CHN,Gansu,2033,187.7835779098827
CHN.5_1,CHN,Gansu,2034,180.82863057988703
CHN.5_1,CHN,Gansu,2035,173.8736832498914
CHN.5_1,CHN,Gansu,2036,166.91873591989574
CHN.5_1,CHN,Gansu,2037,159.96378858990008
CHN.5_1,CHN,Gansu,2038,153.00884125990444
CHN.5_1,CHN,Gansu,2039,146.05389392990875
CHN.5_1,CHN,Gansu,2040,139.09894659991312
CHN.5_1,CHN,Gansu,2041,132.14399926991746
CHN.5_1,CHN,Gansu,2042,125.1890519399218
CHN.5_1,CHN,Gansu,2043,118.23410460992613
CHN.5_1,CHN,Gansu,2044,111.27915727993047
CHN.5_1,CHN,Gansu,2045,104.32420994993484
CHN.5_1,CHN,Gansu,2046,97.36926261993918
CHN.5_1,CHN,Gansu,2047,90.41431528994352
CHN.5_1,CHN,Gansu,2048,83.45936795994785
CHN.5_1,CHN,Gansu,2049,76.50442062995222
CHN.5_1,CHN,Gansu,2050,69.54947329995656
CHN.5_1,CHN,Gansu,2051,62.5945259699609
CHN.5_1,CHN,Gansu,2052,55.63957863996524
CHN.5_1,CHN,Gansu,2053,48.6846313099696
CHN.5_1,CHN,Gansu,2054,41.72968397997394
CHN.5_1,CHN,Gansu,2055,34.77473664997828
CHN.5_1,CHN,Gansu,2056,27.81978931998262
CHN.5_1,CHN,Gansu,2057,20.864841989986985
CHN.5_1,CHN,Gansu,2058,13.909894659991323
CHN.5_1,CHN,Gansu,2059,6.954947329995662
CHN.5_1,CHN,Gansu,2060,0
CHN.6_1,CHN,Guangdong,2020,653.7816731389046
CHN.6_1,CHN,Guangdong,2021,637.4371313104319
CHN.6_1,CHN,Guangdong,2022,621.0925894819593
CHN.6_1,CHN,Guangdong,2023,604.7480476534868
CHN.6_1,CHN,Guangdong,2024,588.4035058250141
CHN.6_1,CHN,Guangdong,2025,572.0589639965415
CHN.6_1,CHN,Guangdong,2026,555.7144221680688
CHN.6_1,CHN,Guangdong,2027,539.3698803395963
CHN.6_1,CHN,Guangdong,2028,523.0253385111237
CHN.6_1,CHN,Guangdong,2029,506.680796682651
CHN.6_1,CHN,Guangdong,2030,490.33625485417843
CHN.6_1,CHN,Guangdong,2031,473.9917130257058
CHN.6_1,CHN,Guangdong,2032,457.6471711972332
CHN.6_1,CHN,Guangdong,2033,441.30262936876056
CHN.6_1,CHN,Guangdong,2034,424.958087540288
CHN.6_1,CHN,Guangdong,2035,408.61354571181533
CHN.6_1,CHN,Guangdong,2036,392.26900388334275
CHN.6_1,CHN,Guangdong,2037,375.9244620548701
CHN.6_1,CHN,Guangdong,2038,359.5799202263975
CHN.6_1,CHN,Guangdong,2039,343.2353783979249
CHN.6_1,CHN,Guangdong,2040,326.8908365694523
CHN.6_1,CHN,Guangdong,2041,310.54629474097965
CHN.6_1,CHN,Guangdong,2042,294.20175291250706
CHN.6_1,CHN,Guangdong,2043,277.8572110840344
CHN.6_1,CHN,Guangdong,2044,261.51266925556183
CHN.6_1,CHN,Guangdong,2045,245.16812742708922
CHN.6_1,CHN,Guangdong,2046,228.8235855986166
CHN.6_1,CHN,Guangdong,2047,212.479043770144
CHN.6_1,CHN,Guangdong,2048,196.13450194167137
CHN.6_1,CHN,Guangdong,2049,179.78996011319876
CHN.6_1,CHN,Guangdong,2050,163.44541828472614
CHN.6_1,CHN,Guangdong,2051,147.10087645625353
CHN.6_1,CHN,Guangdong,2052,130.75633462778092
CHN.6_1,CHN,Guangdong,2053,114.4117927993083
CHN.6_1,CHN,Guangdong,2054,98.06725097083569
CHN.6_1,CHN,Guangdong,2055,81.72270914236307
CHN.6_1,CHN,Guangdong,2056,65.37816731389046
CHN.6_1,CHN,Guangdong,2057,49.03362548541784
CHN.6_1,CHN,Guangdong,2058,32.68908365694523
CHN.6_1,CHN,Guangdong,2059,16.344541828472614
CHN.6_1,CHN,Guangdong,2060,0
CHN.7_1,CHN,Guangxi,2022,382.9095817123457
CHN.7_1,CHN,Guangxi,2023,372.83301377254713
CHN.7_1,CHN,Guangxi,2024,362.75644583274857
CHN.7_1,CHN,Guangxi,2025,352.67987789295
CHN.7_1,CHN,Guangxi,2026,342.60330995315144
CHN.7_1,CHN,Guangxi,2027,332.5267420133529
CHN.7_1,CHN,Guangxi,2028,322.45017407355425
CHN.7_1,CHN,Guangxi,2029,312.37360613375574
CHN.7_1,CHN,Guangxi,2030,302.2970381939572
CHN.7_1,CHN,Guangxi,2031,292.2204702541586
CHN.7_1,CHN,Guangxi,2032,282.14390231436005
CHN.7_1,CHN,Guangxi,2033,272.0673343745614
CHN.7_1,CHN,Guangxi,2034,261.99076643476286
CHN.7_1,CHN,Guangxi,2035,251.9141984949643
CHN.7_1,CHN,Guangxi,2036,241.83763055516573
CHN.7_1,CHN,Guangxi,2037,231.76106261536714
CHN.7_1,CHN,Guangxi,2038,221.68449467556857
CHN.7_1,CHN,Guangxi,2039,211.60792673576998
CHN.7_1,CHN,Guangxi,2040,201.53135879597144
CHN.7_1,CHN,Guangxi,2041,191.45479085617285
CHN.7_1,CHN,Guangxi,2042,181.37822291637428
CHN.7_1,CHN,Guangxi,2043,171.3016549765757
CHN.7_1,CHN,Guangxi,2044,161.22508703677713
CHN.7_1,CHN,Guangxi,2045,151.1485190969786
CHN.7_1,CHN,Guangxi,2046,141.07195115718002
CHN.7_1,CHN,Guangxi,2047,130.99538321738143
CHN.7_1,CHN,Guangxi,2048,120.91881527758285
CHN.7_1,CHN,Guangxi,2049,110.84224733778429
CHN.7_1,CHN,Guangxi,2050,100.76567939798575
CHN.7_1,CHN,Guangxi,2051,90.6891114581871
CHN.7_1,CHN,Guangxi,2052,80.61254351838856
CHN.7_1,CHN,Guangxi,2053,70.53597557859004
CHN.7_1,CHN,Guangxi,2054,60.45940763879144
CHN.7_1,CHN,Guangxi,2055,50.382839698992846
CHN.7_1,CHN,Guangxi,2056,40.30627175919425
CHN.7_1,CHN,Guangxi,2057,30.22970381939572
CHN.7_1,CHN,Guangxi,2058,20.153135879597187
CHN.7_1,CHN,Guangxi,2059,10.076567939798533
CHN.7_1,CHN,Guangxi,2060,0
CHN.9_1,CHN,Hainan,2020,51.37204178647643
CHN.9_1,CHN,Hainan,2021,50.75557728503872
CHN.9_1,CHN,Hainan,2022,50.139112783601
CHN.9_1,CHN,Hainan,2023,49.522648282163274
CHN.9_1,CHN,Hainan,2024,48.90618378072556
CHN.9_1,CHN,Hainan,2025,48.289719279287844
CHN.9_1,CHN,Hainan,2026,46.35813050811633
CHN.9_1,CHN,Hainan,2027,44.42654173694482
CHN.9_1,CHN,Hainan,2028,42.49495296577331
CHN.9_1,CHN,Hainan,2029,40.56336419460179
CHN.9_1,CHN,Hainan,2030,38.63177542343028
CHN.9_1,CHN,Hainan,2031,36.700186652258765
CHN.9_1,CHN,Hainan,2032,34.768597881087246
CHN.9_1,CHN,Hainan,2033,32.83700910991573
CHN.9_1,CHN,Hainan,2034,30.90542033874422
CHN.9_1,CHN,Hainan,2035,28.973831567572706
CHN.9_1,CHN,Hainan,2036,27.04224279640119
CHN.9_1,CHN,Hainan,2037,25.11065402522968
CHN.9_1,CHN,Hainan,2038,23.179065254058163
CHN.9_1,CHN,Hainan,2039,21.24747648288665
CHN.9_1,CHN,Hainan,2040,19.31588771171514
CHN.9_1,CHN,Hainan,2041,17.384298940543623
CHN.9_1,CHN,Hainan,2042,15.452710169372107
CHN.9_1,CHN,Hainan,2043,13.521121398200602
CHN.9_1,CHN,Hainan,2044,11.589532627029083
CHN.9_1,CHN,Hainan,2045,9.657943855857566
CHN.9_1,CHN,Hainan,2046,7.726355084686055
CHN.9_1,CHN,Hainan,2047,5.794766313514538
CHN.9_1,CHN,Hainan,2048,3.8631775423430277
CHN.9_1,CHN,Hainan,2049,1.9315887711715176
CHN.9_1,CHN,Hainan,2050,0
DEU.10_1,DEU,North Rhine-Westphalia,2022,192.5100344712974
DEU.10_1,DEU,North Rhine-Westphalia,2023,184.14003297254533
DEU.10_1,DEU,North Rhine-Westphalia,2024,175.77003147379327
DEU.10_1,DEU,North Rhine-Westphalia,2025,167.4000299750412
DEU.10_1,DEU,North Rhine-Westphalia,2026,159.03002847628915
DEU.10_1,DEU,North Rhine-Westphalia,2027,150.6600269775371
DEU.10_1,DEU,North Rhine-Westphalia,2028,142.29002547878503
DEU.10_1,DEU,North Rhine-Westphalia,2029,133.92002398003294
DEU.10_1,DEU,North Rhine-Westphalia,2030,125.55002248128089
DEU.10_1,DEU,North Rhine-Westphalia,2031,117.18002098252883
DEU.10_1,DEU,North Rhine-Westphalia,2032,108.81001948377678
DEU.10_1,DEU,North Rhine-Westphalia,2033,100.44001798502472
DEU.10_1,DEU,North Rhine-Westphalia,2034,92.07001648627266
DEU.10_1,DEU,North Rhine-Westphalia,2035,83.7000149875206
DEU.10_1,DEU,North Rhine-Westphalia,2036,75.33001348876853
DEU.10_1,DEU,North Rhine-Westphalia,2037,66.96001199001647
DEU.10_1,DEU,North Rhine-Westphalia,2038,58.590010491264415
DEU.10_1,DEU,North Rhine-Westphalia,2039,50.220008992512376
DEU.10_1,DEU,North Rhine-Westphalia,2040,41.85000749376029
DEU.10_1,DEU,North Rhine-Westphalia,2041,33.48000599500823
DEU.10_1,DEU,North Rhine-Westphalia,2042,25.110004496256174
DEU.10_1,DEU,North Rhine-Westphalia,2043,16.740002997504146
DEU.10_1,DEU,North Rhine-Westphalia,2044,8.370001498752057
DEU.10_1,DEU,North Rhine-Westphalia,2045,0
DEU.11_1,DEU,Rhineland-Palatinate,2022,37.113961396103036
DEU.11_1,DEU,Rhineland-Palatinate,2023,35.788462774813645
DEU.11_1,DEU,Rhineland-Palatinate,2024,34.46296415352425
DEU.11_1,DEU,Rhineland-Palatinate,2025,33.137465532234856
DEU.11_1,DEU,Rhineland-Palatinate,2026,31.811966910945465
DEU.11_1,DEU,Rhineland-Palatinate,2027,30.48646828965607
DEU.11_1,DEU,Rhineland-Palatinate,2028,29.160969668366675
DEU.11_1,DEU,Rhineland-Palatinate,2029,27.83547104707728
DEU.11_1,DEU,Rhineland-Palatinate,2030,26.50997242578789
DEU.11_1,DEU,Rhineland-Palatinate,2031,25.18447380449849
DEU.11_1,DEU,Rhineland-Palatinate,2032,23.8589751832091
DEU.11_1,DEU,Rhineland-Palatinate,2033,22.533476561919706
DEU.11_1,DEU,Rhineland-Palatinate,2034,21.20797794063031
DEU.11_1,DEU,Rhineland-Palatinate,2035,19.882479319340913
DEU.11_1,DEU,Rhineland-Palatinate,2036,18.556980698051518
DEU.11_1,DEU,Rhineland-Palatinate,2037,17.231482076762124
DEU.11_1,DEU,Rhineland-Palatinate,2038,15.905983455472734
DEU.11_1,DEU,Rhineland-Palatinate,2039,14.58048483418334
DEU.11_1,DEU,Rhineland-Palatinate,2040,13.254986212893941
DEU.11_1,DEU,Rhineland-Palatinate,2041,11.929487591604545
DEU.11_1,DEU,Rhineland-Palatinate,2042,10.603988970315156
DEU.11_1,DEU,Rhineland-Palatinate,2043,9.278490349025759
DEU.11_1,DEU,Rhineland-Palatinate,2044,7.952991727736365
DEU.11_1,DEU,Rhineland-Palatinate,2045,6.627493106446974
DEU.11_1,DEU,Rhineland-Palatinate,2046,5.3019944851575795
DEU.11_1,DEU,Rhineland-Palatinate,2047,3.976495863868181
DEU.11_1,DEU,Rhineland-Palatinate,2048,2.6509972425787898
DEU.11_1,DEU,Rhineland-Palatinate,2049,1.3254986212893949
DEU.11_1,DEU,Rhineland-Palatinate,2050,0
DEU.16_1,DEU,Thuringia,1990,28.218101757360525
DEU.16_1,DEU,Thuringia,1991,27.724284976606715
DEU.16_1,DEU,Thuringia,1992,27.230468195852904
DEU.16_1,DEU,Thuringia,1993,26.7366514150991
DEU.16_1,DEU,Thuringia,1994,26.24283463434529
DEU.16_1,DEU,Thuringia,1995,25.74901785359148
DEU.16_1,DEU,Thuringia,1996,25.255201072837668
DEU.16_1,DEU,Thuringia,1997,24.761384292083864
DEU.16_1,DEU,Thuringia,1998,24.267567511330054
DEU.16_1,DEU,Thuringia,1999,23.773750730576243
DEU.16_1,DEU,Thuringia,2000,23.279933949822432
DEU.16_1,DEU,Thuringia,2001,22.786117169068625
DEU.16_1,DEU,Thuringia,2002,22.292300388314818
DEU.16_1,DEU,Thuringia,2003,21.798483607561007
DEU.16_1,DEU,Thuringia,2004,21.304666826807196
DEU.16_1,DEU,Thuringia,2005,20.81085004605339
DEU.16_1,DEU,Thuringia,2006,20.31703326529958
DEU.16_1,DEU,Thuringia,2007,19.82321648454577
DEU.16_1,DEU,Thuringia,2008,19.32939970379196
DEU.16_1,DEU,Thuringia,2009,18.835582923038153
DEU.16_1,DEU,Thuringia,2010,18.341766142284342
DEU.16_1,DEU,Thuringia,2011,17.847949361530535
DEU.16_1,DEU,Thuringia,2012,17.35413258077672
DEU.16_1,DEU,Thuringia,2013,16.860315800022914
DEU.16_1,DEU,Thuringia,2014,16.366499019269106
DEU.16_1,DEU,Thuringia,2015,15.872682238515297
DEU.16_1,DEU,Thuringia,2016,15.378865457761487
DEU.16_1,DEU,Thuringia,2017,14.88504867700768
DEU.16_1,DEU,Thuringia,2018,14.39123189625387
DEU.16_1,DEU,Thuringia,2019,13.897415115500062
DEU.16_1,DEU,Thuringia,2020,13.403598334746253
DEU.16_1,DEU,Thuringia,2021,12.909781553992444
DEU.16_1,DEU,Thuringia,2022,12.415964773238633
DEU.16_1,DEU,Thuringia,2023,11.922147992484824
DEU.16_1,DEU,Thuringia,2024,11.428331211731017
DEU.16_1,DEU,Thuringia,2025,10.934514430977206
DEU.16_1,DEU,Thuringia,2026,10.440697650223397
DEU.16_1,DEU,Thuringia,2027,9.946880869469586
DEU.16_1,DEU,Thuringia,2028,9.45306408871578
DEU.16_1,DEU,Thuringia,2029,8.95924730796197
DEU.16_1,DEU,Thuringia,2030,8.465430527208161
DEU.1_1,DEU,Baden-Württemberg,2022,83.94834002369531
DEU.1_1,DEU,Baden-Württemberg,2023,79.28454335571223
DEU.1_1,DEU,Baden-Württemberg,2024,74.62074668772917
DEU.1_1,DEU,Baden-Württemberg,2025,69.95695001974609
DEU.1_1,DEU,Baden-Württemberg,2026,65.29315335176302
DEU.1_1,DEU,Baden-Württemberg,2027,60.62935668377994
DEU.1_1,DEU,Baden-Württemberg,2028,55.96556001579687
DEU.1_1,DEU,Baden-Württemberg,2029,51.3017633478138
DEU.1_1,DEU,Baden-Württemberg,2030,46.63796667983073
DEU.1_1,DEU,Baden-Württemberg,2031,41.974170011847654
DEU.1_1,DEU,Baden-Württemberg,2032,37.310373343864576
DEU.1_1,DEU,Baden-Württemberg,2033,32.646576675881505
DEU.1_1,DEU,Baden-Württemberg,2034,27.982780007898434
DEU.1_1,DEU,Baden-Württemberg,2035,23.318983339915366
DEU.1_1,DEU,Baden-Württemberg,2036,18.655186671932288
DEU.1_1,DEU,Baden-Württemberg,2037,13.99139000394921
DEU.1_1,DEU,Baden-Württemberg,2038,9.327593335966155
DEU.1_1,DEU,Baden-Württemberg,2039,4.66379666798307
DEU.1_1,DEU,Baden-Württemberg,2040,0
DEU.2_1,DEU,Bavaria,2022,93.89968882862303
DEU.2_1,DEU,Bavaria,2023,90.54612851331507
DEU.2_1,DEU,Bavaria,2024,87.1925681980071
DEU.2_1,DEU,Bavaria,2025,83.83900788269914
DEU.2_1,DEU,Bavaria,2026,80.48544756739118
DEU.2_1,DEU,Bavaria,2027,77.1318872520832
DEU.2_1,DEU,Bavaria,2028,73.77832693677524
DEU.2_1,DEU,Bavaria,2029,70.42476662146726
DEU.2_1,DEU,Bavaria,2030,67.0712063061593
DEU.2_1,DEU,Bavaria,2031,63.717645990851345
DEU.2_1,DEU,Bavaria,2032,60.36408567554338
DEU.2_1,DEU,Bavaria,2033,57.010525360235405
DEU.2_1,DEU,Bavaria,2034,53.656965044927446
DEU.2_1,DEU,Bavaria,2035,50.30340472961948
DEU.2_1,DEU,Bavaria,2036,46.949844414311514
DEU.2_1,DEU,Bavaria,2037,43.59628409900355
DEU.2_1,DEU,Bavaria,2038,40.24272378369559
DEU.2_1,DEU,Bavaria,2039,36.88916346838762
DEU.2_1,DEU,Bavaria,2040,33.53560315307965
DEU.2_1,DEU,Bavaria,2041,30.182042837771682
DEU.2_1,DEU,Bavaria,2042,26.828482522463723
DEU.2_1,DEU,Bavaria,2043,23.474922207155764
DEU.2_1,DEU,Bavaria,2044,20.12136189184779
DEU.2_1,DEU,Bavaria,2045,16.767801576539828
DEU.2_1,DEU,Bavaria,2046,13.414241261231869
DEU.2_1,DEU,Bavaria,2047,10.060680945923895
DEU.2_1,DEU,Bavaria,2048,6.707120630615934
DEU.2_1,DEU,Bavaria,2049,3.35356031530796
DEU.2_1,DEU,Bavaria,2050,0
DEU.3_1,DEU,Federal of Berlin,1990,27.540195727665026
DEU.3_1,DEU,Federal of Berlin,1991,27.058242302430887
DEU.3_1,DEU,Federal of Berlin,1992,26.576288877196752
DEU.3_1,DEU,Federal of Berlin,1993,26.094335451962614
DEU.3_1,DEU,Federal of Berlin,1994,25.612382026728472
DEU.3_1,DEU,Federal of Berlin,1995,25.130428601494334
DEU.3_1,DEU,Federal of Berlin,1996,24.6484751762602
DEU.3_1,DEU,Federal of Berlin,1997,24.16652175102606
DEU.3_1,DEU,Federal of Berlin,1998,23.684568325791922
DEU.3_1,DEU,Federal of Berlin,1999,23.202614900557787
DEU.3_1,DEU,Federal of Berlin,2000,22.72066147532365
DEU.3_1,DEU,Federal of Berlin,2001,22.238708050089507
DEU.3_1,DEU,Federal of Berlin,2002,21.75675462485537
DEU.3_1,DEU,Federal of Berlin,2003,21.27480119962123
DEU.3_1,DEU,Federal of Berlin,2004,20.792847774387095
DEU.3_1,DEU,Federal of Berlin,2005,20.310894349152957
DEU.3_1,DEU,Federal of Berlin,2006,19.828940923918818
DEU.3_1,DEU,Federal of Berlin,2007,19.346987498684683
DEU.3_1,DEU,Federal of Berlin,2008,18.86503407345054
DEU.3_1,DEU,Federal of Berlin,2009,18.383080648216403
DEU.3_1,DEU,Federal of Berlin,2010,17.901127222982264
DEU.3_1,DEU,Federal of Berlin,2011,17.419173797748126
DEU.3_1,DEU,Federal of Berlin,2012,16.93722037251399
DEU.3_1,DEU,Federal of Berlin,2013,16.455266947279853
DEU.3_1,DEU,Federal of Berlin,2014,15.973313522045714
DEU.3_1,DEU,Federal of Berlin,2015,15.491360096811578
DEU.3_1,DEU,Federal of Berlin,2016,15.00940667157744
DEU.3_1,DEU,Federal of Berlin,2017,14.527453246343299
DEU.3_1,DEU,Federal of Berlin,2018,14.045499821109164
DEU.3_1,DEU,Federal of Berlin,2019,13.563546395875026
DEU.3_1,DEU,Federal of Berlin,2020,13.081592970640887
DEU.3_1,DEU,Federal of Berlin,2021,12.599639545406749
DEU.3_1,DEU,Federal of Berlin,2022,12.11768612017261
DEU.3_1,DEU,Federal of Berlin,2023,11.635732694938476
DEU.3_1,DEU,Federal of Berlin,2024,11.153779269704335
DEU.3_1,DEU,Federal of Berlin,2025,10.671825844470199
DEU.3_1,DEU,Federal of Berlin,2026,10.18987241923606
DEU.3_1,DEU,Federal of Berlin,2027,9.707918994001922
DEU.3_1,DEU,Federal of Berlin,2028,9.225965568767785
DEU.3_1,DEU,Federal of Berlin,2029,8.744012143533647
DEU.3_1,DEU,Federal of Berlin,2030,8.262058718299508
DEU.3_1,DEU,Federal of Berlin,2031,7.711254803746208
DEU.3_1,DEU,Federal of Berlin,2032,7.160450889192907
DEU.3_1,DEU,Federal of Berlin,2033,6.609646974639607
DEU.3_1,DEU,Federal of Berlin,2034,6.058843060086306
DEU.3_1,DEU,Federal of Berlin,2035,5.508039145533005
DEU.3_1,DEU,Federal of Berlin,2036,4.957235230979705
DEU.3_1,DEU,Federal of Berlin,2037,4.406431316426404
DEU.3_1,DEU,Federal of Berlin,2038,3.8556274018731043
DEU.3_1,DEU,Federal of Berlin,2039,3.304823487319804
DEU.3_1,DEU,Federal of Berlin,2040,2.754019572766503
DEU.3_1,DEU,Federal of Berlin,2041,2.2032156582132028
DEU.3_1,DEU,Federal of Berlin,2042,1.6524117436599015
DEU.3_1,DEU,Federal of Berlin,2043,1.101607829106601
DEU.3_1,DEU,Federal of Berlin,2044,0.5508039145533005
DEU.3_1,DEU,Federal of Berlin,2045,0
DEU.4_1,DEU,Brandenburg,2022,51.02218382940268
DEU.4_1,DEU,Brandenburg,2023,48.80382801073299
DEU.4_1,DEU,Brandenburg,2024,46.585472192063314
DEU.4_1,DEU,Brandenburg,2025,44.367116373393635
DEU.4_1,DEU,Brandenburg,2026,42.14876055472395
DEU.4_1,DEU,Brandenburg,2027,39.93040473605427
DEU.4_1,DEU,Brandenburg,2028,37.712048917384585
DEU.4_1,DEU,Brandenburg,2029,35.4936930987149
DEU.4_1,DEU,Brandenburg,2030,33.27533728004523
DEU.4_1,DEU,Brandenburg,2031,31.056981461375543
DEU.4_1,DEU,Brandenburg,2032,28.83862564270586
DEU.4_1,DEU,Brandenburg,2033,26.62026982403618
DEU.4_1,DEU,Brandenburg,2034,24.4019140053665
DEU.4_1,DEU,Brandenburg,2035,22.18355818669682
DEU.4_1,DEU,Brandenburg,2036,19.965202368027132
DEU.4_1,DEU,Brandenburg,2037,17.74684654935745
DEU.4_1,DEU,Brandenburg,2038,15.528490730687775
DEU.4_1,DEU,Brandenburg,2039,13.310134912018091
DEU.4_1,DEU,Brandenburg,2040,11.091779093348407
DEU.4_1,DEU,Brandenburg,2041,8.87342327467873
DEU.4_1,DEU,Brandenburg,2042,6.6550674560090455
DEU.4_1,DEU,Brandenburg,2043,4.436711637339369
DEU.4_1,DEU,Brandenburg,2044,2.218355818669677
DEU.4_1,DEU,Brandenburg,2045,0
DEU.6_1,DEU,Hamburg,1990,11.022701304591152
DEU.6_1,DEU,Hamburg,1991,10.871139161653025
DEU.6_1,DEU,Hamburg,1992,10.719577018714896
DEU.6_1,DEU,Hamburg,1993,10.568014875776768
DEU.6_1,DEU,Hamburg,1994,10.41645273283864
DEU.6_1,DEU,Hamburg,1995,10.26489058990051
DEU.6_1,DEU,Hamburg,1996,10.113328446962383
DEU.6_1,DEU,Hamburg,1997,9.961766304024255
DEU.6_1,DEU,Hamburg,1998,9.810204161086125
DEU.6_1,DEU,Hamburg,1999,9.658642018147997
DEU.6_1,DEU,Hamburg,2000,9.50707987520987
DEU.6_1,DEU,Hamburg,2001,9.35551773227174
DEU.6_1,DEU,Hamburg,2002,9.203955589333612
DEU.6_1,DEU,Hamburg,2003,9.052393446395484
DEU.6_1,DEU,Hamburg,2004,8.900831303457355
DEU.6_1,DEU,Hamburg,2005,8.749269160519228
DEU.6_1,DEU,Hamburg,2006,8.597707017581097
DEU.6_1,DEU,Hamburg,2007,8.44614487464297
DEU.6_1,DEU,Hamburg,2008,8.294582731704843
DEU.6_1,DEU,Hamburg,2009,8.143020588766715
DEU.6_1,DEU,Hamburg,2010,7.991458445828585
DEU.6_1,DEU,Hamburg,2011,7.839896302890457
DEU.6_1,DEU,Hamburg,2012,7.688334159952329
DEU.6_1,DEU,Hamburg,2013,7.536772017014201
DEU.6_1,DEU,Hamburg,2014,7.3852098740760725
DEU.6_1,DEU,Hamburg,2015,7.2336477311379435
DEU.6_1,DEU,Hamburg,2016,7.082085588199814
DEU.6_1,DEU,Hamburg,2017,6.930523445261687
DEU.6_1,DEU,Hamburg,2018,6.778961302323558
DEU.6_1,DEU,Hamburg,2019,6.627399159385431
DEU.6_1,DEU,Hamburg,2020,6.475837016447302
DEU.6_1,DEU,Hamburg,2021,6.324274873509173
DEU.6_1,DEU,Hamburg,2022,6.172712730571044
DEU.6_1,DEU,Hamburg,2023,6.021150587632917
DEU.6_1,DEU,Hamburg,2024,5.869588444694788
DEU.6_1,DEU,Hamburg,2025,5.71802630175666
DEU.6_1,DEU,Hamburg,2026,5.5664641588185315
DEU.6_1,DEU,Hamburg,2027,5.414902015880403
DEU.6_1,DEU,Hamburg,2028,5.263339872942275
DEU.6_1,DEU,Hamburg,2029,5.111777730004147
DEU.6_1,DEU,Hamburg,2030,4.960215587066018
DEU.6_1,DEU,Hamburg,2031,4.739761560974195
DEU.6_1,DEU,Hamburg,2032,4.519307534882373
DEU.6_1,DEU,Hamburg,2033,4.298853508790549
DEU.6_1,DEU,Hamburg,2034,4.078399482698726
DEU.6_1,DEU,Hamburg,2035,3.857945456606903
DEU.6_1,DEU,Hamburg,2036,3.63749143051508
DEU.6_1,DEU,Hamburg,2037,3.4170374044232568
DEU.6_1,DEU,Hamburg,2038,3.196583378331434
DEU.6_1,DEU,Hamburg,2039,2.9761293522396106
DEU.6_1,DEU,Hamburg,2040,2.7556753261477875
DEU.6_1,DEU,Hamburg,2041,2.5352213000559645
DEU.6_1,DEU,Hamburg,2042,2.314767273964142
DEU.6_1,DEU,Hamburg,2043,2.0943132478723188
DEU.6_1,DEU,Hamburg,2044,1.8738592217804957
DEU.6_1,DEU,Hamburg,2045,1.6534051956886724
DEU.6_1,DEU,Hamburg,2046,1.4329511695968495
DEU.6_1,DEU,Hamburg,2047,1.2124971435050267
DEU.6_1,DEU,Hamburg,2048,0.9920431174132033
DEU.6_1,DEU,Hamburg,2049,0.7715890913213808
DEU.6_1,DEU,Hamburg,2050,0.5511350652295575
DEU.7_1,DEU,Hesse,1990,66.10661854380984
DEU.7_1,DEU,Hesse,1991,65.3511143318806
DEU.7_1,DEU,Hesse,1992,64.59561011995133
DEU.7_1,DEU,Hesse,1993,63.84010590802208
DEU.7_1,DEU,Hesse,1994,63.08460169609282
DEU.7_1,DEU,Hesse,1995,62.32909748416357
DEU.7_1,DEU,Hesse,1996,61.57359327223431
DEU.7_1,DEU,Hesse,1997,60.818089060305056
DEU.7_1,DEU,Hesse,1998,60.062584848375806
DEU.7_1,DEU,Hesse,1999,59.30708063644655
DEU.7_1,DEU,Hesse,2000,58.55157642451729
DEU.7_1,DEU,Hesse,2001,57.796072212588044
DEU.7_1,DEU,Hesse,2002,57.04056800065878
DEU.7_1,DEU,Hesse,2003,56.285063788729524
DEU.7_1,DEU,Hesse,2004,55.529559576800274
DEU.7_1,DEU,Hesse,2005,54.77405536487102
DEU.7_1,DEU,Hesse,2006,54.01855115294176
DEU.7_1,DEU,Hesse,2007,53.263046941012504
DEU.7_1,DEU,Hesse,2008,52.507542729083255
DEU.7_1,DEU,Hesse,2009,51.75203851715399
DEU.7_1,DEU,Hesse,2010,50.99653430522474
DEU.7_1,DEU,Hesse,2011,50.241030093295485
DEU.7_1,DEU,Hesse,2012,49.48552588136623
DEU.7_1,DEU,Hesse,2013,48.73002166943698
DEU.7_1,DEU,Hesse,2014,47.974517457507716
DEU.7_1,DEU,Hesse,2015,47.219013245578466
DEU.7_1,DEU,Hesse,2016,46.4635090336492
DEU.7_1,DEU,Hesse,2017,45.70800482171995
DEU.7_1,DEU,Hesse,2018,44.9525006097907
DEU.7_1,DEU,Hesse,2019,44.19699639786143
DEU.7_1,DEU,Hesse,2020,43.44149218593219
DEU.7_1,DEU,Hesse,2021,42.68598797400293
DEU.7_1,DEU,Hesse,2022,41.93048376207368
DEU.7_1,DEU,Hesse,2023,41.17497955014442
DEU.7_1,DEU,Hesse,2024,40.419475338215165
DEU.7_1,DEU,Hesse,2025,39.66397112628591
DEU.7_1,DEU,Hesse,2026,37.680772569971616
DEU.7_1,DEU,Hesse,2027,35.69757401365732
DEU.7_1,DEU,Hesse,2028,33.71437545734302
DEU.7_1,DEU,Hesse,2029,31.73117690102872
DEU.7_1,DEU,Hesse,2030,29.747978344714426
DEU.7_1,DEU,Hesse,2031,28.2054905786922
DEU.7_1,DEU,Hesse,2032,26.663002812669966
DEU.7_1,DEU,Hesse,2033,25.120515046647736
DEU.7_1,DEU,Hesse,2034,23.578027280625506
DEU.7_1,DEU,Hesse,2035,22.03553951460328
DEU.7_1,DEU,Hesse,2036,20.493051748581046
DEU.7_1,DEU,Hesse,2037,18.950563982558815
DEU.7_1,DEU,Hesse,2038,17.40807621653659
DEU.7_1,DEU,Hesse,2039,15.865588450514359
DEU.7_1,DEU,Hesse,2040,14.32310068449213
DEU.7_1,DEU,Hesse,2041,12.780612918469899
DEU.7_1,DEU,Hesse,2042,11.238125152447667
DEU.7_1,DEU,Hesse,2043,9.695637386425439
DEU.7_1,DEU,Hesse,2044,8.153149620403207
DEU.7_1,DEU,Hesse,2045,6.6106618543809805
DEU.9_1,DEU,Lower Saxony,1990,114.59424712056837
DEU.9_1,DEU,Lower Saxony,1991,113.06632382562745
DEU.9_1,DEU,Lower Saxony,1992,111.53840053068654
DEU.9_1,DEU,Lower Saxony,1993,110.01047723574563
DEU.9_1,DEU,Lower Saxony,1994,108.48255394080472
DEU.9_1,DEU,Lower Saxony,1995,106.9546306458638
DEU.9_1,DEU,Lower Saxony,1996,105.4267073509229
DEU.9_1,DEU,Lower Saxony,1997,103.89878405598198
DEU.9_1,DEU,Lower Saxony,1998,102.37086076104107
DEU.9_1,DEU,Lower Saxony,1999,100.84293746610015
DEU.9_1,DEU,Lower Saxony,2000,99.31501417115925
DEU.9_1,DEU,Lower Saxony,2001,97.78709087621833
DEU.9_1,DEU,Lower Saxony,2002,96.25916758127742
DEU.9_1,DEU,Lower Saxony,2003,94.7312442863365
DEU.9_1,DEU,Lower Saxony,2004,93.20332099139559
DEU.9_1,DEU,Lower Saxony,2005,91.6753976964547
DEU.9_1,DEU,Lower Saxony,2006,90.14747440151379
DEU.9_1,DEU,Lower Saxony,2007,88.61955110657287
DEU.9_1,DEU,Lower Saxony,2008,87.09162781163195
DEU.9_1,DEU,Lower Saxony,2009,85.56370451669105
DEU.9_1,DEU,Lower Saxony,2010,84.03578122175014
DEU.9_1,DEU,Lower Saxony,2011,82.50785792680922
DEU.9_1,DEU,Lower Saxony,2012,80.9799346318683
DEU.9_1,DEU,Lower Saxony,2013,79.45201133692738
DEU.9_1,DEU,Lower Saxony,2014,77.92408804198648
DEU.9_1,DEU,Lower Saxony,2015,76.39616474704557
DEU.9_1,DEU,Lower Saxony,2016,74.86824145210466
DEU.9_1,DEU,Lower Saxony,2017,73.34031815716374
DEU.9_1,DEU,Lower Saxony,2018,71.81239486222283
DEU.9_1,DEU,Lower Saxony,2019,70.28447156728193
DEU.9_1,DEU,Lower Saxony,2020,68.756548272341007
DEU.9_1,DEU,Lower Saxony,2021,67.22862497740009
DEU.9_1,DEU,Lower Saxony,2022,65.7007016824592
DEU.9_1,DEU,Lower Saxony,2023,64.17277838751828
DEU.9_1,DEU,Lower Saxony,2024,62.644855092577366
DEU.9_1,DEU,Lower Saxony,2025,61.11693179763645
DEU.9_1,DEU,Lower Saxony,2026,59.58900850269555
DEU.9_1,DEU,Lower Saxony,2027,58.06108520775463
DEU.9_1,DEU,Lower Saxony,2028,56.533161912813725
DEU.9_1,DEU,Lower Saxony,2029,55.005238617872806
DEU.9_1,DEU,Lower Saxony,2030,53.4773153229319
DEU.9_1,DEU,Lower Saxony,2031,51.94939202799098
DEU.9_1,DEU,Lower Saxony,2032,50.42146873305008
DEU.9_1,DEU,Lower Saxony,2033,48.89354543810916
DEU.9_1,DEU,Lower Saxony,2034,47.36562214316825
DEU.9_1,DEU,Lower Saxony,2035,45.83769884822734
DEU.9_1,DEU,Lower Saxony,2036,44.30977555328642
DEU.9_1,DEU,Lower Saxony,2037,42.781852258345516
DEU.9_1,DEU,Lower Saxony,2038,41.2539289634046
DEU.9_1,DEU,Lower Saxony,2039,39.72600566846369
DEU.9_1,DEU,Lower Saxony,2040,38.19808237352277
DEU.9_1,DEU,Lower Saxony,2041,36.67015907858187
DEU.9_1,DEU,Lower Saxony,2042,35.14223578364095
DEU.9_1,DEU,Lower Saxony,2043,33.614312488700044
DEU.9_1,DEU,Lower Saxony,2044,32.08638919375913
DEU.9_1,DEU,Lower Saxony,2045,30.558465898818223
DEU.9_1,DEU,Lower Saxony,2046,29.030542603877304
DEU.9_1,DEU,Lower Saxony,2047,27.502619308936403
DEU.9_1,DEU,Lower Saxony,2048,25.974696013995484
DEU.9_1,DEU,Lower Saxony,2049,24.44677271905458
DEU.9_1,DEU,Lower Saxony,2050,22.91884942411366
ESP.12_1,ESP,Galicia,1990,20.46750764863444
ESP.12_1,ESP,Galicia,1991,20.1263825211572
ESP.12_1,ESP,Galicia,1992,19.785257393679963
ESP.12_1,ESP,Galicia,1993,19.44413226620272
ESP.12_1,ESP,Galicia,1994,19.103007138725477
ESP.12_1,ESP,Galicia,1995,18.76188201124824
ESP.12_1,ESP,Galicia,1996,18.420756883771
ESP.12_1,ESP,Galicia,1997,18.079631756293754
ESP.12_1,ESP,Galicia,1998,17.738506628816516
ESP.12_1,ESP,Galicia,1999,17.397381501339275
ESP.12_1,ESP,Galicia,2000,17.056256373862034
ESP.12_1,ESP,Galicia,2001,16.715131246384793
ESP.12_1,ESP,Galicia,2002,16.374006118907552
ESP.12_1,ESP,Galicia,2003,16.03288099143031
ESP.12_1,ESP,Galicia,2004,15.691755863953073
ESP.12_1,ESP,Galicia,2005,15.35063073647583
ESP.12_1,ESP,Galicia,2006,15.00950560899859
ESP.12_1,ESP,Galicia,2007,14.66838048152135
ESP.12_1,ESP,Galicia,2008,14.327255354044109
ESP.12_1,ESP,Galicia,2009,13.98613022656687
ESP.12_1,ESP,Galicia,2010,13.645005099089628
ESP.12_1,ESP,Galicia,2011,13.303879971612387
ESP.12_1,ESP,Galicia,2012,12.962754844135146
ESP.12_1,ESP,Galicia,2013,12.621629716657905
ESP.12_1,ESP,Galicia,2014,12.280504589180664
ESP.12_1,ESP,Galicia,2015,11.939379461703423
ESP.12_1,ESP,Galicia,2016,11.598254334226183
ESP.12_1,ESP,Galicia,2017,11.257129206748942
ESP.12_1,ESP,Galicia,2018,10.916004079271701
ESP.12_1,ESP,Galicia,2019,10.57487895179446
ESP.12_1,ESP,Galicia,2020,10.23375382431722
ESP.12_1,ESP,Galicia,2021,9.89262869683998
ESP.12_1,ESP,Galicia,2022,9.551503569362739
ESP.12_1,ESP,Galicia,2023,9.210378441885497
ESP.12_1,ESP,Galicia,2024,8.869253314408258
ESP.12_1,ESP,Galicia,2025,8.528128186931015
ESP.12_1,ESP,Galicia,2026,8.187003059453776
ESP.12_1,ESP,Galicia,2027,7.845877931976535
ESP.12_1,ESP,Galicia,2028,7.504752804499296
ESP.12_1,ESP,Galicia,2029,7.163627677022054
ESP.12_1,ESP,Galicia,2030,6.822502549544815
ESP.12_1,ESP,Galicia,2031,6.481377422067573
ESP.12_1,ESP,Galicia,2032,6.140252294590334
ESP.12_1,ESP,Galicia,2033,5.799127167113092
ESP.12_1,ESP,Galicia,2034,5.458002039635852
ESP.12_1,ESP,Galicia,2035,5.11687691215861
ESP.12_1,ESP,Galicia,2036,4.775751784681368
ESP.12_1,ESP,Galicia,2037,4.434626657204129
ESP.12_1,ESP,Galicia,2038,4.093501529726887
ESP.12_1,ESP,Galicia,2039,3.7523764022496473
ESP.12_1,ESP,Galicia,2040,3.4112512747724058
ESP.12_1,ESP,Galicia,2041,3.070126147295166
ESP.12_1,ESP,Galicia,2042,2.729001019817926
ESP.12_1,ESP,Galicia,2043,2.387875892340686
ESP.12_1,ESP,Galicia,2044,2.0467507648634427
ESP.12_1,ESP,Galicia,2045,1.7056256373862029
ESP.12_1,ESP,Galicia,2046,1.364500509908963
ESP.12_1,ESP,Galicia,2047,1.023375382431723
ESP.12_1,ESP,Galicia,2048,0.6822502549544797
ESP.12_1,ESP,Galicia,2049,0.34112512747724355
ESP.12_1,ESP,Galicia,2050,0
ESP.14_1,ESP,Canary Islands,2022,6.734957266902845
ESP.14_1,ESP,Canary Islands,2023,6.360792974297131
ESP.14_1,ESP,Canary Islands,2024,5.9866286816914185
ESP.14_1,ESP,Canary Islands,2025,5.612464389085704
ESP.14_1,ESP,Canary Islands,2026,5.238300096479992
ESP.14_1,ESP,Canary Islands,2027,4.864135803874277
ESP.14_1,ESP,Canary Islands,2028,4.489971511268563
ESP.14_1,ESP,Canary Islands,2029,4.11580721866285
ESP.14_1,ESP,Canary Islands,2030,3.7416429260571364
ESP.14_1,ESP,Canary Islands,2031,3.3674786334514226
ESP.14_1,ESP,Canary Islands,2032,2.993314340845709
ESP.14_1,ESP,Canary Islands,2033,2.6191500482399954
ESP.14_1,ESP,Canary Islands,2034,2.2449857556342816
ESP.14_1,ESP,Canary Islands,2035,1.8708214630285678
ESP.14_1,ESP,Canary Islands,2036,1.4966571704228548
ESP.14_1,ESP,Canary Islands,2037,1.1224928778171408
ESP.14_1,ESP,Canary Islands,2038,0.7483285852114279
ESP.14_1,ESP,Canary Islands,2039,0.37416429260571393
ESP.14_1,ESP,Canary Islands,2040,0
ESP.16_1,ESP,Basque Country,2005,16.709794966191033
ESP.16_1,ESP,Basque Country,2006,16.442438246731975
ESP.16_1,ESP,Basque Country,2007,16.17508152727292
ESP.16_1,ESP,Basque Country,2008,15.907724807813864
ESP.16_1,ESP,Basque Country,2009,15.640368088354807
ESP.16_1,ESP,Basque Country,2010,15.373011368895751
ESP.16_1,ESP,Basque Country,2011,15.105654649436694
ESP.16_1,ESP,Basque Country,2012,14.838297929977637
ESP.16_1,ESP,Basque Country,2013,14.57094121051858
ESP.16_1,ESP,Basque Country,2014,14.303584491059523
ESP.16_1,ESP,Basque Country,2015,14.036227771600466
ESP.16_1,ESP,Basque Country,2016,13.768871052141412
ESP.16_1,ESP,Basque Country,2017,13.501514332682355
ESP.16_1,ESP,Basque Country,2018,13.234157613223298
ESP.16_1,ESP,Basque Country,2019,12.96680089376424
ESP.16_1,ESP,Basque Country,2020,12.699444174305185
ESP.16_1,ESP,Basque Country,2021,12.432087454846128
ESP.16_1,ESP,Basque Country,2022,12.164730735387073
ESP.16_1,ESP,Basque Country,2023,11.897374015928015
ESP.16_1,ESP,Basque Country,2024,11.630017296468958
ESP.16_1,ESP,Basque Country,2025,11.362660577009901
ESP.16_1,ESP,Basque Country,2026,11.095303857550844
ESP.16_1,ESP,Basque Country,2027,10.827947138091787
ESP.16_1,ESP,Basque Country,2028,10.560590418632732
ESP.16_1,ESP,Basque Country,2029,10.293233699173676
ESP.16_1,ESP,Basque Country,2030,10.025876979714619
ESP.18_1,ESP,Region of Murcia,2007,11.043329270428028
ESP.18_1,ESP,Region of Murcia,2008,10.851271370072757
ESP.18_1,ESP,Region of Murcia,2009,10.659213469717487
ESP.18_1,ESP,Region of Murcia,2010,10.467155569362218
ESP.18_1,ESP,Region of Murcia,2011,10.275097669006948
ESP.18_1,ESP,Region of Murcia,2012,10.083039768651677
ESP.18_1,ESP,Region of Murcia,2013,9.890981868296407
ESP.18_1,ESP,Region of Murcia,2014,9.698923967941138
ESP.18_1,ESP,Region of Murcia,2015,9.506866067585866
ESP.18_1,ESP,Region of Murcia,2016,9.314808167230597
ESP.18_1,ESP,Region of Murcia,2017,9.122750266875327
ESP.18_1,ESP,Region of Murcia,2018,8.930692366520057
ESP.18_1,ESP,Region of Murcia,2019,8.738634466164786
ESP.18_1,ESP,Region of Murcia,2020,8.546576565809518
ESP.18_1,ESP,Region of Murcia,2021,8.354518665454247
ESP.18_1,ESP,Region of Murcia,2022,8.162460765098977
ESP.18_1,ESP,Region of Murcia,2023,7.970402864743708
ESP.18_1,ESP,Region of Murcia,2024,7.778344964388437
ESP.18_1,ESP,Region of Murcia,2025,7.586287064033168
ESP.18_1,ESP,Region of Murcia,2026,7.394229163677897
ESP.18_1,ESP,Region of Murcia,2027,7.202171263322628
ESP.18_1,ESP,Region of Murcia,2028,7.010113362967357
ESP.18_1,ESP,Region of Murcia,2029,6.818055462612087
ESP.18_1,ESP,Region of Murcia,2030,6.625997562256817
ESP.1_1,ESP,Andalusia,2005,63.871253043482014
ESP.1_1,ESP,Andalusia,2006,62.874861496003696
ESP.1_1,ESP,Andalusia,2007,61.87846994852538
ESP.1_1,ESP,Andalusia,2008,60.88207840104706
ESP.1_1,ESP,Andalusia,2009,59.885686853568735
ESP.1_1,ESP,Andalusia,2010,58.88929530609042
ESP.1_1,ESP,Andalusia,2011,57.8929037586121
ESP.1_1,ESP,Andalusia,2012,56.896512211133775
ESP.1_1,ESP,Andalusia,2013,55.90012066365546
ESP.1_1,ESP,Andalusia,2014,54.90372911617714
ESP.1_1,ESP,Andalusia,2015,53.907337568698814
ESP.1_1,ESP,Andalusia,2016,52.9109460212205
ESP.1_1,ESP,Andalusia,2017,51.91455447374218
ESP.1_1,ESP,Andalusia,2018,50.91816292626386
ESP.1_1,ESP,Andalusia,2019,49.921771378785536
ESP.1_1,ESP,Andalusia,2020,48.925379831307225
ESP.1_1,ESP,Andalusia,2021,47.9289882838289
ESP.1_1,ESP,Andalusia,2022,46.93259673635058
ESP.1_1,ESP,Andalusia,2023,45.936205188872265
ESP.1_1,ESP,Andalusia,2024,44.93981364139395
ESP.1_1,ESP,Andalusia,2025,43.94342209391563
ESP.1_1,ESP,Andalusia,2026,42.94703054643731
ESP.1_1,ESP,Andalusia,2027,41.95063899895899
ESP.1_1,ESP,Andalusia,2028,40.95424745148066
ESP.1_1,ESP,Andalusia,2029,39.95785590400235
ESP.1_1,ESP,Andalusia,2030,38.961464356524026
ESP.3_1,ESP,Cantabria,2005,5.05123478529229
ESP.3_1,ESP,Cantabria,2006,4.99870194352525
ESP.3_1,ESP,Cantabria,2007,4.946169101758211
ESP.3_1,ESP,Cantabria,2008,4.893636259991171
ESP.3_1,ESP,Cantabria,2009,4.84110341822413
ESP.3_1,ESP,Cantabria,2010,4.788570576457091
ESP.3_1,ESP,Cantabria,2011,4.7360377346900515
ESP.3_1,ESP,Cantabria,2012,4.683504892923011
ESP.3_1,ESP,Cantabria,2013,4.630972051155972
ESP.3_1,ESP,Cantabria,2014,4.578439209388932
ESP.3_1,ESP,Cantabria,2015,4.525906367621892
ESP.3_1,ESP,Cantabria,2016,4.473373525854852
ESP.3_1,ESP,Cantabria,2017,4.420840684087812
ESP.3_1,ESP,Cantabria,2018,4.368307842320773
ESP.3_1,ESP,Cantabria,2019,4.3157750005537325
ESP.3_1,ESP,Cantabria,2020,4.263242158786692
ESP.3_1,ESP,Cantabria,2021,4.210709317019653
ESP.3_1,ESP,Cantabria,2022,4.158176475252613
ESP.3_1,ESP,Cantabria,2023,4.105643633485573
ESP.3_1,ESP,Cantabria,2024,4.053110791718534
ESP.3_1,ESP,Cantabria,2025,4.000577949951493
ESP.3_1,ESP,Cantabria,2026,3.948045108184454
ESP.3_1,ESP,Cantabria,2027,3.895512266417414
ESP.3_1,ESP,Cantabria,2028,3.842979424650374
ESP.3_1,ESP,Cantabria,2029,3.7904465828833347
ESP.3_1,ESP,Cantabria,2030,3.737913741116295
ESP.6_1,ESP,Catalonia,1990,25.42246771693633
ESP.6_1,ESP,Catalonia,1991,25.168243039766963
ESP.6_1,ESP,Catalonia,1992,24.9140183625976
ESP.6_1,ESP,Catalonia,1993,24.65979368542824
ESP.6_1,ESP,Catalonia,1994,24.405569008258876
ESP.6_1,ESP,Catalonia,1995,24.15134433108951
ESP.6_1,ESP,Catalonia,1996,23.897119653920146
ESP.6_1,ESP,Catalonia,1997,23.642894976750785
ESP.6_1,ESP,Catalonia,1998,23.38867029958142
ESP.6_1,ESP,Catalonia,1999,23.134445622412056
ESP.6_1,ESP,Catalonia,2000,22.880220945242694
ESP.6_1,ESP,Catalonia,2001,22.625996268073333
ESP.6_1,ESP,Catalonia,2002,22.37177159090397
ESP.6_1,ESP,Catalonia,2003,22.117546913734603
ESP.6_1,ESP,Catalonia,2004,21.86332223656524
ESP.6_1,ESP,Catalonia,2005,21.60909755939588
ESP.6_1,ESP,Catalonia,2006,21.354872882226516
ESP.6_1,ESP,Catalonia,2007,21.10064820505715
ESP.6_1,ESP,Catalonia,2008,20.846423527887787
ESP.6_1,ESP,Catalonia,2009,20.592198850718425
ESP.6_1,ESP,Catalonia,2010,20.337974173549064
ESP.6_1,ESP,Catalonia,2011,20.083749496379696
ESP.6_1,ESP,Catalonia,2012,19.829524819210334
ESP.6_1,ESP,Catalonia,2013,19.575300142040973
ESP.6_1,ESP,Catalonia,2014,19.32107546487161
ESP.6_1,ESP,Catalonia,2015,19.066850787702247
ESP.6_1,ESP,Catalonia,2016,18.81262611053288
ESP.6_1,ESP,Catalonia,2017,18.55840143336352
ESP.6_1,ESP,Catalonia,2018,18.304176756194156
ESP.6_1,ESP,Catalonia,2019,18.04995207902479
ESP.6_1,ESP,Catalonia,2020,17.795727401855427
ESP.6_1,ESP,Catalonia,2021,17.541502724686065
ESP.6_1,ESP,Catalonia,2022,17.287278047516704
ESP.6_1,ESP,Catalonia,2023,17.03305337034734
ESP.6_1,ESP,Catalonia,2024,16.778828693177974
ESP.6_1,ESP,Catalonia,2025,16.524604016008613
ESP.6_1,ESP,Catalonia,2026,16.27037933883925
ESP.6_1,ESP,Catalonia,2027,16.016154661669887
ESP.6_1,ESP,Catalonia,2028,15.761929984500524
ESP.6_1,ESP,Catalonia,2029,15.50770530733116
ESP.6_1,ESP,Catalonia,2030,15.253480630161796
ESP.6_1,ESP,Catalonia,2031,14.490806598653705
ESP.6_1,ESP,Catalonia,2032,13.728132567145616
ESP.6_1,ESP,Catalonia,2033,12.965458535637525
ESP.6_1,ESP,Catalonia,2034,12.202784504129436
ESP.6_1,ESP,Catalonia,2035,11.440110472621347
ESP.6_1,ESP,Catalonia,2036,10.677436441113256
ESP.6_1,ESP,Catalonia,2037,9.914762409605167
ESP.6_1,ESP,Catalonia,2038,9.152088378097076
ESP.6_1,ESP,Catalonia,2039,8.389414346588987
ESP.6_1,ESP,Catalonia,2040,7.626740315080898
ESP.6_1,ESP,Catalonia,2041,6.864066283572808
ESP.6_1,ESP,Catalonia,2042,6.101392252064718
ESP.6_1,ESP,Catalonia,2043,5.338718220556628
ESP.6_1,ESP,Catalonia,2044,4.57604418904854
ESP.6_1,ESP,Catalonia,2045,3.813370157540448
ESP.6_1,ESP,Catalonia,2046,3.050696126032358
ESP.6_1,ESP,Catalonia,2047,2.28802209452427
ESP.6_1,ESP,Catalonia,2048,1.52534806301618
ESP.6_1,ESP,Catalonia,2049,0.76267403150809
ESP.6_1,ESP,Catalonia,2050,0
ESP.8_1,ESP,Madrid,1990,12.295229718376003
ESP.8_1,ESP,Madrid,1991,12.172277421192243
ESP.8_1,ESP,Madrid,1992,12.049325124008483
ESP.8_1,ESP,Madrid,1993,11.926372826824723
ESP.8_1,ESP,Madrid,1994,11.803420529640963
ESP.8_1,ESP,Madrid,1995,11.680468232457203
ESP.8_1,ESP,Madrid,1996,11.557515935273443
ESP.8_1,ESP,Madrid,1997,11.434563638089683
ESP.8_1,ESP,Madrid,1998,11.311611340905923
ESP.8_1,ESP,Madrid,1999,11.188659043722161
ESP.8_1,ESP,Madrid,2000,11.065706746538403
ESP.8_1,ESP,Madrid,2001,10.942754449354643
ESP.8_1,ESP,Madrid,2002,10.819802152170883
ESP.8_1,ESP,Madrid,2003,10.696849854987121
ESP.8_1,ESP,Madrid,2004,10.573897557803363
ESP.8_1,ESP,Madrid,2005,10.450945260619603
ESP.8_1,ESP,Madrid,2006,10.327992963435841
ESP.8_1,ESP,Madrid,2007,10.205040666252081
ESP.8_1,ESP,Madrid,2008,10.082088369068323
ESP.8_1,ESP,Madrid,2009,9.959136071884561
ESP.8_1,ESP,Madrid,2010,9.836183774700801
ESP.8_1,ESP,Madrid,2011,9.713231477517043
ESP.8_1,ESP,Madrid,2012,9.590279180333283
ESP.8_1,ESP,Madrid,2013,9.467326883149523
ESP.8_1,ESP,Madrid,2014,9.344374585965761
ESP.8_1,ESP,Madrid,2015,9.221422288782003
ESP.8_1,ESP,Madrid,2016,9.098469991598241
ESP.8_1,ESP,Madrid,2017,8.975517694414481
ESP.8_1,ESP,Madrid,2018,8.852565397230721
ESP.8_1,ESP,Madrid,2019,8.729613100046963
ESP.8_1,ESP,Madrid,2020,8.606660802863203
ESP.8_1,ESP,Madrid,2021,8.483708505679441
ESP.8_1,ESP,Madrid,2022,8.360756208495681
ESP.8_1,ESP,Madrid,2023,8.237803911311923
ESP.8_1,ESP,Madrid,2024,8.114851614128161
ESP.8_1,ESP,Madrid,2025,7.9918993169444015
ESP.8_1,ESP,Madrid,2026,7.8689470197606415
ESP.8_1,ESP,Madrid,2027,7.745994722576881
ESP.8_1,ESP,Madrid,2028,7.6230424253931215
ESP.8_1,ESP,Madrid,2029,7.5000901282093615
ESP.8_1,ESP,Madrid,2030,7.3771378310256015
FRA.10_1,FRA,New Aquitaine,2022,38.51507492053218
FRA.10_1,FRA,New Aquitaine,2023,37.139536530513176
FRA.10_1,FRA,New Aquitaine,2024,35.76399814049417
FRA.10_1,FRA,New Aquitaine,2025,34.388459750475164
FRA.10_1,FRA,New Aquitaine,2026,33.012921360456154
FRA.10_1,FRA,New Aquitaine,2027,31.63738297043715
FRA.10_1,FRA,New Aquitaine,2028,30.261844580418142
FRA.10_1,FRA,New Aquitaine,2029,28.886306190399136
FRA.10_1,FRA,New Aquitaine,2030,27.510767800380133
FRA.10_1,FRA,New Aquitaine,2031,26.135229410361124
FRA.10_1,FRA,New Aquitaine,2032,24.759691020342117
FRA.10_1,FRA,New Aquitaine,2033,23.38415263032311
FRA.10_1,FRA,New Aquitaine,2034,22.008614240304105
FRA.10_1,FRA,New Aquitaine,2035,20.6330758502851
FRA.10_1,FRA,New Aquitaine,2036,19.25753746026609
FRA.10_1,FRA,New Aquitaine,2037,17.881999070247083
FRA.10_1,FRA,New Aquitaine,2038,16.50646068022808
FRA.10_1,FRA,New Aquitaine,2039,15.130922290209073
FRA.10_1,FRA,New Aquitaine,2040,13.755383900190063
FRA.10_1,FRA,New Aquitaine,2041,12.379845510171055
FRA.10_1,FRA,New Aquitaine,2042,11.004307120152053
FRA.10_1,FRA,New Aquitaine,2043,9.628768730133045
FRA.10_1,FRA,New Aquitaine,2044,8.253230340114039
FRA.10_1,FRA,New Aquitaine,2045,6.877691950095035
FRA.10_1,FRA,New Aquitaine,2046,5.502153560076028
FRA.10_1,FRA,New Aquitaine,2047,4.126615170057021
FRA.10_1,FRA,New Aquitaine,2048,2.751076780038014
FRA.10_1,FRA,New Aquitaine,2049,1.375538390019007
FRA.10_1,FRA,New Aquitaine,2050,0
FRA.12_1,FRA,Pays de la Loire,2015,32.406193864885225
FRA.12_1,FRA,Pays de la Loire,2016,31.325987402722383
FRA.12_1,FRA,Pays de la Loire,2017,30.245780940559545
FRA.12_1,FRA,Pays de la Loire,2018,29.165574478396703
FRA.12_1,FRA,Pays de la Loire,2019,28.08536801623386
FRA.12_1,FRA,Pays de la Loire,2020,27.005161554071023
FRA.12_1,FRA,Pays de la Loire,2021,25.924955091908178
FRA.12_1,FRA,Pays de la Loire,2022,24.844748629745343
FRA.12_1,FRA,Pays de la Loire,2023,23.764542167582498
FRA.12_1,FRA,Pays de la Loire,2024,22.68433570541966
FRA.12_1,FRA,Pays de la Loire,2025,21.604129243256818
FRA.12_1,FRA,Pays de la Loire,2026,20.523922781093976
FRA.12_1,FRA,Pays de la Loire,2027,19.443716318931134
FRA.12_1,FRA,Pays de la Loire,2028,18.363509856768296
FRA.12_1,FRA,Pays de la Loire,2029,17.283303394605454
FRA.12_1,FRA,Pays de la Loire,2030,16.203096932442612
FRA.13_1,FRA,Provence-Alpes-Cote-d’Azur,2022,27.627900700141378
FRA.13_1,FRA,Provence-Alpes-Cote-d’Azur,2023,26.641189960850614
FRA.13_1,FRA,Provence-Alpes-Cote-d’Azur,2024,25.654479221559853
FRA.13_1,FRA,Provence-Alpes-Cote-d’Azur,2025,24.667768482269086
FRA.13_1,FRA,Provence-Alpes-Cote-d’Azur,2026,23.68105774297832
FRA.13_1,FRA,Provence-Alpes-Cote-d’Azur,2027,22.69434700368756
FRA.13_1,FRA,Provence-Alpes-Cote-d’Azur,2028,21.707636264396797
FRA.13_1,FRA,Provence-Alpes-Cote-d’Azur,2029,20.720925525106036
FRA.13_1,FRA,Provence-Alpes-Cote-d’Azur,2030,19.73421478581527
FRA.13_1,FRA,Provence-Alpes-Cote-d’Azur,2031,18.747504046524504
FRA.13_1,FRA,Provence-Alpes-Cote-d’Azur,2032,17.760793307233744
FRA.13_1,FRA,Provence-Alpes-Cote-d’Azur,2033,16.77408256794298
FRA.13_1,FRA,Provence-Alpes-Cote-d’Azur,2034,15.787371828652216
FRA.13_1,FRA,Provence-Alpes-Cote-d’Azur,2035,14.800661089361451
FRA.13_1,FRA,Provence-Alpes-Cote-d’Azur,2036,13.813950350070689
FRA.13_1,FRA,Provence-Alpes-Cote-d’Azur,2037,12.827239610779927
FRA.13_1,FRA,Provence-Alpes-Cote-d’Azur,2038,11.840528871489164
FRA.13_1,FRA,Provence-Alpes-Cote-d’Azur,2039,10.853818132198398
FRA.13_1,FRA,Provence-Alpes-Cote-d’Azur,2040,9.867107392907634
FRA.13_1,FRA,Provence-Alpes-Cote-d’Azur,2041,8.880396653616872
FRA.13_1,FRA,Provence-Alpes-Cote-d’Azur,2042,7.893685914326109
FRA.13_1,FRA,Provence-Alpes-Cote-d’Azur,2043,6.906975175035343
FRA.13_1,FRA,Provence-Alpes-Cote-d’Azur,2044,5.9202644357445795
FRA.13_1,FRA,Provence-Alpes-Cote-d’Azur,2045,4.933553696453817
FRA.13_1,FRA,Provence-Alpes-Cote-d’Azur,2046,3.9468429571630543
FRA.13_1,FRA,Provence-Alpes-Cote-d’Azur,2047,2.960132217872288
FRA.13_1,FRA,Provence-Alpes-Cote-d’Azur,2048,1.9734214785815254
FRA.13_1,FRA,Provence-Alpes-Cote-d’Azur,2049,0.9867107392907627
FRA.13_1,FRA,Provence-Alpes-Cote-d’Azur,2050,0
FRA.8_1,FRA,Ile-de-France,2022,38.11410900313349
FRA.8_1,FRA,Ile-de-France,2023,36.75289082445015
FRA.8_1,FRA,Ile-de-France,2024,35.39167264576681
FRA.8_1,FRA,Ile-de-France,2025,34.03045446708347
FRA.8_1,FRA,Ile-de-France,2026,32.669236288400135
FRA.8_1,FRA,Ile-de-France,2027,31.308018109716794
FRA.8_1,FRA,Ile-de-France,2028,29.946799931033457
FRA.8_1,FRA,Ile-de-France,2029,28.58558175235012
FRA.8_1,FRA,Ile-de-France,2030,27.224363573666782
FRA.8_1,FRA,Ile-de-France,2031,25.86314539498344
FRA.8_1,FRA,Ile-de-France,2032,24.5019272163001
FRA.8_1,FRA,Ile-de-France,2033,23.140709037616762
FRA.8_1,FRA,Ile-de-France,2034,21.779490858933425
FRA.8_1,FRA,Ile-de-France,2035,20.418272680250084
FRA.8_1,FRA,Ile-de-France,2036,19.057054501566746
FRA.8_1,FRA,Ile-de-France,2037,17.69583632288341
FRA.8_1,FRA,Ile-de-France,2038,16.334618144200068
FRA.8_1,FRA,Ile-de-France,2039,14.973399965516732
FRA.8_1,FRA,Ile-de-France,2040,13.612181786833387
FRA.8_1,FRA,Ile-de-France,2041,12.25096360815005
FRA.8_1,FRA,Ile-de-France,2042,10.889745429466709
FRA.8_1,FRA,Ile-de-France,2043,9.528527250783373
FRA.8_1,FRA,Ile-de-France,2044,8.167309072100036
FRA.8_1,FRA,Ile-de-France,2045,6.8060908934166955
FRA.8_1,FRA,Ile-de-France,2046,5.444872714733359
FRA.8_1,FRA,Ile-de-France,2047,4.083654536050014
FRA.8_1,FRA,Ile-de-France,2048,2.7224363573666737
FRA.8_1,FRA,Ile-de-France,2049,1.3612181786833406
FRA.8_1,FRA,Ile-de-France,2050,0
GBR.2_1,GBR,Northern Ireland,2022,12.782813669345966
GBR.2_1,GBR,Northern Ireland,2023,12.326284609726466
GBR.2_1,GBR,Northern Ireland,2024,11.86975555010697
GBR.2_1,GBR,Northern Ireland,2025,11.41322649048747
GBR.2_1,GBR,Northern Ireland,2026,10.95669743086797
GBR.2_1,GBR,Northern Ireland,2027,10.500168371248472
GBR.2_1,GBR,Northern Ireland,2028,10.043639311628974
GBR.2_1,GBR,Northern Ireland,2029,9.587110252009474
GBR.2_1,GBR,Northern Ireland,2030,9.130581192389977
GBR.2_1,GBR,Northern Ireland,2031,8.674052132770477
GBR.2_1,GBR,Northern Ireland,2032,8.217523073150977
GBR.2_1,GBR,Northern Ireland,2033,7.760994013531479
GBR.2_1,GBR,Northern Ireland,2034,7.304464953911981
GBR.2_1,GBR,Northern Ireland,2035,6.8479358942924815
GBR.2_1,GBR,Northern Ireland,2036,6.391406834672983
GBR.2_1,GBR,Northern Ireland,2037,5.934877775053485
GBR.2_1,GBR,Northern Ireland,2038,5.478348715433986
GBR.2_1,GBR,Northern Ireland,2039,5.021819655814488
GBR.2_1,GBR,Northern Ireland,2040,4.565290596194987
GBR.2_1,GBR,Northern Ireland,2041,4.108761536575488
GBR.2_1,GBR,Northern Ireland,2042,3.6522324769559895
GBR.2_1,GBR,Northern Ireland,2043,3.195703417336492
GBR.2_1,GBR,Northern Ireland,2044,2.7391743577169927
GBR.2_1,GBR,Northern Ireland,2045,2.282645298097495
GBR.2_1,GBR,Northern Ireland,2046,1.8261162384779956
GBR.2_1,GBR,Northern Ireland,2047,1.3695871788584963
GBR.2_1,GBR,Northern Ireland,2048,0.9130581192389968
GBR.2_1,GBR,Northern Ireland,2049,0.45652905961949936
GBR.2_1,GBR,Northern Ireland,2050,0
GBR.3_1,GBR,Scotland,1990,70.86611152029623
GBR.3_1,GBR,Scotland,1991,69.73119195211764
GBR.3_1,GBR,Scotland,1992,68.59627238393904
GBR.3_1,GBR,Scotland,1993,67.46135281576046
GBR.3_1,GBR,Scotland,1994,66.32643324758187
GBR.3_1,GBR,Scotland,1995,65.19151367940327
GBR.3_1,GBR,Scotland,1996,64.05659411122468
GBR.3_1,GBR,Scotland,1997,62.921674543046095
GBR.3_1,GBR,Scotland,1998,61.7867549748675
GBR.3_1,GBR,Scotland,1999,60.65183540668891
GBR.3_1,GBR,Scotland,2000,59.51691583851032
GBR.3_1,GBR,Scotland,2001,58.381996270331726
GBR.3_1,GBR,Scotland,2002,57.24707670215314
GBR.3_1,GBR,Scotland,2003,56.11215713397454
GBR.3_1,GBR,Scotland,2004,54.97723756579596
GBR.3_1,GBR,Scotland,2005,53.842317997617364
GBR.3_1,GBR,Scotland,2006,52.70739842943877
GBR.3_1,GBR,Scotland,2007,51.57247886126018
GBR.3_1,GBR,Scotland,2008,50.4375592930816
GBR.3_1,GBR,Scotland,2009,49.302639724903
GBR.3_1,GBR,Scotland,2010,48.16772015672441
GBR.3_1,GBR,Scotland,2011,47.03280058854581
GBR.3_1,GBR,Scotland,2012,45.89788102036723
GBR.3_1,GBR,Scotland,2013,44.762961452188634
GBR.3_1,GBR,Scotland,2014,43.628041884010045
GBR.3_1,GBR,Scotland,2015,42.49312231583145
GBR.3_1,GBR,Scotland,2016,41.35820274765286
GBR.3_1,GBR,Scotland,2017,40.223283179474265
GBR.3_1,GBR,Scotland,2018,39.08836361129568
GBR.3_1,GBR,Scotland,2019,37.95344404311709
GBR.3_1,GBR,Scotland,2020,36.8185244749385
GBR.3_1,GBR,Scotland,2021,34.908324815452055
GBR.3_1,GBR,Scotland,2022,32.99812515596561
GBR.3_1,GBR,Scotland,2023,31.087925496479166
GBR.3_1,GBR,Scotland,2024,29.177725836992717
GBR.3_1,GBR,Scotland,2025,27.267526177506276
GBR.3_1,GBR,Scotland,2026,25.357326518019832
GBR.3_1,GBR,Scotland,2027,23.44712685853339
GBR.3_1,GBR,Scotland,2028,21.53692719904694
GBR.3_1,GBR,Scotland,2029,19.6267275395605
GBR.3_1,GBR,Scotland,2030,17.716527880074054
GBR.3_1,GBR,Scotland,2031,16.65353620726961
GBR.3_1,GBR,Scotland,2032,15.590544534465169
GBR.3_1,GBR,Scotland,2033,14.527552861660723
GBR.3_1,GBR,Scotland,2034,13.46456118885628
GBR.3_1,GBR,Scotland,2035,12.401569516051836
GBR.3_1,GBR,Scotland,2036,11.338577843247393
GBR.3_1,GBR,Scotland,2037,10.27558617044295
GBR.3_1,GBR,Scotland,2038,9.212594497638506
GBR.3_1,GBR,Scotland,2039,8.149602824834062
GBR.3_1,GBR,Scotland,2040,7.086611152029619
GBR.3_1,GBR,Scotland,2041,5.669288921623695
GBR.3_1,GBR,Scotland,2042,4.2519666912177705
GBR.3_1,GBR,Scotland,2043,2.8346444608118477
GBR.3_1,GBR,Scotland,2044,1.417322230405923
GBR.3_1,GBR,Scotland,2045,0
GBR.4_1,GBR,Wales,1990,60.07006569152754
GBR.4_1,GBR,Wales,1991,59.12396215688598
GBR.4_1,GBR,Wales,1992,58.177858622244415
GBR.4_1,GBR,Wales,1993,57.23175508760286
GBR.4_1,GBR,Wales,1994,56.285651552961305
GBR.4_1,GBR,Wales,1995,55.33954801831974
GBR.4_1,GBR,Wales,1996,54.39344448367819
GBR.4_1,GBR,Wales,1997,53.44734094903663
GBR.4_1,GBR,Wales,1998,52.501237414395064
GBR.4_1,GBR,Wales,1999,51.555133879753505
GBR.4_1,GBR,Wales,2000,50.609030345111954
GBR.4_1,GBR,Wales,2001,49.66292681047039
GBR.4_1,GBR,Wales,2002,48.71682327582884
GBR.4_1,GBR,Wales,2003,47.77071974118727
GBR.4_1,GBR,Wales,2004,46.82461620654572
GBR.4_1,GBR,Wales,2005,45.87851267190416
GBR.4_1,GBR,Wales,2006,44.932409137262596
GBR.4_1,GBR,Wales,2007,43.986305602621044
GBR.4_1,GBR,Wales,2008,43.040202067979486
GBR.4_1,GBR,Wales,2009,42.09409853333792
GBR.4_1,GBR,Wales,2010,41.14799499869636
GBR.4_1,GBR,Wales,2011,40.20189146405481
GBR.4_1,GBR,Wales,2012,39.255787929413245
GBR.4_1,GBR,Wales,2013,38.30968439477169
GBR.4_1,GBR,Wales,2014,37.36358086013013
GBR.4_1,GBR,Wales,2015,36.41747732548857
GBR.4_1,GBR,Wales,2016,35.47137379084701
GBR.4_1,GBR,Wales,2017,34.52527025620545
GBR.4_1,GBR,Wales,2018,33.5791667215639
GBR.4_1,GBR,Wales,2019,32.633063186922335
GBR.4_1,GBR,Wales,2020,31.686959652280777
GBR.4_1,GBR,Wales,2021,30.74085611763922
GBR.4_1,GBR,Wales,2022,29.794752582997656
GBR.4_1,GBR,Wales,2023,28.848649048356105
GBR.4_1,GBR,Wales,2024,27.902545513714543
GBR.4_1,GBR,Wales,2025,26.956441979072984
GBR.4_1,GBR,Wales,2026,26.010338444431426
GBR.4_1,GBR,Wales,2027,25.064234909789867
GBR.4_1,GBR,Wales,2028,24.118131375148312
GBR.4_1,GBR,Wales,2029,23.172027840506747
GBR.4_1,GBR,Wales,2030,22.225924305865192
GBR.4_1,GBR,Wales,2031,21.114628090571934
GBR.4_1,GBR,Wales,2032,20.003331875278672
GBR.4_1,GBR,Wales,2033,18.89203565998541
GBR.4_1,GBR,Wales,2034,17.780739444692152
GBR.4_1,GBR,Wales,2035,16.669443229398894
GBR.4_1,GBR,Wales,2036,15.558147014105632
GBR.4_1,GBR,Wales,2037,14.446850798812374
GBR.4_1,GBR,Wales,2038,13.335554583519114
GBR.4_1,GBR,Wales,2039,12.224258368225854
GBR.4_1,GBR,Wales,2040,11.112962152932596
GBR.4_1,GBR,Wales,2041,10.001665937639336
GBR.4_1,GBR,Wales,2042,8.890369722346076
GBR.4_1,GBR,Wales,2043,7.779073507052816
GBR.4_1,GBR,Wales,2044,6.667777291759558
GBR.4_1,GBR,Wales,2045,5.556481076466298
GBR.4_1,GBR,Wales,2046,4.445184861173037
GBR.4_1,GBR,Wales,2047,3.333888645879779
GBR.4_1,GBR,Wales,2048,2.222592430586517
GBR.4_1,GBR,Wales,2049,1.1112962152932622
GBR.4_1,GBR,Wales,2050,0
IND.11_1,IND,Gujarat,2022,272.4419037886619
IND.11_1,IND,Gujarat,2023,266.7660307930648
IND.11_1,IND,Gujarat,2024,261.09015779746767
IND.11_1,IND,Gujarat,2025,255.41428480187054
IND.11_1,IND,Gujarat,2026,249.7384118062734
IND.11_1,IND,Gujarat,2027,244.06253881067627
IND.11_1,IND,Gujarat,2028,238.38666581507914
IND.11_1,IND,Gujarat,2029,232.71079281948204
IND.11_1,IND,Gujarat,2030,227.0349198238849
IND.11_1,IND,Gujarat,2031,221.35904682828777
IND.11_1,IND,Gujarat,2032,215.68317383269067
IND.11_1,IND,Gujarat,2033,210.00730083709354
IND.11_1,IND,Gujarat,2034,204.3314278414964
IND.11_1,IND,Gujarat,2035,198.65555484589927
IND.11_1,IND,Gujarat,2036,192.97968185030217
IND.11_1,IND,Gujarat,2037,187.30380885470504
IND.11_1,IND,Gujarat,2038,181.62793585910794
IND.11_1,IND,Gujarat,2039,175.95206286351078
IND.11_1,IND,Gujarat,2040,170.2761898679137
IND.11_1,IND,Gujarat,2041,164.60031687231657
IND.11_1,IND,Gujarat,2042,158.9244438767194
IND.11_1,IND,Gujarat,2043,153.24857088112233
IND.11_1,IND,Gujarat,2044,147.5726978855252
IND.11_1,IND,Gujarat,2045,141.89682488992807
IND.11_1,IND,Gujarat,2046,136.22095189433094
IND.11_1,IND,Gujarat,2047,130.54507889873383
IND.11_1,IND,Gujarat,2048,124.8692059031367
IND.11_1,IND,Gujarat,2049,119.19333290753957
IND.11_1,IND,Gujarat,2050,113.51745991194245
IND.11_1,IND,Gujarat,2051,107.84158691634536
IND.11_1,IND,Gujarat,2052,102.1657139207482
IND.11_1,IND,Gujarat,2053,96.48984092515109
IND.11_1,IND,Gujarat,2054,90.81396792955398
IND.11_1,IND,Gujarat,2055,85.13809493395684
IND.11_1,IND,Gujarat,2056,79.4622219383597
IND.11_1,IND,Gujarat,2057,73.78634894276261
IND.11_1,IND,Gujarat,2058,68.11047594716548
IND.11_1,IND,Gujarat,2059,62.43460295156834
IND.11_1,IND,Gujarat,2060,56.75872995597124
IND.11_1,IND,Gujarat,2061,51.082856960374116
IND.11_1,IND,Gujarat,2062,45.40698396477696
IND.11_1,IND,Gujarat,2063,39.731110969179866
IND.11_1,IND,Gujarat,2064,34.05523797358274
IND.11_1,IND,Gujarat,2065,28.379364977985592
IND.11_1,IND,Gujarat,2066,22.703491982388496
IND.11_1,IND,Gujarat,2067,17.02761898679137
IND.11_1,IND,Gujarat,2068,11.351745991194248
IND.11_1,IND,Gujarat,2069,5.675872995597124
IND.11_1,IND,Gujarat,2070,0
IND.17_1,IND,Kerala,2022,34.58212001598887
IND.17_1,IND,Kerala,2023,33.34704430113213
IND.17_1,IND,Kerala,2024,32.11196858627538
IND.17_1,IND,Kerala,2025,30.876892871418637
IND.17_1,IND,Kerala,2026,29.64181715656189
IND.17_1,IND,Kerala,2027,28.406741441705144
IND.17_1,IND,Kerala,2028,27.171665726848403
IND.17_1,IND,Kerala,2029,25.936590011991655
IND.17_1,IND,Kerala,2030,24.701514297134906
IND.17_1,IND,Kerala,2031,23.466438582278162
IND.17_1,IND,Kerala,2032,22.231362867421417
IND.17_1,IND,Kerala,2033,20.996287152564676
IND.17_1,IND,Kerala,2034,19.761211437707928
IND.17_1,IND,Kerala,2035,18.52613572285118
IND.17_1,IND,Kerala,2036,17.291060007994435
IND.17_1,IND,Kerala,2037,16.05598429313769
IND.17_1,IND,Kerala,2038,14.820908578280944
IND.17_1,IND,Kerala,2039,13.585832863424201
IND.17_1,IND,Kerala,2040,12.350757148567453
IND.17_1,IND,Kerala,2041,11.115681433710709
IND.17_1,IND,Kerala,2042,9.880605718853962
IND.17_1,IND,Kerala,2043,8.645530003997218
IND.17_1,IND,Kerala,2044,7.410454289140474
IND.17_1,IND,Kerala,2045,6.175378574283727
IND.17_1,IND,Kerala,2046,4.940302859426983
IND.17_1,IND,Kerala,2047,3.705227144570235
IND.17_1,IND,Kerala,2048,2.4701514297134914
IND.17_1,IND,Kerala,2049,1.2350757148567437
IND.17_1,IND,Kerala,2050,0
IND.36_1,IND,West Bengal,2022,197.74918558898412
IND.36_1,IND,West Bengal,2023,173.03053739036113
IND.36_1,IND,West Bengal,2024,148.3118891917381
IND.36_1,IND,West Bengal,2025,123.59324099311509
IND.36_1,IND,West Bengal,2026,98.87459279449206
IND.36_1,IND,West Bengal,2027,74.15594459586904
IND.36_1,IND,West Bengal,2028,49.43729639724603
IND.36_1,IND,West Bengal,2029,24.718648198623
IND.36_1,IND,West Bengal,2030,0
IND.3_1,IND,Arunachal Pradesh,2022,1.9023018051385663
IND.3_1,IND,Arunachal Pradesh,2023,1.8262097329330238
IND.3_1,IND,Arunachal Pradesh,2024,1.7501176607274809
IND.3_1,IND,Arunachal Pradesh,2025,1.6740255885219384
IND.3_1,IND,Arunachal Pradesh,2026,1.5979335163163957
IND.3_1,IND,Arunachal Pradesh,2027,1.5218414441108532
IND.3_1,IND,Arunachal Pradesh,2028,1.4457493719053105
IND.3_1,IND,Arunachal Pradesh,2029,1.3696572996997678
IND.3_1,IND,Arunachal Pradesh,2030,1.2935652274942249
IND.3_1,IND,Arunachal Pradesh,2031,1.2174731552886824
IND.3_1,IND,Arunachal Pradesh,2032,1.1413810830831397
IND.3_1,IND,Arunachal Pradesh,2033,1.0652890108775972
IND.3_1,IND,Arunachal Pradesh,2034,0.9891969386720546
IND.3_1,IND,Arunachal Pradesh,2035,0.9131048664665118
IND.3_1,IND,Arunachal Pradesh,2036,0.8370127942609692
IND.3_1,IND,Arunachal Pradesh,2037,0.7609207220554266
IND.3_1,IND,Arunachal Pradesh,2038,0.6848286498498838
IND.3_1,IND,Arunachal Pradesh,2039,0.6087365776443412
IND.3_1,IND,Arunachal Pradesh,2040,0.5326445054387986
IND.3_1,IND,Arunachal Pradesh,2041,0.456552433233256
IND.3_1,IND,Arunachal Pradesh,2042,0.3804603610277132
IND.3_1,IND,Arunachal Pradesh,2043,0.3043682888221706
IND.3_1,IND,Arunachal Pradesh,2044,0.228276216616628
IND.3_1,IND,Arunachal Pradesh,2045,0.1521841444110852
IND.3_1,IND,Arunachal Pradesh,2046,0.07609207220554282
IND.3_1,IND,Arunachal Pradesh,2047,0
IND.7_1,IND,Chattisgargh,2022,249.91042727483838
IND.7_1,IND,Chattisgargh,2023,240.9850548721656
IND.7_1,IND,Chattisgargh,2024,232.0596824694928
IND.7_1,IND,Chattisgargh,2025,223.13431006682
IND.7_1,IND,Chattisgargh,2026,214.2089376641472
IND.7_1,IND,Chattisgargh,2027,205.28356526147437
IND.7_1,IND,Chattisgargh,2028,196.3581928588016
IND.7_1,IND,Chattisgargh,2029,187.43282045612878
IND.7_1,IND,Chattisgargh,2030,178.50744805345602
IND.7_1,IND,Chattisgargh,2031,169.58207565078317
IND.7_1,IND,Chattisgargh,2032,160.65670324811038
IND.7_1,IND,Chattisgargh,2033,151.73133084543758
IND.7_1,IND,Chattisgargh,2034,142.80595844276482
IND.7_1,IND,Chattisgargh,2035,133.880586040092
IND.7_1,IND,Chattisgargh,2036,124.95521363741919
IND.7_1,IND,Chattisgargh,2037,116.0298412347464
IND.7_1,IND,Chattisgargh,2038,107.1044688320736
IND.7_1,IND,Chattisgargh,2039,98.1790964294008
IND.7_1,IND,Chattisgargh,2040,89.25372402672798
IND.7_1,IND,Chattisgargh,2041,80.32835162405517
IND.7_1,IND,Chattisgargh,2042,71.40297922138238
IND.7_1,IND,Chattisgargh,2043,62.47760681870961
IND.7_1,IND,Chattisgargh,2044,53.55223441603682
IND.7_1,IND,Chattisgargh,2045,44.62686201336402
IND.7_1,IND,Chattisgargh,2046,35.70148961069122
IND.7_1,IND,Chattisgargh,2047,26.77611720801839
IND.7_1,IND,Chattisgargh,2048,17.850744805345595
IND.7_1,IND,Chattisgargh,2049,8.925372402672798
IND.7_1,IND,Chattisgargh,2050,0
ITA.10_1,ITA,Lombardy,2005,88.29554971372133
ITA.10_1,ITA,Lombardy,2006,86.88282091830179
ITA.10_1,ITA,Lombardy,2007,85.47009212288225
ITA.10_1,ITA,Lombardy,2008,84.05736332746272
ITA.10_1,ITA,Lombardy,2009,82.64463453204317
ITA.10_1,ITA,Lombardy,2010,81.23190573662363
ITA.10_1,ITA,Lombardy,2011,79.81917694120409
ITA.10_1,ITA,Lombardy,2012,78.40644814578454
ITA.10_1,ITA,Lombardy,2013,76.993719350365
ITA.10_1,ITA,Lombardy,2014,75.58099055494547
ITA.10_1,ITA,Lombardy,2015,74.16826175952592
ITA.10_1,ITA,Lombardy,2016,72.75553296410638
ITA.10_1,ITA,Lombardy,2017,71.34280416868684
ITA.10_1,ITA,Lombardy,2018,69.93007537326729
ITA.10_1,ITA,Lombardy,2019,68.51734657784775
ITA.10_1,ITA,Lombardy,2020,67.10461778242822
ITA.10_1,ITA,Lombardy,2021,65.69188898700868
ITA.10_1,ITA,Lombardy,2022,64.27916019158913
ITA.10_1,ITA,Lombardy,2023,62.86643139616959
ITA.10_1,ITA,Lombardy,2024,61.45370260075005
ITA.10_1,ITA,Lombardy,2025,60.04097380533051
ITA.10_1,ITA,Lombardy,2026,58.62824500991097
ITA.10_1,ITA,Lombardy,2027,57.21551621449143
ITA.10_1,ITA,Lombardy,2028,55.80278741907188
ITA.10_1,ITA,Lombardy,2029,54.390058623652344
ITA.10_1,ITA,Lombardy,2030,52.977329828232804
ITA.10_1,ITA,Lombardy,2031,51.21141883395837
ITA.10_1,ITA,Lombardy,2032,49.44550783968395
ITA.10_1,ITA,Lombardy,2033,47.67959684540952
ITA.10_1,ITA,Lombardy,2034,45.9136858511351
ITA.10_1,ITA,Lombardy,2035,44.147774856860664
ITA.10_1,ITA,Lombardy,2036,42.38186386258624
ITA.10_1,ITA,Lombardy,2037,40.615952868311815
ITA.10_1,ITA,Lombardy,2038,38.85004187403739
ITA.10_1,ITA,Lombardy,2039,37.08413087976296
ITA.10_1,ITA,Lombardy,2040,35.31821988548854
ITA.10_1,ITA,Lombardy,2041,33.5523088912141
ITA.10_1,ITA,Lombardy,2042,31.786397896939683
ITA.10_1,ITA,Lombardy,2043,30.020486902665255
ITA.10_1,ITA,Lombardy,2044,28.25457590839083
ITA.10_1,ITA,Lombardy,2045,26.488664914116406
ITA.10_1,ITA,Lombardy,2046,24.722753919841974
ITA.10_1,ITA,Lombardy,2047,22.956842925567553
ITA.10_1,ITA,Lombardy,2048,21.19093193129312
ITA.10_1,ITA,Lombardy,2049,19.4250209370187
ITA.10_1,ITA,Lombardy,2050,17.65910994274427
ITA.13_1,ITA,Piedmont,1990,36.157525926331196
ITA.13_1,ITA,Piedmont,1991,35.795950667067885
ITA.13_1,ITA,Piedmont,1992,35.43437540780458
ITA.13_1,ITA,Piedmont,1993,35.07280014854126
ITA.13_1,ITA,Piedmont,1994,34.71122488927795
ITA.13_1,ITA,Piedmont,1995,34.349649630014646
ITA.13_1,ITA,Piedmont,1996,33.98807437075133
ITA.13_1,ITA,Piedmont,1997,33.626499111488016
ITA.13_1,ITA,Piedmont,1998,33.264923852224705
ITA.13_1,ITA,Piedmont,1999,32.903348592961386
ITA.13_1,ITA,Piedmont,2000,32.54177333369808
ITA.13_1,ITA,Piedmont,2001,32.18019807443476
ITA.13_1,ITA,Piedmont,2002,31.818622815171455
ITA.13_1,ITA,Piedmont,2003,31.457047555908144
ITA.13_1,ITA,Piedmont,2004,31.09547229664483
ITA.13_1,ITA,Piedmont,2005,30.733897037381517
ITA.13_1,ITA,Piedmont,2006,30.37232177811821
ITA.13_1,ITA,Piedmont,2007,30.010746518854894
ITA.13_1,ITA,Piedmont,2008,29.649171259591583
ITA.13_1,ITA,Piedmont,2009,29.28759600032827
ITA.13_1,ITA,Piedmont,2010,28.92602074106496
ITA.13_1,ITA,Piedmont,2011,28.564445481801645
ITA.13_1,ITA,Piedmont,2012,28.202870222538333
ITA.13_1,ITA,Piedmont,2013,27.841294963275022
ITA.13_1,ITA,Piedmont,2014,27.479719704011707
ITA.13_1,ITA,Piedmont,2015,27.1181444447484
ITA.13_1,ITA,Piedmont,2016,26.756569185485088
ITA.13_1,ITA,Piedmont,2017,26.394993926221773
ITA.13_1,ITA,Piedmont,2018,26.03341866695846
ITA.13_1,ITA,Piedmont,2019,25.671843407695153
ITA.13_1,ITA,Piedmont,2020,25.310268148431838
ITA.13_1,ITA,Piedmont,2021,24.948692889168523
ITA.13_1,ITA,Piedmont,2022,24.58711762990521
ITA.13_1,ITA,Piedmont,2023,24.225542370641904
ITA.13_1,ITA,Piedmont,2024,23.86396711137859
ITA.13_1,ITA,Piedmont,2025,23.502391852115277
ITA.13_1,ITA,Piedmont,2026,23.140816592851966
ITA.13_1,ITA,Piedmont,2027,22.77924133358865
ITA.13_1,ITA,Piedmont,2028,22.417666074325343
ITA.13_1,ITA,Piedmont,2029,22.05609081506203
ITA.13_1,ITA,Piedmont,2030,21.694515555798716
ITA.2_1,ITA,Apulia,2022,21.17172008063488
ITA.2_1,ITA,Apulia,2023,20.415587220612206
ITA.2_1,ITA,Apulia,2024,19.659454360589535
ITA.2_1,ITA,Apulia,2025,18.903321500566857
ITA.2_1,ITA,Apulia,2026,18.147188640544183
ITA.2_1,ITA,Apulia,2027,17.39105578052151
ITA.2_1,ITA,Apulia,2028,16.634922920498834
ITA.2_1,ITA,Apulia,2029,15.878790060476161
ITA.2_1,ITA,Apulia,2030,15.122657200453487
ITA.2_1,ITA,Apulia,2031,14.36652434043081
ITA.2_1,ITA,Apulia,2032,13.610391480408138
ITA.2_1,ITA,Apulia,2033,12.854258620385464
ITA.2_1,ITA,Apulia,2034,12.09812576036279
ITA.2_1,ITA,Apulia,2035,11.341992900340113
ITA.2_1,ITA,Apulia,2036,10.58586004031744
ITA.2_1,ITA,Apulia,2037,9.829727180294768
ITA.2_1,ITA,Apulia,2038,9.073594320272091
ITA.2_1,ITA,Apulia,2039,8.317461460249419
ITA.2_1,ITA,Apulia,2040,7.561328600226742
ITA.2_1,ITA,Apulia,2041,6.805195740204068
ITA.2_1,ITA,Apulia,2042,6.049062880181395
ITA.2_1,ITA,Apulia,2043,5.292930020158719
ITA.2_1,ITA,Apulia,2044,4.536797160136046
ITA.2_1,ITA,Apulia,2045,3.7806643001133726
ITA.2_1,ITA,Apulia,2046,3.0245314400906973
ITA.2_1,ITA,Apulia,2047,2.268398580068022
ITA.2_1,ITA,Apulia,2048,1.5122657200453469
ITA.2_1,ITA,Apulia,2049,0.7561328600226752
ITA.2_1,ITA,Apulia,2050,0
JPN.10_1,JPN,Gunma Prefecture,2013,9.366720463415176
JPN.10_1,JPN,Gunma Prefecture,2014,9.091228685079434
JPN.10_1,JPN,Gunma Prefecture,2015,8.815736906743695
JPN.10_1,JPN,Gunma Prefecture,2016,8.540245128407955
JPN.10_1,JPN,Gunma Prefecture,2017,8.264753350072214
JPN.10_1,JPN,Gunma Prefecture,2018,7.989261571736473
JPN.10_1,JPN,Gunma Prefecture,2019,7.713769793400733
JPN.10_1,JPN,Gunma Prefecture,2020,7.438278015064992
JPN.10_1,JPN,Gunma Prefecture,2021,7.162786236729252
JPN.10_1,JPN,Gunma Prefecture,2022,6.887294458393511
JPN.10_1,JPN,Gunma Prefecture,2023,6.611802680057772
JPN.10_1,JPN,Gunma Prefecture,2024,6.3363109017220305
JPN.10_1,JPN,Gunma Prefecture,2025,6.06081912338629
JPN.10_1,JPN,Gunma Prefecture,2026,5.7853273450505505
JPN.10_1,JPN,Gunma Prefecture,2027,5.509835566714809
JPN.10_1,JPN,Gunma Prefecture,2028,5.2343437883790696
JPN.10_1,JPN,Gunma Prefecture,2029,4.958852010043328
JPN.10_1,JPN,Gunma Prefecture,2030,4.683360231707588
JPN.10_1,JPN,Gunma Prefecture,2031,4.4491922201222085
JPN.10_1,JPN,Gunma Prefecture,2032,4.215024208536829
JPN.10_1,JPN,Gunma Prefecture,2033,3.98085619695145
JPN.10_1,JPN,Gunma Prefecture,2034,3.7466881853660703
JPN.10_1,JPN,Gunma Prefecture,2035,3.512520173780691
JPN.10_1,JPN,Gunma Prefecture,2036,3.278352162195312
JPN.10_1,JPN,Gunma Prefecture,2037,3.044184150609932
JPN.10_1,JPN,Gunma Prefecture,2038,2.810016139024553
JPN.10_1,JPN,Gunma Prefecture,2039,2.5758481274391736
JPN.10_1,JPN,Gunma Prefecture,2040,2.341680115853794
JPN.10_1,JPN,Gunma Prefecture,2041,2.1075121042684146
JPN.10_1,JPN,Gunma Prefecture,2042,1.8733440926830354
JPN.10_1,JPN,Gunma Prefecture,2043,1.6391760810976554
JPN.10_1,JPN,Gunma Prefecture,2044,1.4050080695122764
JPN.10_1,JPN,Gunma Prefecture,2045,1.170840057926897
JPN.10_1,JPN,Gunma Prefecture,2046,0.9366720463415175
JPN.10_1,JPN,Gunma Prefecture,2047,0.7025040347561384
JPN.10_1,JPN,Gunma Prefecture,2048,0.46833602317075895
JPN.10_1,JPN,Gunma Prefecture,2049,0.23416801158537995
JPN.10_1,JPN,Gunma Prefecture,2050,0
JPN.11_1,JPN,Hiroshima Prefecture,2013,22.827584325754188
JPN.11_1,JPN,Hiroshima Prefecture,2014,22.523216534744133
JPN.11_1,JPN,Hiroshima Prefecture,2015,22.21884874373408
JPN.11_1,JPN,Hiroshima Prefecture,2016,21.91448095272402
JPN.11_1,JPN,Hiroshima Prefecture,2017,21.610113161713965
JPN.11_1,JPN,Hiroshima Prefecture,2018,21.30574537070391
JPN.11_1,JPN,Hiroshima Prefecture,2019,21.001377579693855
JPN.11_1,JPN,Hiroshima Prefecture,2020,20.697009788683797
JPN.11_1,JPN,Hiroshima Prefecture,2021,20.392641997673742
JPN.11_1,JPN,Hiroshima Prefecture,2022,20.088274206663687
JPN.11_1,JPN,Hiroshima Prefecture,2023,19.783906415653632
JPN.11_1,JPN,Hiroshima Prefecture,2024,19.479538624643574
JPN.11_1,JPN,Hiroshima Prefecture,2025,19.17517083363352
JPN.11_1,JPN,Hiroshima Prefecture,2026,18.90123982172447
JPN.11_1,JPN,Hiroshima Prefecture,2027,18.627308809815418
JPN.11_1,JPN,Hiroshima Prefecture,2028,18.35337779790637
JPN.11_1,JPN,Hiroshima Prefecture,2029,18.079446785997316
JPN.11_1,JPN,Hiroshima Prefecture,2030,17.805515774088267
JPN.11_1,JPN,Hiroshima Prefecture,2031,16.915239985383852
JPN.11_1,JPN,Hiroshima Prefecture,2032,16.024964196679438
JPN.11_1,JPN,Hiroshima Prefecture,2033,15.134688407975027
JPN.11_1,JPN,Hiroshima Prefecture,2034,14.244412619270614
JPN.11_1,JPN,Hiroshima Prefecture,2035,13.354136830566201
JPN.11_1,JPN,Hiroshima Prefecture,2036,12.463861041861787
JPN.11_1,JPN,Hiroshima Prefecture,2037,11.573585253157374
JPN.11_1,JPN,Hiroshima Prefecture,2038,10.68330946445296
JPN.11_1,JPN,Hiroshima Prefecture,2039,9.793033675748546
JPN.11_1,JPN,Hiroshima Prefecture,2040,8.902757887044134
JPN.11_1,JPN,Hiroshima Prefecture,2041,8.012482098339719
JPN.11_1,JPN,Hiroshima Prefecture,2042,7.122206309635308
JPN.11_1,JPN,Hiroshima Prefecture,2043,6.231930520930893
JPN.11_1,JPN,Hiroshima Prefecture,2044,5.341654732226481
JPN.11_1,JPN,Hiroshima Prefecture,2045,4.451378943522066
JPN.11_1,JPN,Hiroshima Prefecture,2046,3.561103154817652
JPN.11_1,JPN,Hiroshima Prefecture,2047,2.67082736611324
JPN.11_1,JPN,Hiroshima Prefecture,2048,1.780551577408826
JPN.11_1,JPN,Hiroshima Prefecture,2049,0.8902757887044139
JPN.11_1,JPN,Hiroshima Prefecture,2050,0
JPN.12_1,JPN,Hokkaido Prefecture,2013,91.38600767986313
JPN.12_1,JPN,Hokkaido Prefecture,2014,89.50453105116007
JPN.12_1,JPN,Hokkaido Prefecture,2015,87.62305442245699
JPN.12_1,JPN,Hokkaido Prefecture,2016,85.74157779375393
JPN.12_1,JPN,Hokkaido Prefecture,2017,83.86010116505086
JPN.12_1,JPN,Hokkaido Prefecture,2018,81.97862453634781
JPN.12_1,JPN,Hokkaido Prefecture,2019,80.09714790764475
JPN.12_1,JPN,Hokkaido Prefecture,2020,78.21567127894167
JPN.12_1,JPN,Hokkaido Prefecture,2021,76.33419465023862
JPN.12_1,JPN,Hokkaido Prefecture,2022,74.45271802153555
JPN.12_1,JPN,Hokkaido Prefecture,2023,72.57124139283249
JPN.12_1,JPN,Hokkaido Prefecture,2024,70.68976476412944
JPN.12_1,JPN,Hokkaido Prefecture,2025,68.80828813542635
JPN.12_1,JPN,Hokkaido Prefecture,2026,66.9268115067233
JPN.12_1,JPN,Hokkaido Prefecture,2027,65.04533487802023
JPN.12_1,JPN,Hokkaido Prefecture,2028,63.16385824931717
JPN.12_1,JPN,Hokkaido Prefecture,2029,61.2823816206141
JPN.12_1,JPN,Hokkaido Prefecture,2030,59.40090499191104
JPN.12_1,JPN,Hokkaido Prefecture,2031,56.430859742315484
JPN.12_1,JPN,Hokkaido Prefecture,2032,53.46081449271993
JPN.12_1,JPN,Hokkaido Prefecture,2033,50.49076924312438
JPN.12_1,JPN,Hokkaido Prefecture,2034,47.520723993528826
JPN.12_1,JPN,Hokkaido Prefecture,2035,44.550678743933275
JPN.12_1,JPN,Hokkaido Prefecture,2036,41.580633494337725
JPN.12_1,JPN,Hokkaido Prefecture,2037,38.610588244742175
JPN.12_1,JPN,Hokkaido Prefecture,2038,35.64054299514662
JPN.12_1,JPN,Hokkaido Prefecture,2039,32.670497745551074
JPN.12_1,JPN,Hokkaido Prefecture,2040,29.70045249595552
JPN.12_1,JPN,Hokkaido Prefecture,2041,26.730407246359963
JPN.12_1,JPN,Hokkaido Prefecture,2042,23.760361996764413
JPN.12_1,JPN,Hokkaido Prefecture,2043,20.790316747168863
JPN.12_1,JPN,Hokkaido Prefecture,2044,17.820271497573316
JPN.12_1,JPN,Hokkaido Prefecture,2045,14.850226247977764
JPN.12_1,JPN,Hokkaido Prefecture,2046,11.880180998382203
JPN.12_1,JPN,Hokkaido Prefecture,2047,8.910135748786658
JPN.12_1,JPN,Hokkaido Prefecture,2048,5.940090499191105
JPN.12_1,JPN,Hokkaido Prefecture,2049,2.9700452495955525
JPN.12_1,JPN,Hokkaido Prefecture,2050,0
JPN.13_1,JPN,Hyogo Prefecture,2013,43.8629619565452
JPN.13_1,JPN,Hyogo Prefecture,2014,43.01141737255173
JPN.13_1,JPN,Hyogo Prefecture,2015,42.15987278855827
JPN.13_1,JPN,Hyogo Prefecture,2016,41.3083282045648
JPN.13_1,JPN,Hyogo Prefecture,2017,40.456783620571336
JPN.13_1,JPN,Hyogo Prefecture,2018,39.60523903657787
JPN.13_1,JPN,Hyogo Prefecture,2019,38.753694452584405
JPN.13_1,JPN,Hyogo Prefecture,2020,37.46190463749826
JPN.13_1,JPN,Hyogo Prefecture,2021,36.17011482241212
JPN.13_1,JPN,Hyogo Prefecture,2022,34.87832500732597
JPN.13_1,JPN,Hyogo Prefecture,2023,33.58653519223982
JPN.13_1,JPN,Hyogo Prefecture,2024,32.294745377153674
JPN.13_1,JPN,Hyogo Prefecture,2025,31.002955562067527
JPN.13_1,JPN,Hyogo Prefecture,2026,30.504549504004896
JPN.13_1,JPN,Hyogo Prefecture,2027,30.006143445942268
JPN.13_1,JPN,Hyogo Prefecture,2028,29.507737387879637
JPN.13_1,JPN,Hyogo Prefecture,2029,29.00933132981701
JPN.13_1,JPN,Hyogo Prefecture,2030,28.510925271754378
JPN.13_1,JPN,Hyogo Prefecture,2031,27.085379008166655
JPN.13_1,JPN,Hyogo Prefecture,2032,25.65983274457894
JPN.13_1,JPN,Hyogo Prefecture,2033,24.234286480991223
JPN.13_1,JPN,Hyogo Prefecture,2034,22.8087402174035
JPN.13_1,JPN,Hyogo Prefecture,2035,21.38319395381578
JPN.13_1,JPN,Hyogo Prefecture,2036,19.957647690228065
JPN.13_1,JPN,Hyogo Prefecture,2037,18.532101426640345
JPN.13_1,JPN,Hyogo Prefecture,2038,17.106555163052626
JPN.13_1,JPN,Hyogo Prefecture,2039,15.681008899464906
JPN.13_1,JPN,Hyogo Prefecture,2040,14.255462635877189
JPN.13_1,JPN,Hyogo Prefecture,2041,12.829916372289468
JPN.13_1,JPN,Hyogo Prefecture,2042,11.40437010870175
JPN.13_1,JPN,Hyogo Prefecture,2043,9.97882384511403
JPN.13_1,JPN,Hyogo Prefecture,2044,8.553277581526313
JPN.13_1,JPN,Hyogo Prefecture,2045,7.127731317938596
JPN.13_1,JPN,Hyogo Prefecture,2046,5.702185054350875
JPN.13_1,JPN,Hyogo Prefecture,2047,4.276638790763158
JPN.13_1,JPN,Hyogo Prefecture,2048,2.8510925271754375
JPN.13_1,JPN,Hyogo Prefecture,2049,1.4255462635877207
JPN.13_1,JPN,Hyogo Prefecture,2050,0
JPN.14_1,JPN,Ibaraki Prefecture,2013,33.742991686468876
JPN.14_1,JPN,Ibaraki Prefecture,2014,32.58109670391006
JPN.14_1,JPN,Ibaraki Prefecture,2015,31.419201721351243
JPN.14_1,JPN,Ibaraki Prefecture,2016,30.257306738792426
JPN.14_1,JPN,Ibaraki Prefecture,2017,29.095411756233613
JPN.14_1,JPN,Ibaraki Prefecture,2018,27.933516773674796
JPN.14_1,JPN,Ibaraki Prefecture,2019,26.77162179111598
JPN.14_1,JPN,Ibaraki Prefecture,2020,25.609726808557163
JPN.14_1,JPN,Ibaraki Prefecture,2021,25.097532272386022
JPN.14_1,JPN,Ibaraki Prefecture,2022,24.585337736214875
JPN.14_1,JPN,Ibaraki Prefecture,2023,24.073143200043734
JPN.14_1,JPN,Ibaraki Prefecture,2024,23.560948663872587
JPN.14_1,JPN,Ibaraki Prefecture,2025,23.048754127701446
JPN.14_1,JPN,Ibaraki Prefecture,2026,23.365480088385613
JPN.14_1,JPN,Ibaraki Prefecture,2027,23.68220604906978
JPN.14_1,JPN,Ibaraki Prefecture,2028,23.998932009753947
JPN.14_1,JPN,Ibaraki Prefecture,2029,24.315657970438114
JPN.14_1,JPN,Ibaraki Prefecture,2030,24.63238393112228
JPN.15_1,JPN,Ishikawa Prefecture,2013,7.096042111067738
JPN.15_1,JPN,Ishikawa Prefecture,2014,6.845593565971229
JPN.15_1,JPN,Ishikawa Prefecture,2015,6.595145020874721
JPN.15_1,JPN,Ishikawa Prefecture,2016,6.344696475778212
JPN.15_1,JPN,Ishikawa Prefecture,2017,6.0942479306817035
JPN.15_1,JPN,Ishikawa Prefecture,2018,5.8437993855851955
JPN.15_1,JPN,Ishikawa Prefecture,2019,5.593350840488688
JPN.15_1,JPN,Ishikawa Prefecture,2020,5.342902295392179
JPN.15_1,JPN,Ishikawa Prefecture,2021,5.092453750295671
JPN.15_1,JPN,Ishikawa Prefecture,2022,4.842005205199161
JPN.15_1,JPN,Ishikawa Prefecture,2023,4.591556660102653
JPN.15_1,JPN,Ishikawa Prefecture,2024,4.341108115006145
JPN.15_1,JPN,Ishikawa Prefecture,2025,4.090659569909636
JPN.15_1,JPN,Ishikawa Prefecture,2026,3.8402110248131285
JPN.15_1,JPN,Ishikawa Prefecture,2027,3.58976247971662
JPN.15_1,JPN,Ishikawa Prefecture,2028,3.3393139346201117
JPN.15_1,JPN,Ishikawa Prefecture,2029,3.088865389523603
JPN.15_1,JPN,Ishikawa Prefecture,2030,2.838416844427095
JPN.16_1,JPN,Iwate Prefecture,2013,13.822078542578817
JPN.16_1,JPN,Iwate Prefecture,2014,13.657702775386873
JPN.16_1,JPN,Iwate Prefecture,2015,13.493327008194932
JPN.16_1,JPN,Iwate Prefecture,2016,13.328951241002986
JPN.16_1,JPN,Iwate Prefecture,2017,13.164575473811043
JPN.16_1,JPN,Iwate Prefecture,2018,13.000199706619101
JPN.16_1,JPN,Iwate Prefecture,2019,12.814482567953114
JPN.16_1,JPN,Iwate Prefecture,2020,12.628765429287126
JPN.16_1,JPN,Iwate Prefecture,2021,12.443048290621139
JPN.16_1,JPN,Iwate Prefecture,2022,12.257331151955151
JPN.16_1,JPN,Iwate Prefecture,2023,12.071614013289166
JPN.16_1,JPN,Iwate Prefecture,2024,11.885896874623178
JPN.16_1,JPN,Iwate Prefecture,2025,11.70017973595719
JPN.16_1,JPN,Iwate Prefecture,2026,11.239946470556472
JPN.16_1,JPN,Iwate Prefecture,2027,10.779713205155753
JPN.16_1,JPN,Iwate Prefecture,2028,10.319479939755034
JPN.16_1,JPN,Iwate Prefecture,2029,9.859246674354315
JPN.16_1,JPN,Iwate Prefecture,2030,9.399013408953596
JPN.16_1,JPN,Iwate Prefecture,2031,8.929062738505916
JPN.16_1,JPN,Iwate Prefecture,2032,8.459112068058236
JPN.16_1,JPN,Iwate Prefecture,2033,7.989161397610556
JPN.16_1,JPN,Iwate Prefecture,2034,7.519210727162877
JPN.16_1,JPN,Iwate Prefecture,2035,7.049260056715197
JPN.16_1,JPN,Iwate Prefecture,2036,6.579309386267517
JPN.16_1,JPN,Iwate Prefecture,2037,6.1093587158198375
JPN.16_1,JPN,Iwate Prefecture,2038,5.639408045372157
JPN.16_1,JPN,Iwate Prefecture,2039,5.169457374924477
JPN.16_1,JPN,Iwate Prefecture,2040,4.699506704476798
JPN.16_1,JPN,Iwate Prefecture,2041,4.229556034029118
JPN.16_1,JPN,Iwate Prefecture,2042,3.7596053635814384
JPN.16_1,JPN,Iwate Prefecture,2043,3.2896546931337585
JPN.16_1,JPN,Iwate Prefecture,2044,2.819704022686079
JPN.16_1,JPN,Iwate Prefecture,2045,2.349753352238399
JPN.16_1,JPN,Iwate Prefecture,2046,1.8798026817907187
JPN.16_1,JPN,Iwate Prefecture,2047,1.4098520113430395
JPN.16_1,JPN,Iwate Prefecture,2048,0.9399013408953585
JPN.16_1,JPN,Iwate Prefecture,2049,0.4699506704476811
JPN.16_1,JPN,Iwate Prefecture,2050,0
JPN.17_1,JPN,Kagawa Prefecture,2013,5.700478400613816
JPN.17_1,JPN,Kagawa Prefecture,2014,5.543715244596937
JPN.17_1,JPN,Kagawa Prefecture,2015,5.386952088580057
JPN.17_1,JPN,Kagawa Prefecture,2016,5.230188932563176
JPN.17_1,JPN,Kagawa Prefecture,2017,5.073425776546297
JPN.17_1,JPN,Kagawa Prefecture,2018,4.916662620529417
JPN.17_1,JPN,Kagawa Prefecture,2019,4.759899464512536
JPN.17_1,JPN,Kagawa Prefecture,2020,4.603136308495657
JPN.17_1,JPN,Kagawa Prefecture,2021,4.446373152478777
JPN.17_1,JPN,Kagawa Prefecture,2022,4.2896099964618974
JPN.17_1,JPN,Kagawa Prefecture,2023,4.132846840445017
JPN.17_1,JPN,Kagawa Prefecture,2024,3.976083684428137
JPN.17_1,JPN,Kagawa Prefecture,2025,3.8193205284112572
JPN.17_1,JPN,Kagawa Prefecture,2026,3.6255042627903875
JPN.17_1,JPN,Kagawa Prefecture,2027,3.4316879971695173
JPN.17_1,JPN,Kagawa Prefecture,2028,3.237871731548648
JPN.17_1,JPN,Kagawa Prefecture,2029,3.044055465927778
JPN.17_1,JPN,Kagawa Prefecture,2030,2.850239200306908
JPN.17_1,JPN,Kagawa Prefecture,2031,2.707727240291563
JPN.17_1,JPN,Kagawa Prefecture,2032,2.5652152802762176
JPN.17_1,JPN,Kagawa Prefecture,2033,2.4227033202608723
JPN.17_1,JPN,Kagawa Prefecture,2034,2.2801913602455266
JPN.17_1,JPN,Kagawa Prefecture,2035,2.1376794002301813
JPN.17_1,JPN,Kagawa Prefecture,2036,1.9951674402148358
JPN.17_1,JPN,Kagawa Prefecture,2037,1.8526554801994903
JPN.17_1,JPN,Kagawa Prefecture,2038,1.7101435201841448
JPN.17_1,JPN,Kagawa Prefecture,2039,1.5676315601687996
JPN.17_1,JPN,Kagawa Prefecture,2040,1.425119600153454
JPN.17_1,JPN,Kagawa Prefecture,2041,1.2826076401381086
JPN.17_1,JPN,Kagawa Prefecture,2042,1.1400956801227633
JPN.17_1,JPN,Kagawa Prefecture,2043,0.9975837201074178
JPN.17_1,JPN,Kagawa Prefecture,2044,0.8550717600920726
JPN.17_1,JPN,Kagawa Prefecture,2045,0.7125598000767268
JPN.17_1,JPN,Kagawa Prefecture,2046,0.5700478400613814
JPN.17_1,JPN,Kagawa Prefecture,2047,0.4275358800460361
JPN.17_1,JPN,Kagawa Prefecture,2048,0.2850239200306907
JPN.17_1,JPN,Kagawa Prefecture,2049,0.14251196001534536
JPN.17_1,JPN,Kagawa Prefecture,2050,0
JPN.18_1,JPN,Kagoshima Prefecture,2013,8.733578627635591
JPN.18_1,JPN,Kagoshima Prefecture,2014,8.564044454275606
JPN.18_1,JPN,Kagoshima Prefecture,2015,8.394510280915622
JPN.18_1,JPN,Kagoshima Prefecture,2016,8.224976107555635
JPN.18_1,JPN,Kagoshima Prefecture,2017,8.05544193419565
JPN.18_1,JPN,Kagoshima Prefecture,2018,7.885907760835666
JPN.18_1,JPN,Kagoshima Prefecture,2019,7.7163735874756805
JPN.18_1,JPN,Kagoshima Prefecture,2020,7.546839414115696
JPN.18_1,JPN,Kagoshima Prefecture,2021,7.377305240755711
JPN.18_1,JPN,Kagoshima Prefecture,2022,7.2077710673957265
JPN.18_1,JPN,Kagoshima Prefecture,2023,7.038236894035741
JPN.18_1,JPN,Kagoshima Prefecture,2024,6.868702720675756
JPN.18_1,JPN,Kagoshima Prefecture,2025,6.699168547315771
JPN.18_1,JPN,Kagoshima Prefecture,2026,6.529634373955786
JPN.18_1,JPN,Kagoshima Prefecture,2027,6.360100200595801
JPN.18_1,JPN,Kagoshima Prefecture,2028,6.190566027235816
JPN.18_1,JPN,Kagoshima Prefecture,2029,6.021031853875831
JPN.18_1,JPN,Kagoshima Prefecture,2030,5.8514976805158465
JPN.18_1,JPN,Kagoshima Prefecture,2031,5.558922796490053
JPN.18_1,JPN,Kagoshima Prefecture,2032,5.266347912464262
JPN.18_1,JPN,Kagoshima Prefecture,2033,4.97377302843847
JPN.18_1,JPN,Kagoshima Prefecture,2034,4.681198144412677
JPN.18_1,JPN,Kagoshima Prefecture,2035,4.388623260386884
JPN.18_1,JPN,Kagoshima Prefecture,2036,4.096048376361092
JPN.18_1,JPN,Kagoshima Prefecture,2037,3.8034734923353
JPN.18_1,JPN,Kagoshima Prefecture,2038,3.5108986083095077
JPN.18_1,JPN,Kagoshima Prefecture,2039,3.218323724283715
JPN.18_1,JPN,Kagoshima Prefecture,2040,2.9257488402579233
JPN.18_1,JPN,Kagoshima Prefecture,2041,2.6331739562321306
JPN.18_1,JPN,Kagoshima Prefecture,2042,2.3405990722063383
JPN.18_1,JPN,Kagoshima Prefecture,2043,2.048024188180546
JPN.18_1,JPN,Kagoshima Prefecture,2044,1.755449304154754
JPN.18_1,JPN,Kagoshima Prefecture,2045,1.462874420128962
JPN.18_1,JPN,Kagoshima Prefecture,2046,1.1702995361031694
JPN.18_1,JPN,Kagoshima Prefecture,2047,0.8777246520773768
JPN.18_1,JPN,Kagoshima Prefecture,2048,0.5851497680515843
JPN.18_1,JPN,Kagoshima Prefecture,2049,0.29257488402579257
JPN.18_1,JPN,Kagoshima Prefecture,2050,0
JPN.19_1,JPN,Kanagawa Prefecture,2013,46.245721026496035
JPN.19_1,JPN,Kanagawa Prefecture,2014,45.1575864141079
JPN.19_1,JPN,Kanagawa Prefecture,2015,44.06945180171976
JPN.19_1,JPN,Kanagawa Prefecture,2016,42.98131718933161
JPN.19_1,JPN,Kanagawa Prefecture,2017,41.893182576943474
JPN.19_1,JPN,Kanagawa Prefecture,2018,40.80504796455532
JPN.19_1,JPN,Kanagawa Prefecture,2019,39.71691335216718
JPN.19_1,JPN,Kanagawa Prefecture,2020,38.62877873977904
JPN.19_1,JPN,Kanagawa Prefecture,2021,37.5406441273909
JPN.19_1,JPN,Kanagawa Prefecture,2022,36.45250951500276
JPN.19_1,JPN,Kanagawa Prefecture,2023,35.364374902614614
JPN.19_1,JPN,Kanagawa Prefecture,2024,34.276240290226475
JPN.19_1,JPN,Kanagawa Prefecture,2025,33.18810567783833
JPN.19_1,JPN,Kanagawa Prefecture,2026,32.09997106545019
JPN.19_1,JPN,Kanagawa Prefecture,2027,31.01183645306205
JPN.19_1,JPN,Kanagawa Prefecture,2028,29.923701840673907
JPN.19_1,JPN,Kanagawa Prefecture,2029,28.835567228285765
JPN.19_1,JPN,Kanagawa Prefecture,2030,27.747432615897623
JPN.19_1,JPN,Kanagawa Prefecture,2031,26.360060985102738
JPN.19_1,JPN,Kanagawa Prefecture,2032,24.97268935430786
JPN.19_1,JPN,Kanagawa Prefecture,2033,23.585317723512976
JPN.19_1,JPN,Kanagawa Prefecture,2034,22.197946092718098
JPN.19_1,JPN,Kanagawa Prefecture,2035,20.810574461923217
JPN.19_1,JPN,Kanagawa Prefecture,2036,19.423202831128336
JPN.19_1,JPN,Kanagawa Prefecture,2037,18.035831200333455
JPN.19_1,JPN,Kanagawa Prefecture,2038,16.648459569538574
JPN.19_1,JPN,Kanagawa Prefecture,2039,15.261087938743692
JPN.19_1,JPN,Kanagawa Prefecture,2040,13.873716307948811
JPN.19_1,JPN,Kanagawa Prefecture,2041,12.486344677153928
JPN.19_1,JPN,Kanagawa Prefecture,2042,11.098973046359049
JPN.19_1,JPN,Kanagawa Prefecture,2043,9.711601415564168
JPN.19_1,JPN,Kanagawa Prefecture,2044,8.324229784769289
JPN.19_1,JPN,Kanagawa Prefecture,2045,6.9368581539744065
JPN.19_1,JPN,Kanagawa Prefecture,2046,5.549486523179524
JPN.19_1,JPN,Kanagawa Prefecture,2047,4.162114892384644
JPN.19_1,JPN,Kanagawa Prefecture,2048,2.774743261589762
JPN.19_1,JPN,Kanagawa Prefecture,2049,1.3873716307948827
JPN.19_1,JPN,Kanagawa Prefecture,2050,0
JPN.1_1,JPN,Aichi Prefecture,2013,70.00927887227665
JPN.1_1,JPN,Aichi Prefecture,2014,68.9385487248183
JPN.1_1,JPN,Aichi Prefecture,2015,67.86781857735994
JPN.1_1,JPN,Aichi Prefecture,2016,66.7970884299016
JPN.1_1,JPN,Aichi Prefecture,2017,65.72635828244326
JPN.1_1,JPN,Aichi Prefecture,2018,64.65562813498491
JPN.1_1,JPN,Aichi Prefecture,2019,63.58489798752655
JPN.1_1,JPN,Aichi Prefecture,2020,62.514167840068204
JPN.1_1,JPN,Aichi Prefecture,2021,61.443437692609855
JPN.1_1,JPN,Aichi Prefecture,2022,60.372707545151506
JPN.1_1,JPN,Aichi Prefecture,2023,59.30197739769316
JPN.1_1,JPN,Aichi Prefecture,2024,58.231247250234816
JPN.1_1,JPN,Aichi Prefecture,2025,57.16051710277646
JPN.1_1,JPN,Aichi Prefecture,2026,56.08978695531811
JPN.1_1,JPN,Aichi Prefecture,2027,55.01905680785976
JPN.1_1,JPN,Aichi Prefecture,2028,53.94832666040141
JPN.1_1,JPN,Aichi Prefecture,2029,52.87759651294306
JPN.1_1,JPN,Aichi Prefecture,2030,51.806866365484716
JPN.20_1,JPN,Kochi Prefecture,2013,9.743191653461333
JPN.20_1,JPN,Kochi Prefecture,2014,9.5769842664317
JPN.20_1,JPN,Kochi Prefecture,2015,9.410776879402064
JPN.20_1,JPN,Kochi Prefecture,2016,9.244569492372431
JPN.20_1,JPN,Kochi Prefecture,2017,9.078362105342796
JPN.20_1,JPN,Kochi Prefecture,2018,8.912154718313161
JPN.20_1,JPN,Kochi Prefecture,2019,8.745947331283526
JPN.20_1,JPN,Kochi Prefecture,2020,8.579739944253891
JPN.20_1,JPN,Kochi Prefecture,2021,8.413532557224256
JPN.20_1,JPN,Kochi Prefecture,2022,8.247325170194623
JPN.20_1,JPN,Kochi Prefecture,2023,8.08111778316499
JPN.20_1,JPN,Kochi Prefecture,2024,7.914910396135355
JPN.20_1,JPN,Kochi Prefecture,2025,7.74870300910572
JPN.20_1,JPN,Kochi Prefecture,2026,7.582495622076085
JPN.20_1,JPN,Kochi Prefecture,2027,7.416288235046451
JPN.20_1,JPN,Kochi Prefecture,2028,7.250080848016817
JPN.20_1,JPN,Kochi Prefecture,2029,7.083873460987182
JPN.20_1,JPN,Kochi Prefecture,2030,6.917666073957547
JPN.20_1,JPN,Kochi Prefecture,2031,6.57178277025967
JPN.20_1,JPN,Kochi Prefecture,2032,6.225899466561793
JPN.20_1,JPN,Kochi Prefecture,2033,5.880016162863916
JPN.20_1,JPN,Kochi Prefecture,2034,5.534132859166038
JPN.20_1,JPN,Kochi Prefecture,2035,5.18824955546816
JPN.20_1,JPN,Kochi Prefecture,2036,4.842366251770283
JPN.20_1,JPN,Kochi Prefecture,2037,4.496482948072406
JPN.20_1,JPN,Kochi Prefecture,2038,4.1505996443745286
JPN.20_1,JPN,Kochi Prefecture,2039,3.804716340676651
JPN.20_1,JPN,Kochi Prefecture,2040,3.4588330369787736
JPN.20_1,JPN,Kochi Prefecture,2041,3.1129497332808964
JPN.20_1,JPN,Kochi Prefecture,2042,2.767066429583019
JPN.20_1,JPN,Kochi Prefecture,2043,2.421183125885141
JPN.20_1,JPN,Kochi Prefecture,2044,2.0752998221872643
JPN.20_1,JPN,Kochi Prefecture,2045,1.7294165184893868
JPN.20_1,JPN,Kochi Prefecture,2046,1.3835332147915094
JPN.20_1,JPN,Kochi Prefecture,2047,1.0376499110936326
JPN.20_1,JPN,Kochi Prefecture,2048,0.6917666073957542
JPN.20_1,JPN,Kochi Prefecture,2049,0.34588330369787756
JPN.20_1,JPN,Kochi Prefecture,2050,0
JPN.21_1,JPN,Kumamoto Prefecture,2013,14.39394185414689
JPN.21_1,JPN,Kumamoto Prefecture,2014,13.885920376941705
JPN.21_1,JPN,Kumamoto Prefecture,2015,13.377898899736522
JPN.21_1,JPN,Kumamoto Prefecture,2016,12.869877422531337
JPN.21_1,JPN,Kumamoto Prefecture,2017,12.361855945326154
JPN.21_1,JPN,Kumamoto Prefecture,2018,11.853834468120969
JPN.21_1,JPN,Kumamoto Prefecture,2019,11.345812990915785
JPN.21_1,JPN,Kumamoto Prefecture,2020,10.837791513710599
JPN.21_1,JPN,Kumamoto Prefecture,2021,10.329770036505415
JPN.21_1,JPN,Kumamoto Prefecture,2022,9.82174855930023
JPN.21_1,JPN,Kumamoto Prefecture,2023,9.313727082095046
JPN.21_1,JPN,Kumamoto Prefecture,2024,8.805705604889862
JPN.21_1,JPN,Kumamoto Prefecture,2025,8.297684127684677
JPN.21_1,JPN,Kumamoto Prefecture,2026,7.789662650479495
JPN.21_1,JPN,Kumamoto Prefecture,2027,7.28164117327431
JPN.21_1,JPN,Kumamoto Prefecture,2028,6.773619696069125
JPN.21_1,JPN,Kumamoto Prefecture,2029,6.265598218863941
JPN.21_1,JPN,Kumamoto Prefecture,2030,5.757576741658757
JPN.21_1,JPN,Kumamoto Prefecture,2031,5.469697904575819
JPN.21_1,JPN,Kumamoto Prefecture,2032,5.181819067492881
JPN.21_1,JPN,Kumamoto Prefecture,2033,4.893940230409942
JPN.21_1,JPN,Kumamoto Prefecture,2034,4.606061393327005
JPN.21_1,JPN,Kumamoto Prefecture,2035,4.318182556244068
JPN.21_1,JPN,Kumamoto Prefecture,2036,4.03030371916113
JPN.21_1,JPN,Kumamoto Prefecture,2037,3.742424882078192
JPN.21_1,JPN,Kumamoto Prefecture,2038,3.454546044995254
JPN.21_1,JPN,Kumamoto Prefecture,2039,3.166667207912316
JPN.21_1,JPN,Kumamoto Prefecture,2040,2.8787883708293784
JPN.21_1,JPN,Kumamoto Prefecture,2041,2.59090953374644
JPN.21_1,JPN,Kumamoto Prefecture,2042,2.3030306966635026
JPN.21_1,JPN,Kumamoto Prefecture,2043,2.015151859580565
JPN.21_1,JPN,Kumamoto Prefecture,2044,1.7272730224976274
JPN.21_1,JPN,Kumamoto Prefecture,2045,1.4393941854146886
JPN.21_1,JPN,Kumamoto Prefecture,2046,1.1515153483317513
JPN.21_1,JPN,Kumamoto Prefecture,2047,0.8636365112488139
JPN.21_1,JPN,Kumamoto Prefecture,2048,0.5757576741658756
JPN.21_1,JPN,Kumamoto Prefecture,2049,0.28787883708293827
JPN.21_1,JPN,Kumamoto Prefecture,2050,0
JPN.22_1,JPN,Kyoto Prefecture,2013,12.056490519329955
JPN.22_1,JPN,Kyoto Prefecture,2014,11.701887856996722
JPN.22_1,JPN,Kyoto Prefecture,2015,11.347285194663487
JPN.22_1,JPN,Kyoto Prefecture,2016,10.992682532330255
JPN.22_1,JPN,Kyoto Prefecture,2017,10.638079869997021
JPN.22_1,JPN,Kyoto Prefecture,2018,10.283477207663786
JPN.22_1,JPN,Kyoto Prefecture,2019,9.928874545330553
JPN.22_1,JPN,Kyoto Prefecture,2020,9.57427188299732
JPN.22_1,JPN,Kyoto Prefecture,2021,9.219669220664084
JPN.22_1,JPN,Kyoto Prefecture,2022,8.865066558330849
JPN.22_1,JPN,Kyoto Prefecture,2023,8.510463895997615
JPN.22_1,JPN,Kyoto Prefecture,2024,8.155861233664382
JPN.22_1,JPN,Kyoto Prefecture,2025,7.801258571331148
JPN.22_1,JPN,Kyoto Prefecture,2026,7.446655908997914
JPN.22_1,JPN,Kyoto Prefecture,2027,7.092053246664681
JPN.22_1,JPN,Kyoto Prefecture,2028,6.737450584331446
JPN.22_1,JPN,Kyoto Prefecture,2029,6.382847921998212
JPN.22_1,JPN,Kyoto Prefecture,2030,6.028245259664978
JPN.22_1,JPN,Kyoto Prefecture,2031,5.726832996681729
JPN.22_1,JPN,Kyoto Prefecture,2032,5.42542073369848
JPN.22_1,JPN,Kyoto Prefecture,2033,5.124008470715231
JPN.22_1,JPN,Kyoto Prefecture,2034,4.822596207731983
JPN.22_1,JPN,Kyoto Prefecture,2035,4.521183944748733
JPN.22_1,JPN,Kyoto Prefecture,2036,4.219771681765485
JPN.22_1,JPN,Kyoto Prefecture,2037,3.9183594187822357
JPN.22_1,JPN,Kyoto Prefecture,2038,3.6169471557989867
JPN.22_1,JPN,Kyoto Prefecture,2039,3.3155348928157378
JPN.22_1,JPN,Kyoto Prefecture,2040,3.014122629832489
JPN.22_1,JPN,Kyoto Prefecture,2041,2.71271036684924
JPN.22_1,JPN,Kyoto Prefecture,2042,2.4112981038659913
JPN.22_1,JPN,Kyoto Prefecture,2043,2.1098858408827423
JPN.22_1,JPN,Kyoto Prefecture,2044,1.8084735778994934
JPN.22_1,JPN,Kyoto Prefecture,2045,1.5070613149162446
JPN.22_1,JPN,Kyoto Prefecture,2046,1.2056490519329952
JPN.22_1,JPN,Kyoto Prefecture,2047,0.9042367889497467
JPN.22_1,JPN,Kyoto Prefecture,2048,0.602824525966498
JPN.22_1,JPN,Kyoto Prefecture,2049,0.3014122629832495
JPN.22_1,JPN,Kyoto Prefecture,2050,0
JPN.23_1,JPN,Mie Prefecture,2013,24.716513069965618
JPN.23_1,JPN,Mie Prefecture,2014,24.134948056554663
JPN.23_1,JPN,Mie Prefecture,2015,23.553383043143707
JPN.23_1,JPN,Mie Prefecture,2016,22.971818029732752
JPN.23_1,JPN,Mie Prefecture,2017,22.390253016321797
JPN.23_1,JPN,Mie Prefecture,2018,21.80868800291084
JPN.23_1,JPN,Mie Prefecture,2019,21.227122989499886
JPN.23_1,JPN,Mie Prefecture,2020,20.64555797608893
JPN.23_1,JPN,Mie Prefecture,2021,20.063992962677975
JPN.23_1,JPN,Mie Prefecture,2022,19.48242794926702
JPN.23_1,JPN,Mie Prefecture,2023,18.900862935856065
JPN.23_1,JPN,Mie Prefecture,2024,18.319297922445102
JPN.23_1,JPN,Mie Prefecture,2025,17.737732909034147
JPN.23_1,JPN,Mie Prefecture,2026,17.156167895623195
JPN.23_1,JPN,Mie Prefecture,2027,16.57460288221224
JPN.23_1,JPN,Mie Prefecture,2028,15.993037868801283
JPN.23_1,JPN,Mie Prefecture,2029,15.411472855390327
JPN.23_1,JPN,Mie Prefecture,2030,14.829907841979372
JPN.23_1,JPN,Mie Prefecture,2031,14.088412449880403
JPN.23_1,JPN,Mie Prefecture,2032,13.346917057781434
JPN.23_1,JPN,Mie Prefecture,2033,12.605421665682465
JPN.23_1,JPN,Mie Prefecture,2034,11.863926273583498
JPN.23_1,JPN,Mie Prefecture,2035,11.12243088148453
JPN.23_1,JPN,Mie Prefecture,2036,10.38093548938556
JPN.23_1,JPN,Mie Prefecture,2037,9.639440097286592
JPN.23_1,JPN,Mie Prefecture,2038,8.897944705187623
JPN.23_1,JPN,Mie Prefecture,2039,8.156449313088654
JPN.23_1,JPN,Mie Prefecture,2040,7.414953920989686
JPN.23_1,JPN,Mie Prefecture,2041,6.673458528890717
JPN.23_1,JPN,Mie Prefecture,2042,5.931963136791749
JPN.23_1,JPN,Mie Prefecture,2043,5.19046774469278
JPN.23_1,JPN,Mie Prefecture,2044,4.448972352593811
JPN.23_1,JPN,Mie Prefecture,2045,3.7074769604948425
JPN.23_1,JPN,Mie Prefecture,2046,2.9659815683958737
JPN.23_1,JPN,Mie Prefecture,2047,2.2244861762969066
JPN.23_1,JPN,Mie Prefecture,2048,1.4829907841979377
JPN.23_1,JPN,Mie Prefecture,2049,0.7414953920989689
JPN.23_1,JPN,Mie Prefecture,2050,0
JPN.24_1,JPN,Miyagi Prefecture,2013,13.775302324320666
JPN.24_1,JPN,Miyagi Prefecture,2014,13.69260357742523
JPN.24_1,JPN,Miyagi Prefecture,2015,13.609904830529794
JPN.24_1,JPN,Miyagi Prefecture,2016,13.527206083634358
JPN.24_1,JPN,Miyagi Prefecture,2017,13.444507336738923
JPN.24_1,JPN,Miyagi Prefecture,2018,13.361808589843488
JPN.24_1,JPN,Miyagi Prefecture,2019,13.279109842948051
JPN.24_1,JPN,Miyagi Prefecture,2020,13.102055045042077
JPN.24_1,JPN,Miyagi Prefecture,2021,12.925000247136103
JPN.24_1,JPN,Miyagi Prefecture,2022,12.747945449230128
JPN.24_1,JPN,Miyagi Prefecture,2023,12.570890651324154
JPN.24_1,JPN,Miyagi Prefecture,2024,12.39383585341818
JPN.24_1,JPN,Miyagi Prefecture,2025,12.216781055512207
JPN.24_1,JPN,Miyagi Prefecture,2026,11.674416565166018
JPN.24_1,JPN,Miyagi Prefecture,2027,11.132052074819827
JPN.24_1,JPN,Miyagi Prefecture,2028,10.589687584473639
JPN.24_1,JPN,Miyagi Prefecture,2029,10.04732309412745
JPN.24_1,JPN,Miyagi Prefecture,2030,9.50495860378126
JPN.24_1,JPN,Miyagi Prefecture,2031,9.029710673592197
JPN.24_1,JPN,Miyagi Prefecture,2032,8.554462743403136
JPN.24_1,JPN,Miyagi Prefecture,2033,8.07921481321407
JPN.24_1,JPN,Miyagi Prefecture,2034,7.6039668830250084
JPN.24_1,JPN,Miyagi Prefecture,2035,7.128718952835945
JPN.24_1,JPN,Miyagi Prefecture,2036,6.653471022646882
JPN.24_1,JPN,Miyagi Prefecture,2037,6.17822309245782
JPN.24_1,JPN,Miyagi Prefecture,2038,5.702975162268756
JPN.24_1,JPN,Miyagi Prefecture,2039,5.227727232079693
JPN.24_1,JPN,Miyagi Prefecture,2040,4.75247930189063
JPN.24_1,JPN,Miyagi Prefecture,2041,4.277231371701567
JPN.24_1,JPN,Miyagi Prefecture,2042,3.8019834415125047
JPN.24_1,JPN,Miyagi Prefecture,2043,3.3267355113234407
JPN.24_1,JPN,Miyagi Prefecture,2044,2.851487581134379
JPN.24_1,JPN,Miyagi Prefecture,2045,2.376239650945315
JPN.24_1,JPN,Miyagi Prefecture,2046,1.9009917207562514
JPN.24_1,JPN,Miyagi Prefecture,2047,1.4257437905671895
JPN.24_1,JPN,Miyagi Prefecture,2048,0.9504958603781257
JPN.24_1,JPN,Miyagi Prefecture,2049,0.47524793018906375
JPN.24_1,JPN,Miyagi Prefecture,2050,0
JPN.25_1,JPN,Miyazaki Prefecture,2013,7.824126227359805
JPN.25_1,JPN,Miyazaki Prefecture,2014,7.582882335349545
JPN.25_1,JPN,Miyazaki Prefecture,2015,7.341638443339283
JPN.25_1,JPN,Miyazaki Prefecture,2016,7.100394551329023
JPN.25_1,JPN,Miyazaki Prefecture,2017,6.859150659318763
JPN.25_1,JPN,Miyazaki Prefecture,2018,6.617906767308502
JPN.25_1,JPN,Miyazaki Prefecture,2019,6.3766628752982415
JPN.25_1,JPN,Miyazaki Prefecture,2020,6.13541898328798
JPN.25_1,JPN,Miyazaki Prefecture,2021,5.89417509127772
JPN.25_1,JPN,Miyazaki Prefecture,2022,5.652931199267459
JPN.25_1,JPN,Miyazaki Prefecture,2023,5.411687307257198
JPN.25_1,JPN,Miyazaki Prefecture,2024,5.170443415246938
JPN.25_1,JPN,Miyazaki Prefecture,2025,4.929199523236677
JPN.25_1,JPN,Miyazaki Prefecture,2026,4.73203154230721
JPN.25_1,JPN,Miyazaki Prefecture,2027,4.534863561377743
JPN.25_1,JPN,Miyazaki Prefecture,2028,4.337695580448275
JPN.25_1,JPN,Miyazaki Prefecture,2029,4.1405275995188084
JPN.25_1,JPN,Miyazaki Prefecture,2030,3.9433596185893416
JPN.25_1,JPN,Miyazaki Prefecture,2031,3.7461916376598747
JPN.25_1,JPN,Miyazaki Prefecture,2032,3.5490236567304074
JPN.25_1,JPN,Miyazaki Prefecture,2033,3.35185567580094
JPN.25_1,JPN,Miyazaki Prefecture,2034,3.1546876948714733
JPN.25_1,JPN,Miyazaki Prefecture,2035,2.9575197139420064
JPN.25_1,JPN,Miyazaki Prefecture,2036,2.7603517330125396
JPN.25_1,JPN,Miyazaki Prefecture,2037,2.563183752083072
JPN.25_1,JPN,Miyazaki Prefecture,2038,2.366015771153605
JPN.25_1,JPN,Miyazaki Prefecture,2039,2.1688477902241377
JPN.25_1,JPN,Miyazaki Prefecture,2040,1.9716798092946708
JPN.25_1,JPN,Miyazaki Prefecture,2041,1.7745118283652035
JPN.25_1,JPN,Miyazaki Prefecture,2042,1.5773438474357366
JPN.25_1,JPN,Miyazaki Prefecture,2043,1.3801758665062698
JPN.25_1,JPN,Miyazaki Prefecture,2044,1.1830078855768023
JPN.25_1,JPN,Miyazaki Prefecture,2045,0.9858399046473354
JPN.25_1,JPN,Miyazaki Prefecture,2046,0.7886719237178685
JPN.25_1,JPN,Miyazaki Prefecture,2047,0.5915039427884016
JPN.25_1,JPN,Miyazaki Prefecture,2048,0.39433596185893377
JPN.25_1,JPN,Miyazaki Prefecture,2049,0.19716798092946689
JPN.25_1,JPN,Miyazaki Prefecture,2050,0
JPN.26_1,JPN,Nagano Prefecture,2010,12.226541636569003
JPN.26_1,JPN,Nagano Prefecture,2011,11.847518845835364
JPN.26_1,JPN,Nagano Prefecture,2012,11.468496055101724
JPN.26_1,JPN,Nagano Prefecture,2013,11.089473264368085
JPN.26_1,JPN,Nagano Prefecture,2014,10.710450473634445
JPN.26_1,JPN,Nagano Prefecture,2015,10.331427682900808
JPN.26_1,JPN,Nagano Prefecture,2016,9.952404892167168
JPN.26_1,JPN,Nagano Prefecture,2017,9.57338210143353
JPN.26_1,JPN,Nagano Prefecture,2018,9.19435931069989
JPN.26_1,JPN,Nagano Prefecture,2019,8.815336519966252
JPN.26_1,JPN,Nagano Prefecture,2020,8.436313729232612
JPN.26_1,JPN,Nagano Prefecture,2021,8.057290938498973
JPN.26_1,JPN,Nagano Prefecture,2022,7.678268147765333
JPN.26_1,JPN,Nagano Prefecture,2023,7.299245357031695
JPN.26_1,JPN,Nagano Prefecture,2024,6.920222566298056
JPN.26_1,JPN,Nagano Prefecture,2025,6.541199775564417
JPN.26_1,JPN,Nagano Prefecture,2026,6.1621769848307775
JPN.26_1,JPN,Nagano Prefecture,2027,5.783154194097139
JPN.26_1,JPN,Nagano Prefecture,2028,5.4041314033634995
JPN.26_1,JPN,Nagano Prefecture,2029,5.025108612629861
JPN.26_1,JPN,Nagano Prefecture,2030,4.6460858218962215
JPN.26_1,JPN,Nagano Prefecture,2031,4.413781530801411
JPN.26_1,JPN,Nagano Prefecture,2032,4.1814772397066
JPN.26_1,JPN,Nagano Prefecture,2033,3.9491729486117886
JPN.26_1,JPN,Nagano Prefecture,2034,3.716868657516977
JPN.26_1,JPN,Nagano Prefecture,2035,3.484564366422166
JPN.26_1,JPN,Nagano Prefecture,2036,3.2522600753273556
JPN.26_1,JPN,Nagano Prefecture,2037,3.0199557842325437
JPN.26_1,JPN,Nagano Prefecture,2038,2.787651493137733
JPN.26_1,JPN,Nagano Prefecture,2039,2.5553472020429213
JPN.26_1,JPN,Nagano Prefecture,2040,2.3230429109481108
JPN.26_1,JPN,Nagano Prefecture,2041,2.0907386198533
JPN.26_1,JPN,Nagano Prefecture,2042,1.8584343287584888
JPN.26_1,JPN,Nagano Prefecture,2043,1.6261300376636771
JPN.26_1,JPN,Nagano Prefecture,2044,1.3938257465688666
JPN.26_1,JPN,Nagano Prefecture,2045,1.1615214554740554
JPN.26_1,JPN,Nagano Prefecture,2046,0.9292171643792442
JPN.26_1,JPN,Nagano Prefecture,2047,0.6969128732844335
JPN.26_1,JPN,Nagano Prefecture,2048,0.46460858218962187
JPN.26_1,JPN,Nagano Prefecture,2049,0.23230429109481163
JPN.26_1,JPN,Nagano Prefecture,2050,0
JPN.27_1,JPN,Nagasaki Prefecture,2013,13.202031838740032
JPN.27_1,JPN,Nagasaki Prefecture,2014,12.953523004128455
JPN.27_1,JPN,Nagasaki Prefecture,2015,12.705014169516879
JPN.27_1,JPN,Nagasaki Prefecture,2016,12.4565053349053
JPN.27_1,JPN,Nagasaki Prefecture,2017,12.207996500293724
JPN.27_1,JPN,Nagasaki Prefecture,2018,11.959487665682147
JPN.27_1,JPN,Nagasaki Prefecture,2019,11.710978831070568
JPN.27_1,JPN,Nagasaki Prefecture,2020,11.462469996458992
JPN.27_1,JPN,Nagasaki Prefecture,2021,11.213961161847415
JPN.27_1,JPN,Nagasaki Prefecture,2022,10.965452327235838
JPN.27_1,JPN,Nagasaki Prefecture,2023,10.71694349262426
JPN.27_1,JPN,Nagasaki Prefecture,2024,10.468434658012685
JPN.27_1,JPN,Nagasaki Prefecture,2025,10.219925823401107
JPN.27_1,JPN,Nagasaki Prefecture,2026,9.971416988789528
JPN.27_1,JPN,Nagasaki Prefecture,2027,9.722908154177953
JPN.27_1,JPN,Nagasaki Prefecture,2028,9.474399319566375
JPN.27_1,JPN,Nagasaki Prefecture,2029,9.225890484954796
JPN.27_1,JPN,Nagasaki Prefecture,2030,8.97738165034322
JPN.27_1,JPN,Nagasaki Prefecture,2031,8.52851256782606
JPN.27_1,JPN,Nagasaki Prefecture,2032,8.079643485308898
JPN.27_1,JPN,Nagasaki Prefecture,2033,7.6307744027917375
JPN.27_1,JPN,Nagasaki Prefecture,2034,7.181905320274576
JPN.27_1,JPN,Nagasaki Prefecture,2035,6.733036237757416
JPN.27_1,JPN,Nagasaki Prefecture,2036,6.2841671552402545
JPN.27_1,JPN,Nagasaki Prefecture,2037,5.835298072723093
JPN.27_1,JPN,Nagasaki Prefecture,2038,5.386428990205933
JPN.27_1,JPN,Nagasaki Prefecture,2039,4.9375599076887715
JPN.27_1,JPN,Nagasaki Prefecture,2040,4.48869082517161
JPN.27_1,JPN,Nagasaki Prefecture,2041,4.039821742654449
JPN.27_1,JPN,Nagasaki Prefecture,2042,3.590952660137288
JPN.27_1,JPN,Nagasaki Prefecture,2043,3.1420835776201272
JPN.27_1,JPN,Nagasaki Prefecture,2044,2.6932144951029664
JPN.27_1,JPN,Nagasaki Prefecture,2045,2.244345412585805
JPN.27_1,JPN,Nagasaki Prefecture,2046,1.795476330068644
JPN.27_1,JPN,Nagasaki Prefecture,2047,1.3466072475514832
JPN.27_1,JPN,Nagasaki Prefecture,2048,0.897738165034322
JPN.27_1,JPN,Nagasaki Prefecture,2049,0.44886908251716195
JPN.27_1,JPN,Nagasaki Prefecture,2050,0
JPN.28_1,JPN,Nara Prefecture,2013,4.253452318244056
JPN.28_1,JPN,Nara Prefecture,2014,4.129393292295271
JPN.28_1,JPN,Nara Prefecture,2015,4.005334266346486
JPN.28_1,JPN,Nara Prefecture,2016,3.881275240397701
JPN.28_1,JPN,Nara Prefecture,2017,3.757216214448916
JPN.28_1,JPN,Nara Prefecture,2018,3.633157188500131
JPN.28_1,JPN,Nara Prefecture,2019,3.5090981625513464
JPN.28_1,JPN,Nara Prefecture,2020,3.385039136602561
JPN.28_1,JPN,Nara Prefecture,2021,3.260980110653777
JPN.28_1,JPN,Nara Prefecture,2022,3.1369210847049915
JPN.28_1,JPN,Nara Prefecture,2023,3.0128620587562063
JPN.28_1,JPN,Nara Prefecture,2024,2.888803032807422
JPN.28_1,JPN,Nara Prefecture,2025,2.7647440068586366
JPN.28_1,JPN,Nara Prefecture,2026,2.671168055857267
JPN.28_1,JPN,Nara Prefecture,2027,2.577592104855898
JPN.28_1,JPN,Nara Prefecture,2028,2.484016153854529
JPN.28_1,JPN,Nara Prefecture,2029,2.3904402028531595
JPN.28_1,JPN,Nara Prefecture,2030,2.2968642518517903
JPN.28_1,JPN,Nara Prefecture,2031,2.1820210392592005
JPN.28_1,JPN,Nara Prefecture,2032,2.067177826666611
JPN.28_1,JPN,Nara Prefecture,2033,1.9523346140740216
JPN.28_1,JPN,Nara Prefecture,2034,1.837491401481432
JPN.28_1,JPN,Nara Prefecture,2035,1.7226481888888427
JPN.28_1,JPN,Nara Prefecture,2036,1.607804976296253
JPN.28_1,JPN,Nara Prefecture,2037,1.4929617637036636
JPN.28_1,JPN,Nara Prefecture,2038,1.378118551111074
JPN.28_1,JPN,Nara Prefecture,2039,1.2632753385184845
JPN.28_1,JPN,Nara Prefecture,2040,1.1484321259258952
JPN.28_1,JPN,Nara Prefecture,2041,1.0335889133333054
JPN.28_1,JPN,Nara Prefecture,2042,0.9187457007407162
JPN.28_1,JPN,Nara Prefecture,2043,0.8039024881481265
JPN.28_1,JPN,Nara Prefecture,2044,0.689059275555537
JPN.28_1,JPN,Nara Prefecture,2045,0.5742160629629474
JPN.28_1,JPN,Nara Prefecture,2046,0.45937285037035797
JPN.28_1,JPN,Nara Prefecture,2047,0.3445296377777685
JPN.28_1,JPN,Nara Prefecture,2048,0.22968642518517887
JPN.28_1,JPN,Nara Prefecture,2049,0.11484321259258967
JPN.28_1,JPN,Nara Prefecture,2050,0
JPN.29_1,JPN,Niigata Prefecture,2013,18.025471337333666
JPN.29_1,JPN,Niigata Prefecture,2014,17.60134259998464
JPN.29_1,JPN,Niigata Prefecture,2015,17.17721386263561
JPN.29_1,JPN,Niigata Prefecture,2016,16.753085125286585
JPN.29_1,JPN,Niigata Prefecture,2017,16.32895638793756
JPN.29_1,JPN,Niigata Prefecture,2018,15.904827650588532
JPN.29_1,JPN,Niigata Prefecture,2019,15.480698913239504
JPN.29_1,JPN,Niigata Prefecture,2020,15.056570175890476
JPN.29_1,JPN,Niigata Prefecture,2021,14.63244143854145
JPN.29_1,JPN,Niigata Prefecture,2022,14.20831270119242
JPN.29_1,JPN,Niigata Prefecture,2023,13.784183963843395
JPN.29_1,JPN,Niigata Prefecture,2024,13.360055226494365
JPN.29_1,JPN,Niigata Prefecture,2025,12.935926489145338
JPN.29_1,JPN,Niigata Prefecture,2026,12.511797751796312
JPN.29_1,JPN,Niigata Prefecture,2027,12.087669014447282
JPN.29_1,JPN,Niigata Prefecture,2028,11.663540277098257
JPN.29_1,JPN,Niigata Prefecture,2029,11.239411539749229
JPN.29_1,JPN,Niigata Prefecture,2030,10.815282802400201
JPN.29_1,JPN,Niigata Prefecture,2031,10.27451866228019
JPN.29_1,JPN,Niigata Prefecture,2032,9.733754522160181
JPN.29_1,JPN,Niigata Prefecture,2033,9.19299038204017
JPN.29_1,JPN,Niigata Prefecture,2034,8.652226241920163
JPN.29_1,JPN,Niigata Prefecture,2035,8.111462101800152
JPN.29_1,JPN,Niigata Prefecture,2036,7.570697961680141
JPN.29_1,JPN,Niigata Prefecture,2037,7.029933821560132
JPN.29_1,JPN,Niigata Prefecture,2038,6.489169681440121
JPN.29_1,JPN,Niigata Prefecture,2039,5.948405541320111
JPN.29_1,JPN,Niigata Prefecture,2040,5.407641401200101
JPN.29_1,JPN,Niigata Prefecture,2041,4.86687726108009
JPN.29_1,JPN,Niigata Prefecture,2042,4.326113120960081
JPN.29_1,JPN,Niigata Prefecture,2043,3.78534898084007
JPN.29_1,JPN,Niigata Prefecture,2044,3.2445848407200613
JPN.29_1,JPN,Niigata Prefecture,2045,2.7038207006000503
JPN.29_1,JPN,Niigata Prefecture,2046,2.1630565604800394
JPN.29_1,JPN,Niigata Prefecture,2047,1.6222924203600306
JPN.29_1,JPN,Niigata Prefecture,2048,1.0815282802400197
JPN.29_1,JPN,Niigata Prefecture,2049,0.5407641401200108
JPN.29_1,JPN,Niigata Prefecture,2050,0
JPN.2_1,JPN,Akita Prefecture,2013,10.912178388175134
JPN.2_1,JPN,Akita Prefecture,2014,10.539880537284452
JPN.2_1,JPN,Akita Prefecture,2015,10.167582686393771
JPN.2_1,JPN,Akita Prefecture,2016,9.79528483550309
JPN.2_1,JPN,Akita Prefecture,2017,9.42298698461241
JPN.2_1,JPN,Akita Prefecture,2018,9.050689133721727
JPN.2_1,JPN,Akita Prefecture,2019,8.678391282831047
JPN.2_1,JPN,Akita Prefecture,2020,8.306093431940367
JPN.2_1,JPN,Akita Prefecture,2021,7.9337955810496865
JPN.2_1,JPN,Akita Prefecture,2022,7.561497730159005
JPN.2_1,JPN,Akita Prefecture,2023,7.189199879268324
JPN.2_1,JPN,Akita Prefecture,2024,6.816902028377643
JPN.2_1,JPN,Akita Prefecture,2025,6.444604177486962
JPN.2_1,JPN,Akita Prefecture,2026,6.072306326596282
JPN.2_1,JPN,Akita Prefecture,2027,5.700008475705601
JPN.2_1,JPN,Akita Prefecture,2028,5.3277106248149195
JPN.2_1,JPN,Akita Prefecture,2029,4.955412773924238
JPN.2_1,JPN,Akita Prefecture,2030,4.583114923033557
JPN.30_1,JPN,Oita Prefecture,2013,24.73392957478354
JPN.30_1,JPN,Oita Prefecture,2014,24.156804551371923
JPN.30_1,JPN,Oita Prefecture,2015,23.57967952796031
JPN.30_1,JPN,Oita Prefecture,2016,23.00255450454869
JPN.30_1,JPN,Oita Prefecture,2017,22.42542948113708
JPN.30_1,JPN,Oita Prefecture,2018,21.84830445772546
JPN.30_1,JPN,Oita Prefecture,2019,21.271179434313844
JPN.30_1,JPN,Oita Prefecture,2020,20.69405441090223
JPN.30_1,JPN,Oita Prefecture,2021,20.116929387490615
JPN.30_1,JPN,Oita Prefecture,2022,19.539804364079
JPN.30_1,JPN,Oita Prefecture,2023,18.962679340667382
JPN.30_1,JPN,Oita Prefecture,2024,18.385554317255764
JPN.30_1,JPN,Oita Prefecture,2025,17.80842929384415
JPN.30_1,JPN,Oita Prefecture,2026,17.46215427979718
JPN.30_1,JPN,Oita Prefecture,2027,17.11587926575021
JPN.30_1,JPN,Oita Prefecture,2028,16.76960425170324
JPN.30_1,JPN,Oita Prefecture,2029,16.423329237656272
JPN.30_1,JPN,Oita Prefecture,2030,16.077054223609302
JPN.30_1,JPN,Oita Prefecture,2031,15.273201512428837
JPN.30_1,JPN,Oita Prefecture,2032,14.46934880124837
JPN.30_1,JPN,Oita Prefecture,2033,13.665496090067906
JPN.30_1,JPN,Oita Prefecture,2034,12.861643378887441
JPN.30_1,JPN,Oita Prefecture,2035,12.057790667706978
JPN.30_1,JPN,Oita Prefecture,2036,11.25393795652651
JPN.30_1,JPN,Oita Prefecture,2037,10.450085245346047
JPN.30_1,JPN,Oita Prefecture,2038,9.64623253416558
JPN.30_1,JPN,Oita Prefecture,2039,8.842379822985116
JPN.30_1,JPN,Oita Prefecture,2040,8.038527111804651
JPN.30_1,JPN,Oita Prefecture,2041,7.234674400624185
JPN.30_1,JPN,Oita Prefecture,2042,6.430821689443721
JPN.30_1,JPN,Oita Prefecture,2043,5.626968978263255
JPN.30_1,JPN,Oita Prefecture,2044,4.823116267082792
JPN.30_1,JPN,Oita Prefecture,2045,4.019263555902325
JPN.30_1,JPN,Oita Prefecture,2046,3.2154108447218595
JPN.30_1,JPN,Oita Prefecture,2047,2.411558133541396
JPN.30_1,JPN,Oita Prefecture,2048,1.6077054223609306
JPN.30_1,JPN,Oita Prefecture,2049,0.8038527111804653
JPN.30_1,JPN,Oita Prefecture,2050,0
JPN.31_1,JPN,Okayama Prefecture,2013,37.851771137166345
JPN.31_1,JPN,Okayama Prefecture,2014,37.45098767806693
JPN.31_1,JPN,Okayama Prefecture,2015,37.05020421896753
JPN.31_1,JPN,Okayama Prefecture,2016,36.649420759868114
JPN.31_1,JPN,Okayama Prefecture,2017,36.24863730076871
JPN.31_1,JPN,Okayama Prefecture,2018,35.8478538416693
JPN.31_1,JPN,Okayama Prefecture,2019,35.4470703825699
JPN.31_1,JPN,Okayama Prefecture,2020,35.04628692347048
JPN.31_1,JPN,Okayama Prefecture,2021,34.645503464371075
JPN.31_1,JPN,Okayama Prefecture,2022,34.24472000527167
JPN.31_1,JPN,Okayama Prefecture,2023,33.84393654617226
JPN.31_1,JPN,Okayama Prefecture,2024,33.44315308707285
JPN.31_1,JPN,Okayama Prefecture,2025,33.04236962797344
JPN.31_1,JPN,Okayama Prefecture,2026,32.641586168874035
JPN.31_1,JPN,Okayama Prefecture,2027,32.24080270977463
JPN.31_1,JPN,Okayama Prefecture,2028,31.840019250675216
JPN.31_1,JPN,Okayama Prefecture,2029,31.439235791575808
JPN.31_1,JPN,Okayama Prefecture,2030,31.0384523324764
JPN.31_1,JPN,Okayama Prefecture,2031,29.48652971585258
JPN.31_1,JPN,Okayama Prefecture,2032,27.93460709922876
JPN.31_1,JPN,Okayama Prefecture,2033,26.38268448260494
JPN.31_1,JPN,Okayama Prefecture,2034,24.83076186598112
JPN.31_1,JPN,Okayama Prefecture,2035,23.278839249357297
JPN.31_1,JPN,Okayama Prefecture,2036,21.72691663273348
JPN.31_1,JPN,Okayama Prefecture,2037,20.17499401610966
JPN.31_1,JPN,Okayama Prefecture,2038,18.62307139948584
JPN.31_1,JPN,Okayama Prefecture,2039,17.071148782862018
JPN.31_1,JPN,Okayama Prefecture,2040,15.5192261662382
JPN.31_1,JPN,Okayama Prefecture,2041,13.967303549614376
JPN.31_1,JPN,Okayama Prefecture,2042,12.415380932990562
JPN.31_1,JPN,Okayama Prefecture,2043,10.86345831636674
JPN.31_1,JPN,Okayama Prefecture,2044,9.31153569974292
JPN.31_1,JPN,Okayama Prefecture,2045,7.759613083119102
JPN.31_1,JPN,Okayama Prefecture,2046,6.207690466495279
JPN.31_1,JPN,Okayama Prefecture,2047,4.65576784987146
JPN.31_1,JPN,Okayama Prefecture,2048,3.103845233247638
JPN.31_1,JPN,Okayama Prefecture,2049,1.5519226166238227
JPN.31_1,JPN,Okayama Prefecture,2050,0
JPN.32_1,JPN,Okinawa Prefecture,2013,5.976784281982739
JPN.32_1,JPN,Okinawa Prefecture,2014,5.625208735983754
JPN.32_1,JPN,Okinawa Prefecture,2015,5.2736331899847695
JPN.32_1,JPN,Okinawa Prefecture,2016,4.922057643985784
JPN.32_1,JPN,Okinawa Prefecture,2017,4.5704820979868
JPN.32_1,JPN,Okinawa Prefecture,2018,4.218906551987816
JPN.32_1,JPN,Okinawa Prefecture,2019,3.867331005988831
JPN.32_1,JPN,Okinawa Prefecture,2020,3.515755459989846
JPN.32_1,JPN,Okinawa Prefecture,2021,3.1641799139908615
JPN.32_1,JPN,Okinawa Prefecture,2022,2.812604367991877
JPN.32_1,JPN,Okinawa Prefecture,2023,2.461028821992892
JPN.32_1,JPN,Okinawa Prefecture,2024,2.1094532759939075
JPN.32_1,JPN,Okinawa Prefecture,2025,1.7578777299949229
JPN.32_1,JPN,Okinawa Prefecture,2026,1.4063021839959389
JPN.32_1,JPN,Okinawa Prefecture,2027,1.054726637996954
JPN.32_1,JPN,Okinawa Prefecture,2028,0.703151091997969
JPN.32_1,JPN,Okinawa Prefecture,2029,0.35157554599898494
JPN.32_1,JPN,Okinawa Prefecture,2030,0
JPN.33_1,JPN,Osaka Prefecture,2013,43.81538065001001
JPN.33_1,JPN,Osaka Prefecture,2014,42.65556175045092
JPN.33_1,JPN,Osaka Prefecture,2015,41.49574285089184
JPN.33_1,JPN,Osaka Prefecture,2016,40.335923951332745
JPN.33_1,JPN,Osaka Prefecture,2017,39.17610505177366
JPN.33_1,JPN,Osaka Prefecture,2018,38.01628615221457
JPN.33_1,JPN,Osaka Prefecture,2019,36.856467252655484
JPN.33_1,JPN,Osaka Prefecture,2020,35.69664835309639
JPN.33_1,JPN,Osaka Prefecture,2021,34.5368294535373
JPN.33_1,JPN,Osaka Prefecture,2022,33.37701055397822
JPN.33_1,JPN,Osaka Prefecture,2023,32.217191654419125
JPN.33_1,JPN,Osaka Prefecture,2024,31.057372754860037
JPN.33_1,JPN,Osaka Prefecture,2025,29.89755385530095
JPN.33_1,JPN,Osaka Prefecture,2026,28.73773495574186
JPN.33_1,JPN,Osaka Prefecture,2027,27.577916056182772
JPN.33_1,JPN,Osaka Prefecture,2028,26.418097156623684
JPN.33_1,JPN,Osaka Prefecture,2029,25.258278257064596
JPN.33_1,JPN,Osaka Prefecture,2030,24.098459357505508
JPN.33_1,JPN,Osaka Prefecture,2031,22.89353638963023
JPN.33_1,JPN,Osaka Prefecture,2032,21.688613421754955
JPN.33_1,JPN,Osaka Prefecture,2033,20.48369045387968
JPN.33_1,JPN,Osaka Prefecture,2034,19.278767486004405
JPN.33_1,JPN,Osaka Prefecture,2035,18.073844518129132
JPN.33_1,JPN,Osaka Prefecture,2036,16.868921550253855
JPN.33_1,JPN,Osaka Prefecture,2037,15.66399858237858
JPN.33_1,JPN,Osaka Prefecture,2038,14.459075614503304
JPN.33_1,JPN,Osaka Prefecture,2039,13.254152646628029
JPN.33_1,JPN,Osaka Prefecture,2040,12.049229678752754
JPN.33_1,JPN,Osaka Prefecture,2041,10.844306710877477
JPN.33_1,JPN,Osaka Prefecture,2042,9.639383743002204
JPN.33_1,JPN,Osaka Prefecture,2043,8.434460775126926
JPN.33_1,JPN,Osaka Prefecture,2044,7.2295378072516545
JPN.33_1,JPN,Osaka Prefecture,2045,6.024614839376375
JPN.33_1,JPN,Osaka Prefecture,2046,4.8196918715010995
JPN.33_1,JPN,Osaka Prefecture,2047,3.6147689036258273
JPN.33_1,JPN,Osaka Prefecture,2048,2.4098459357505515
JPN.33_1,JPN,Osaka Prefecture,2049,1.2049229678752758
JPN.33_1,JPN,Osaka Prefecture,2050,0
JPN.34_1,JPN,Saga Prefecture,2013,4.274044941293739
JPN.34_1,JPN,Saga Prefecture,2014,4.2061630510496615
JPN.34_1,JPN,Saga Prefecture,2015,4.138281160805585
JPN.34_1,JPN,Saga Prefecture,2016,4.0703992705615075
JPN.34_1,JPN,Saga Prefecture,2017,4.002517380317431
JPN.34_1,JPN,Saga Prefecture,2018,3.9346354900733536
JPN.34_1,JPN,Saga Prefecture,2019,3.8667535998292766
JPN.34_1,JPN,Saga Prefecture,2020,3.7988717095851996
JPN.34_1,JPN,Saga Prefecture,2021,3.7309898193411226
JPN.34_1,JPN,Saga Prefecture,2022,3.6631079290970456
JPN.34_1,JPN,Saga Prefecture,2023,3.5952260388529687
JPN.34_1,JPN,Saga Prefecture,2024,3.5273441486088912
JPN.34_1,JPN,Saga Prefecture,2025,3.4594622583648142
JPN.34_1,JPN,Saga Prefecture,2026,3.3915803681207373
JPN.34_1,JPN,Saga Prefecture,2027,3.3236984778766603
JPN.34_1,JPN,Saga Prefecture,2028,3.2558165876325833
JPN.34_1,JPN,Saga Prefecture,2029,3.1879346973885063
JPN.34_1,JPN,Saga Prefecture,2030,3.1200528071444293
JPN.34_1,JPN,Saga Prefecture,2031,2.964050166787208
JPN.34_1,JPN,Saga Prefecture,2032,2.8080475264299865
JPN.34_1,JPN,Saga Prefecture,2033,2.652044886072765
JPN.34_1,JPN,Saga Prefecture,2034,2.4960422457155436
JPN.34_1,JPN,Saga Prefecture,2035,2.340039605358322
JPN.34_1,JPN,Saga Prefecture,2036,2.1840369650011007
JPN.34_1,JPN,Saga Prefecture,2037,2.0280343246438792
JPN.34_1,JPN,Saga Prefecture,2038,1.8720316842866578
JPN.34_1,JPN,Saga Prefecture,2039,1.7160290439294363
JPN.34_1,JPN,Saga Prefecture,2040,1.5600264035722147
JPN.34_1,JPN,Saga Prefecture,2041,1.404023763214993
JPN.34_1,JPN,Saga Prefecture,2042,1.2480211228577718
JPN.34_1,JPN,Saga Prefecture,2043,1.0920184825005503
JPN.34_1,JPN,Saga Prefecture,2044,0.9360158421433289
JPN.34_1,JPN,Saga Prefecture,2045,0.7800132017861073
JPN.34_1,JPN,Saga Prefecture,2046,0.6240105614288859
JPN.34_1,JPN,Saga Prefecture,2047,0.46800792107166445
JPN.34_1,JPN,Saga Prefecture,2048,0.31200528071444295
JPN.34_1,JPN,Saga Prefecture,2049,0.15600264035722147
JPN.34_1,JPN,Saga Prefecture,2050,0
JPN.35_1,JPN,Saitama Prefecture,2013,20.212531893868544
JPN.35_1,JPN,Saitama Prefecture,2014,19.665604560269745
JPN.35_1,JPN,Saitama Prefecture,2015,19.11867722667095
JPN.35_1,JPN,Saitama Prefecture,2016,18.571749893072155
JPN.35_1,JPN,Saitama Prefecture,2017,18.024822559473357
JPN.35_1,JPN,Saitama Prefecture,2018,17.477895225874562
JPN.35_1,JPN,Saitama Prefecture,2019,16.930967892275767
JPN.35_1,JPN,Saitama Prefecture,2020,16.384040558676972
JPN.35_1,JPN,Saitama Prefecture,2021,15.837113225078177
JPN.35_1,JPN,Saitama Prefecture,2022,15.29018589147938
JPN.35_1,JPN,Saitama Prefecture,2023,14.743258557880583
JPN.35_1,JPN,Saitama Prefecture,2024,14.196331224281789
JPN.35_1,JPN,Saitama Prefecture,2025,13.649403890682992
JPN.35_1,JPN,Saitama Prefecture,2026,13.102476557084195
JPN.35_1,JPN,Saitama Prefecture,2027,12.555549223485398
JPN.35_1,JPN,Saitama Prefecture,2028,12.008621889886605
JPN.35_1,JPN,Saitama Prefecture,2029,11.461694556287808
JPN.35_1,JPN,Saitama Prefecture,2030,10.914767222689012
JPN.36_1,JPN,Shiga Prefecture,2013,7.575732356955786
JPN.36_1,JPN,Shiga Prefecture,2014,7.352916699398263
JPN.36_1,JPN,Shiga Prefecture,2015,7.13010104184074
JPN.36_1,JPN,Shiga Prefecture,2016,6.907285384283217
JPN.36_1,JPN,Shiga Prefecture,2017,6.684469726725694
JPN.36_1,JPN,Shiga Prefecture,2018,6.461654069168171
JPN.36_1,JPN,Shiga Prefecture,2019,6.238838411610647
JPN.36_1,JPN,Shiga Prefecture,2020,6.016022754053124
JPN.36_1,JPN,Shiga Prefecture,2021,5.7932070964956015
JPN.36_1,JPN,Shiga Prefecture,2022,5.570391438938078
JPN.36_1,JPN,Shiga Prefecture,2023,5.347575781380555
JPN.36_1,JPN,Shiga Prefecture,2024,5.124760123823032
JPN.36_1,JPN,Shiga Prefecture,2025,4.901944466265509
JPN.36_1,JPN,Shiga Prefecture,2026,4.679128808707986
JPN.36_1,JPN,Shiga Prefecture,2027,4.4563131511504634
JPN.36_1,JPN,Shiga Prefecture,2028,4.23349749359294
JPN.36_1,JPN,Shiga Prefecture,2029,4.010681836035417
JPN.36_1,JPN,Shiga Prefecture,2030,3.787866178477893
JPN.36_1,JPN,Shiga Prefecture,2031,3.5984728695539987
JPN.36_1,JPN,Shiga Prefecture,2032,3.4090795606301034
JPN.36_1,JPN,Shiga Prefecture,2033,3.219686251706209
JPN.36_1,JPN,Shiga Prefecture,2034,3.0302929427823146
JPN.36_1,JPN,Shiga Prefecture,2035,2.84089963385842
JPN.36_1,JPN,Shiga Prefecture,2036,2.6515063249345254
JPN.36_1,JPN,Shiga Prefecture,2037,2.462113016010631
JPN.36_1,JPN,Shiga Prefecture,2038,2.2727197070867358
JPN.36_1,JPN,Shiga Prefecture,2039,2.083326398162841
JPN.36_1,JPN,Shiga Prefecture,2040,1.8939330892389465
JPN.36_1,JPN,Shiga Prefecture,2041,1.7045397803150517
JPN.36_1,JPN,Shiga Prefecture,2042,1.5151464713911573
JPN.36_1,JPN,Shiga Prefecture,2043,1.3257531624672627
JPN.36_1,JPN,Shiga Prefecture,2044,1.136359853543368
JPN.36_1,JPN,Shiga Prefecture,2045,0.9469665446194732
JPN.36_1,JPN,Shiga Prefecture,2046,0.7575732356955787
JPN.36_1,JPN,Shiga Prefecture,2047,0.568179926771684
JPN.36_1,JPN,Shiga Prefecture,2048,0.37878661784778905
JPN.36_1,JPN,Shiga Prefecture,2049,0.189393308923895
JPN.36_1,JPN,Shiga Prefecture,2050,0
JPN.37_1,JPN,Shimane Prefecture,2013,9.020846786631818
JPN.37_1,JPN,Shimane Prefecture,2014,8.904106416451876
JPN.37_1,JPN,Shimane Prefecture,2015,8.787366046271938
JPN.37_1,JPN,Shimane Prefecture,2016,8.670625676091996
JPN.37_1,JPN,Shimane Prefecture,2017,8.553885305912056
JPN.37_1,JPN,Shimane Prefecture,2018,8.437144935732114
JPN.37_1,JPN,Shimane Prefecture,2019,8.320404565552172
JPN.37_1,JPN,Shimane Prefecture,2020,8.20366419537223
JPN.37_1,JPN,Shimane Prefecture,2021,8.08692382519229
JPN.37_1,JPN,Shimane Prefecture,2022,7.970183455012348
JPN.37_1,JPN,Shimane Prefecture,2023,7.853443084832407
JPN.37_1,JPN,Shimane Prefecture,2024,7.736702714652465
JPN.37_1,JPN,Shimane Prefecture,2025,7.619962344472524
JPN.37_1,JPN,Shimane Prefecture,2026,7.503221974292583
JPN.37_1,JPN,Shimane Prefecture,2027,7.386481604112642
JPN.37_1,JPN,Shimane Prefecture,2028,7.269741233932701
JPN.37_1,JPN,Shimane Prefecture,2029,7.15300086375276
JPN.37_1,JPN,Shimane Prefecture,2030,7.0362604935728195
JPN.37_1,JPN,Shimane Prefecture,2031,6.684447468894178
JPN.37_1,JPN,Shimane Prefecture,2032,6.332634444215537
JPN.37_1,JPN,Shimane Prefecture,2033,5.980821419536896
JPN.37_1,JPN,Shimane Prefecture,2034,5.629008394858255
JPN.37_1,JPN,Shimane Prefecture,2035,5.277195370179614
JPN.37_1,JPN,Shimane Prefecture,2036,4.925382345500974
JPN.37_1,JPN,Shimane Prefecture,2037,4.573569320822332
JPN.37_1,JPN,Shimane Prefecture,2038,4.221756296143691
JPN.37_1,JPN,Shimane Prefecture,2039,3.8699432714650506
JPN.37_1,JPN,Shimane Prefecture,2040,3.5181302467864097
JPN.37_1,JPN,Shimane Prefecture,2041,3.166317222107768
JPN.37_1,JPN,Shimane Prefecture,2042,2.814504197429128
JPN.37_1,JPN,Shimane Prefecture,2043,2.462691172750486
JPN.37_1,JPN,Shimane Prefecture,2044,2.110878148071846
JPN.37_1,JPN,Shimane Prefecture,2045,1.759065123393205
JPN.37_1,JPN,Shimane Prefecture,2046,1.4072520987145631
JPN.37_1,JPN,Shimane Prefecture,2047,1.055439074035923
JPN.37_1,JPN,Shimane Prefecture,2048,0.703626049357282
JPN.37_1,JPN,Shimane Prefecture,2049,0.351813024678641
JPN.37_1,JPN,Shimane Prefecture,2050,0
JPN.38_1,JPN,Shizuoka Prefecture,2013,14.424049050602935
JPN.38_1,JPN,Shizuoka Prefecture,2014,14.025266518027442
JPN.38_1,JPN,Shizuoka Prefecture,2015,13.62648398545195
JPN.38_1,JPN,Shizuoka Prefecture,2016,13.227701452876456
JPN.38_1,JPN,Shizuoka Prefecture,2017,12.828918920300964
JPN.38_1,JPN,Shizuoka Prefecture,2018,12.43013638772547
JPN.38_1,JPN,Shizuoka Prefecture,2019,12.031353855149977
JPN.38_1,JPN,Shizuoka Prefecture,2020,11.632571322574485
JPN.38_1,JPN,Shizuoka Prefecture,2021,11.233788789998991
JPN.38_1,JPN,Shizuoka Prefecture,2022,10.8350062574235
JPN.38_1,JPN,Shizuoka Prefecture,2023,10.436223724848006
JPN.38_1,JPN,Shizuoka Prefecture,2024,10.037441192272514
JPN.38_1,JPN,Shizuoka Prefecture,2025,9.63865865969702
JPN.38_1,JPN,Shizuoka Prefecture,2026,9.239876127121526
JPN.38_1,JPN,Shizuoka Prefecture,2027,8.841093594546034
JPN.38_1,JPN,Shizuoka Prefecture,2028,8.442311061970543
JPN.38_1,JPN,Shizuoka Prefecture,2029,8.043528529395049
JPN.38_1,JPN,Shizuoka Prefecture,2030,7.644745996819556
JPN.38_1,JPN,Shizuoka Prefecture,2031,7.262508696978578
JPN.38_1,JPN,Shizuoka Prefecture,2032,6.8802713971376
JPN.38_1,JPN,Shizuoka Prefecture,2033,6.498034097296623
JPN.38_1,JPN,Shizuoka Prefecture,2034,6.115796797455644
JPN.38_1,JPN,Shizuoka Prefecture,2035,5.733559497614666
JPN.38_1,JPN,Shizuoka Prefecture,2036,5.35132219777369
JPN.38_1,JPN,Shizuoka Prefecture,2037,4.969084897932712
JPN.38_1,JPN,Shizuoka Prefecture,2038,4.586847598091733
JPN.38_1,JPN,Shizuoka Prefecture,2039,4.204610298250755
JPN.38_1,JPN,Shizuoka Prefecture,2040,3.822372998409778
JPN.38_1,JPN,Shizuoka Prefecture,2041,3.4401356985687994
JPN.38_1,JPN,Shizuoka Prefecture,2042,3.057898398727822
JPN.38_1,JPN,Shizuoka Prefecture,2043,2.675661098886845
JPN.38_1,JPN,Shizuoka Prefecture,2044,2.2934237990458675
JPN.38_1,JPN,Shizuoka Prefecture,2045,1.911186499204889
JPN.38_1,JPN,Shizuoka Prefecture,2046,1.5289491993639106
JPN.38_1,JPN,Shizuoka Prefecture,2047,1.1467118995229333
JPN.38_1,JPN,Shizuoka Prefecture,2048,0.7644745996819557
JPN.38_1,JPN,Shizuoka Prefecture,2049,0.3822372998409784
JPN.38_1,JPN,Shizuoka Prefecture,2050,0
JPN.39_1,JPN,Tochigi Prefecture,2013,15.3502263362825
JPN.39_1,JPN,Tochigi Prefecture,2014,15.081597375397555
JPN.39_1,JPN,Tochigi Prefecture,2015,14.812968414512612
JPN.39_1,JPN,Tochigi Prefecture,2016,14.544339453627668
JPN.39_1,JPN,Tochigi Prefecture,2017,14.275710492742725
JPN.39_1,JPN,Tochigi Prefecture,2018,14.00708153185778
JPN.39_1,JPN,Tochigi Prefecture,2019,13.738452570972838
JPN.39_1,JPN,Tochigi Prefecture,2020,13.469823610087891
JPN.39_1,JPN,Tochigi Prefecture,2021,13.20119464920295
JPN.39_1,JPN,Tochigi Prefecture,2022,12.932565688318006
JPN.39_1,JPN,Tochigi Prefecture,2023,12.663936727433061
JPN.39_1,JPN,Tochigi Prefecture,2024,12.395307766548118
JPN.39_1,JPN,Tochigi Prefecture,2025,12.126678805663174
JPN.39_1,JPN,Tochigi Prefecture,2026,11.973176542300349
JPN.39_1,JPN,Tochigi Prefecture,2027,11.819674278937525
JPN.39_1,JPN,Tochigi Prefecture,2028,11.666172015574698
JPN.39_1,JPN,Tochigi Prefecture,2029,11.512669752211874
JPN.39_1,JPN,Tochigi Prefecture,2030,11.35916748884905
JPN.39_1,JPN,Tochigi Prefecture,2031,10.791209114406596
JPN.39_1,JPN,Tochigi Prefecture,2032,10.223250739964143
JPN.39_1,JPN,Tochigi Prefecture,2033,9.655292365521692
JPN.39_1,JPN,Tochigi Prefecture,2034,9.08733399107924
JPN.39_1,JPN,Tochigi Prefecture,2035,8.519375616636786
JPN.39_1,JPN,Tochigi Prefecture,2036,7.951417242194334
JPN.39_1,JPN,Tochigi Prefecture,2037,7.383458867751882
JPN.39_1,JPN,Tochigi Prefecture,2038,6.81550049330943
JPN.39_1,JPN,Tochigi Prefecture,2039,6.247542118866977
JPN.39_1,JPN,Tochigi Prefecture,2040,5.679583744424525
JPN.39_1,JPN,Tochigi Prefecture,2041,5.111625369982072
JPN.39_1,JPN,Tochigi Prefecture,2042,4.54366699553962
JPN.39_1,JPN,Tochigi Prefecture,2043,3.975708621097167
JPN.39_1,JPN,Tochigi Prefecture,2044,3.4077502466547154
JPN.39_1,JPN,Tochigi Prefecture,2045,2.839791872212263
JPN.39_1,JPN,Tochigi Prefecture,2046,2.2718334977698103
JPN.39_1,JPN,Tochigi Prefecture,2047,1.7038751233273577
JPN.39_1,JPN,Tochigi Prefecture,2048,1.1359167488849051
JPN.39_1,JPN,Tochigi Prefecture,2049,0.5679583744424526
JPN.39_1,JPN,Tochigi Prefecture,2050,0
JPN.3_1,JPN,Aomori Prefecture,2013,9.589976628495428
JPN.3_1,JPN,Aomori Prefecture,2014,9.415100584093453
JPN.3_1,JPN,Aomori Prefecture,2015,9.240224539691479
JPN.3_1,JPN,Aomori Prefecture,2016,9.065348495289502
JPN.3_1,JPN,Aomori Prefecture,2017,8.890472450887527
JPN.3_1,JPN,Aomori Prefecture,2018,8.715596406485552
JPN.3_1,JPN,Aomori Prefecture,2019,8.540720362083576
JPN.3_1,JPN,Aomori Prefecture,2020,8.365844317681601
JPN.3_1,JPN,Aomori Prefecture,2021,8.190968273279625
JPN.3_1,JPN,Aomori Prefecture,2022,8.01609222887765
JPN.3_1,JPN,Aomori Prefecture,2023,7.841216184475674
JPN.3_1,JPN,Aomori Prefecture,2024,7.666340140073698
JPN.3_1,JPN,Aomori Prefecture,2025,7.491464095671723
JPN.3_1,JPN,Aomori Prefecture,2026,7.316588051269747
JPN.3_1,JPN,Aomori Prefecture,2027,7.141712006867772
JPN.3_1,JPN,Aomori Prefecture,2028,6.9668359624657965
JPN.3_1,JPN,Aomori Prefecture,2029,6.791959918063822
JPN.3_1,JPN,Aomori Prefecture,2030,6.617083873661846
JPN.3_1,JPN,Aomori Prefecture,2031,6.286229679978754
JPN.3_1,JPN,Aomori Prefecture,2032,5.955375486295661
JPN.3_1,JPN,Aomori Prefecture,2033,5.624521292612569
JPN.3_1,JPN,Aomori Prefecture,2034,5.293667098929477
JPN.3_1,JPN,Aomori Prefecture,2035,4.962812905246384
JPN.3_1,JPN,Aomori Prefecture,2036,4.631958711563292
JPN.3_1,JPN,Aomori Prefecture,2037,4.3011045178802
JPN.3_1,JPN,Aomori Prefecture,2038,3.9702503241971074
JPN.3_1,JPN,Aomori Prefecture,2039,3.639396130514015
JPN.3_1,JPN,Aomori Prefecture,2040,3.308541936830923
JPN.3_1,JPN,Aomori Prefecture,2041,2.9776877431478304
JPN.3_1,JPN,Aomori Prefecture,2042,2.6468335494647386
JPN.3_1,JPN,Aomori Prefecture,2043,2.3159793557816455
JPN.3_1,JPN,Aomori Prefecture,2044,1.985125162098554
JPN.3_1,JPN,Aomori Prefecture,2045,1.6542709684154615
JPN.3_1,JPN,Aomori Prefecture,2046,1.323416774732369
JPN.3_1,JPN,Aomori Prefecture,2047,0.9925625810492774
JPN.3_1,JPN,Aomori Prefecture,2048,0.661708387366184
JPN.3_1,JPN,Aomori Prefecture,2049,0.3308541936830925
JPN.3_1,JPN,Aomori Prefecture,2050,0
JPN.40_1,JPN,Tokushima Prefecture,2013,16.27152136012916
JPN.40_1,JPN,Tokushima Prefecture,2014,15.620660505723993
JPN.40_1,JPN,Tokushima Prefecture,2015,14.969799651318828
JPN.40_1,JPN,Tokushima Prefecture,2016,14.318938796913661
JPN.40_1,JPN,Tokushima Prefecture,2017,13.668077942508495
JPN.40_1,JPN,Tokushima Prefecture,2018,13.017217088103328
JPN.40_1,JPN,Tokushima Prefecture,2019,12.366356233698163
JPN.40_1,JPN,Tokushima Prefecture,2020,11.715495379292996
JPN.40_1,JPN,Tokushima Prefecture,2021,11.06463452488783
JPN.40_1,JPN,Tokushima Prefecture,2022,10.413773670482664
JPN.40_1,JPN,Tokushima Prefecture,2023,9.762912816077497
JPN.40_1,JPN,Tokushima Prefecture,2024,9.530462510932795
JPN.40_1,JPN,Tokushima Prefecture,2025,9.298012205788092
JPN.40_1,JPN,Tokushima Prefecture,2026,9.06556190064339
JPN.40_1,JPN,Tokushima Prefecture,2027,8.833111595498687
JPN.40_1,JPN,Tokushima Prefecture,2028,8.600661290353985
JPN.40_1,JPN,Tokushima Prefecture,2029,8.368210985209283
JPN.40_1,JPN,Tokushima Prefecture,2030,8.13576068006458
JPN.40_1,JPN,Tokushima Prefecture,2031,7.728972646061352
JPN.40_1,JPN,Tokushima Prefecture,2032,7.322184612058122
JPN.40_1,JPN,Tokushima Prefecture,2033,6.915396578054894
JPN.40_1,JPN,Tokushima Prefecture,2034,6.508608544051664
JPN.40_1,JPN,Tokushima Prefecture,2035,6.1018205100484355
JPN.40_1,JPN,Tokushima Prefecture,2036,5.695032476045206
JPN.40_1,JPN,Tokushima Prefecture,2037,5.288244442041977
JPN.40_1,JPN,Tokushima Prefecture,2038,4.881456408038749
JPN.40_1,JPN,Tokushima Prefecture,2039,4.474668374035518
JPN.40_1,JPN,Tokushima Prefecture,2040,4.06788034003229
JPN.40_1,JPN,Tokushima Prefecture,2041,3.6610923060290608
JPN.40_1,JPN,Tokushima Prefecture,2042,3.254304272025832
JPN.40_1,JPN,Tokushima Prefecture,2043,2.847516238022603
JPN.40_1,JPN,Tokushima Prefecture,2044,2.4407282040193743
JPN.40_1,JPN,Tokushima Prefecture,2045,2.0339401700161455
JPN.40_1,JPN,Tokushima Prefecture,2046,1.6271521360129155
JPN.40_1,JPN,Tokushima Prefecture,2047,1.2203641020096876
JPN.40_1,JPN,Tokushima Prefecture,2048,0.8135760680064578
JPN.40_1,JPN,Tokushima Prefecture,2049,0.4067880340032298
JPN.40_1,JPN,Tokushima Prefecture,2050,0
JPN.41_1,JPN,Tokyo Prefecture,2000,33.76336359789464
JPN.41_1,JPN,Tokyo Prefecture,2001,33.42572996191569
JPN.41_1,JPN,Tokyo Prefecture,2002,33.088096325936746
JPN.41_1,JPN,Tokyo Prefecture,2003,32.7504626899578
JPN.41_1,JPN,Tokyo Prefecture,2004,32.412829053978854
JPN.41_1,JPN,Tokyo Prefecture,2005,32.07519541799991
JPN.41_1,JPN,Tokyo Prefecture,2006,31.73756178202096
JPN.41_1,JPN,Tokyo Prefecture,2007,31.399928146042015
JPN.41_1,JPN,Tokyo Prefecture,2008,31.06229451006307
JPN.41_1,JPN,Tokyo Prefecture,2009,30.724660874084122
JPN.41_1,JPN,Tokyo Prefecture,2010,30.387027238105173
JPN.41_1,JPN,Tokyo Prefecture,2011,30.04939360212623
JPN.41_1,JPN,Tokyo Prefecture,2012,29.71175996614728
JPN.41_1,JPN,Tokyo Prefecture,2013,29.374126330168338
JPN.41_1,JPN,Tokyo Prefecture,2014,29.03649269418939
JPN.41_1,JPN,Tokyo Prefecture,2015,28.698859058210445
JPN.41_1,JPN,Tokyo Prefecture,2016,28.361225422231495
JPN.41_1,JPN,Tokyo Prefecture,2017,28.023591786252553
JPN.41_1,JPN,Tokyo Prefecture,2018,27.685958150273606
JPN.41_1,JPN,Tokyo Prefecture,2019,27.348324514294656
JPN.41_1,JPN,Tokyo Prefecture,2020,27.010690878315714
JPN.41_1,JPN,Tokyo Prefecture,2021,26.673057242336764
JPN.41_1,JPN,Tokyo Prefecture,2022,26.33542360635782
JPN.41_1,JPN,Tokyo Prefecture,2023,25.99778997037887
JPN.41_1,JPN,Tokyo Prefecture,2024,25.66015633439993
JPN.41_1,JPN,Tokyo Prefecture,2025,25.32252269842098
JPN.41_1,JPN,Tokyo Prefecture,2026,24.984889062442033
JPN.41_1,JPN,Tokyo Prefecture,2027,24.64725542646309
JPN.41_1,JPN,Tokyo Prefecture,2028,24.30962179048414
JPN.41_1,JPN,Tokyo Prefecture,2029,23.971988154505194
JPN.41_1,JPN,Tokyo Prefecture,2030,23.634354518526248
JPN.41_1,JPN,Tokyo Prefecture,2031,22.452636792599936
JPN.41_1,JPN,Tokyo Prefecture,2032,21.270919066673624
JPN.41_1,JPN,Tokyo Prefecture,2033,20.089201340747312
JPN.41_1,JPN,Tokyo Prefecture,2034,18.907483614820997
JPN.41_1,JPN,Tokyo Prefecture,2035,17.725765888894685
JPN.41_1,JPN,Tokyo Prefecture,2036,16.544048162968373
JPN.41_1,JPN,Tokyo Prefecture,2037,15.362330437042061
JPN.41_1,JPN,Tokyo Prefecture,2038,14.18061271111575
JPN.41_1,JPN,Tokyo Prefecture,2039,12.998894985189436
JPN.41_1,JPN,Tokyo Prefecture,2040,11.817177259263124
JPN.41_1,JPN,Tokyo Prefecture,2041,10.63545953333681
JPN.41_1,JPN,Tokyo Prefecture,2042,9.453741807410498
JPN.41_1,JPN,Tokyo Prefecture,2043,8.272024081484187
JPN.41_1,JPN,Tokyo Prefecture,2044,7.090306355557876
JPN.41_1,JPN,Tokyo Prefecture,2045,5.908588629631564
JPN.41_1,JPN,Tokyo Prefecture,2046,4.72687090370525
JPN.41_1,JPN,Tokyo Prefecture,2047,3.545153177778937
JPN.41_1,JPN,Tokyo Prefecture,2048,2.3634354518526233
JPN.41_1,JPN,Tokyo Prefecture,2049,1.1817177259263136
JPN.41_1,JPN,Tokyo Prefecture,2050,0
JPN.42_1,JPN,Tottori Prefecture,2013,3.1115510478225943
JPN.42_1,JPN,Tottori Prefecture,2014,3.0017315990759146
JPN.42_1,JPN,Tottori Prefecture,2015,2.8919121503292344
JPN.42_1,JPN,Tottori Prefecture,2016,2.7820927015825547
JPN.42_1,JPN,Tottori Prefecture,2017,2.672273252835875
JPN.42_1,JPN,Tottori Prefecture,2018,2.562453804089195
JPN.42_1,JPN,Tottori Prefecture,2019,2.452634355342515
JPN.42_1,JPN,Tottori Prefecture,2020,2.3428149065958355
JPN.42_1,JPN,Tottori Prefecture,2021,2.232995457849156
JPN.42_1,JPN,Tottori Prefecture,2022,2.1231760091024756
JPN.42_1,JPN,Tottori Prefecture,2023,2.0133565603557964
JPN.42_1,JPN,Tottori Prefecture,2024,1.9035371116091164
JPN.42_1,JPN,Tottori Prefecture,2025,1.7937176628624367
JPN.42_1,JPN,Tottori Prefecture,2026,1.683898214115757
JPN.42_1,JPN,Tottori Prefecture,2027,1.5740787653690773
JPN.42_1,JPN,Tottori Prefecture,2028,1.4642593166223974
JPN.42_1,JPN,Tottori Prefecture,2029,1.3544398678757177
JPN.42_1,JPN,Tottori Prefecture,2030,1.2446204191290378
JPN.42_1,JPN,Tottori Prefecture,2031,1.1823893981725857
JPN.42_1,JPN,Tottori Prefecture,2032,1.120158377216134
JPN.42_1,JPN,Tottori Prefecture,2033,1.0579273562596823
JPN.42_1,JPN,Tottori Prefecture,2034,0.9956963353032302
JPN.42_1,JPN,Tottori Prefecture,2035,0.9334653143467784
JPN.42_1,JPN,Tottori Prefecture,2036,0.8712342933903264
JPN.42_1,JPN,Tottori Prefecture,2037,0.8090032724338746
JPN.42_1,JPN,Tottori Prefecture,2038,0.7467722514774227
JPN.42_1,JPN,Tottori Prefecture,2039,0.6845412305209708
JPN.42_1,JPN,Tottori Prefecture,2040,0.6223102095645189
JPN.42_1,JPN,Tottori Prefecture,2041,0.560079188608067
JPN.42_1,JPN,Tottori Prefecture,2042,0.4978481676516151
JPN.42_1,JPN,Tottori Prefecture,2043,0.4356171466951632
JPN.42_1,JPN,Tottori Prefecture,2044,0.3733861257387113
JPN.42_1,JPN,Tottori Prefecture,2045,0.31115510478225944
JPN.42_1,JPN,Tottori Prefecture,2046,0.24892408382580755
JPN.42_1,JPN,Tottori Prefecture,2047,0.18669306286935577
JPN.42_1,JPN,Tottori Prefecture,2048,0.12446204191290378
JPN.42_1,JPN,Tottori Prefecture,2049,0.062231020956452006
JPN.42_1,JPN,Tottori Prefecture,2050,0
JPN.43_1,JPN,Toyama Prefecture,2014,7.987442499190263
JPN.43_1,JPN,Toyama Prefecture,2015,7.777772133586519
JPN.43_1,JPN,Toyama Prefecture,2016,7.568101767982775
JPN.43_1,JPN,Toyama Prefecture,2017,7.35843140237903
JPN.43_1,JPN,Toyama Prefecture,2018,7.148761036775285
JPN.43_1,JPN,Toyama Prefecture,2019,6.939090671171542
JPN.43_1,JPN,Toyama Prefecture,2020,6.729420305567797
JPN.43_1,JPN,Toyama Prefecture,2021,6.519749939964052
JPN.43_1,JPN,Toyama Prefecture,2022,6.310079574360309
JPN.43_1,JPN,Toyama Prefecture,2023,6.100409208756564
JPN.43_1,JPN,Toyama Prefecture,2024,5.890738843152819
JPN.43_1,JPN,Toyama Prefecture,2025,5.681068477549075
JPN.43_1,JPN,Toyama Prefecture,2026,5.471398111945331
JPN.43_1,JPN,Toyama Prefecture,2027,5.261727746341586
JPN.43_1,JPN,Toyama Prefecture,2028,5.052057380737842
JPN.43_1,JPN,Toyama Prefecture,2029,4.842387015134098
JPN.43_1,JPN,Toyama Prefecture,2030,4.632716649530353
JPN.43_1,JPN,Toyama Prefecture,2031,4.401080817053836
JPN.43_1,JPN,Toyama Prefecture,2032,4.169444984577318
JPN.43_1,JPN,Toyama Prefecture,2033,3.9378091521008
JPN.43_1,JPN,Toyama Prefecture,2034,3.7061733196242823
JPN.43_1,JPN,Toyama Prefecture,2035,3.4745374871477646
JPN.43_1,JPN,Toyama Prefecture,2036,3.2429016546712472
JPN.43_1,JPN,Toyama Prefecture,2037,3.0112658221947295
JPN.43_1,JPN,Toyama Prefecture,2038,2.7796299897182117
JPN.43_1,JPN,Toyama Prefecture,2039,2.547994157241694
JPN.43_1,JPN,Toyama Prefecture,2040,2.3163583247651767
JPN.43_1,JPN,Toyama Prefecture,2041,2.084722492288659
JPN.43_1,JPN,Toyama Prefecture,2042,1.8530866598121412
JPN.43_1,JPN,Toyama Prefecture,2043,1.6214508273356236
JPN.43_1,JPN,Toyama Prefecture,2044,1.3898149948591059
JPN.43_1,JPN,Toyama Prefecture,2045,1.1581791623825883
JPN.43_1,JPN,Toyama Prefecture,2046,0.9265433299060706
JPN.43_1,JPN,Toyama Prefecture,2047,0.6949074974295529
JPN.43_1,JPN,Toyama Prefecture,2048,0.4632716649530353
JPN.43_1,JPN,Toyama Prefecture,2049,0.23163583247651812
JPN.43_1,JPN,Toyama Prefecture,2050,0
JPN.44_1,JPN,Wakayama Prefecture,2013,10.259409132206832
JPN.44_1,JPN,Wakayama Prefecture,2014,10.054220949562694
JPN.44_1,JPN,Wakayama Prefecture,2015,9.849032766918558
JPN.44_1,JPN,Wakayama Prefecture,2016,9.643844584274422
JPN.44_1,JPN,Wakayama Prefecture,2017,9.438656401630285
JPN.44_1,JPN,Wakayama Prefecture,2018,9.233468218986149
JPN.44_1,JPN,Wakayama Prefecture,2019,9.028280036342013
JPN.44_1,JPN,Wakayama Prefecture,2020,8.823091853697875
JPN.44_1,JPN,Wakayama Prefecture,2021,8.617903671053739
JPN.44_1,JPN,Wakayama Prefecture,2022,8.412715488409601
JPN.44_1,JPN,Wakayama Prefecture,2023,8.207527305765465
JPN.44_1,JPN,Wakayama Prefecture,2024,8.00233912312133
JPN.44_1,JPN,Wakayama Prefecture,2025,7.797150940477192
JPN.44_1,JPN,Wakayama Prefecture,2026,7.674038030890711
JPN.44_1,JPN,Wakayama Prefecture,2027,7.550925121304228
JPN.44_1,JPN,Wakayama Prefecture,2028,7.427812211717746
JPN.44_1,JPN,Wakayama Prefecture,2029,7.304699302131263
JPN.44_1,JPN,Wakayama Prefecture,2030,7.181586392544782
JPN.44_1,JPN,Wakayama Prefecture,2031,6.822507072917542
JPN.44_1,JPN,Wakayama Prefecture,2032,6.463427753290303
JPN.44_1,JPN,Wakayama Prefecture,2033,6.1043484336630645
JPN.44_1,JPN,Wakayama Prefecture,2034,5.745269114035826
JPN.44_1,JPN,Wakayama Prefecture,2035,5.386189794408586
JPN.44_1,JPN,Wakayama Prefecture,2036,5.027110474781347
JPN.44_1,JPN,Wakayama Prefecture,2037,4.668031155154109
JPN.44_1,JPN,Wakayama Prefecture,2038,4.308951835526869
JPN.44_1,JPN,Wakayama Prefecture,2039,3.9498725158996297
JPN.44_1,JPN,Wakayama Prefecture,2040,3.590793196272391
JPN.44_1,JPN,Wakayama Prefecture,2041,3.2317138766451516
JPN.44_1,JPN,Wakayama Prefecture,2042,2.8726345570179133
JPN.44_1,JPN,Wakayama Prefecture,2043,2.5135552373906735
JPN.44_1,JPN,Wakayama Prefecture,2044,2.154475917763435
JPN.44_1,JPN,Wakayama Prefecture,2045,1.795396598136196
JPN.44_1,JPN,Wakayama Prefecture,2046,1.4363172785089555
JPN.44_1,JPN,Wakayama Prefecture,2047,1.0772379588817171
JPN.44_1,JPN,Wakayama Prefecture,2048,0.7181586392544778
JPN.44_1,JPN,Wakayama Prefecture,2049,0.3590793196272394
JPN.44_1,JPN,Wakayama Prefecture,2050,0
JPN.45_1,JPN,Yamagata Prefecture,2013,9.602732763652112
JPN.45_1,JPN,Yamagata Prefecture,2014,9.32029944707411
JPN.45_1,JPN,Yamagata Prefecture,2015,9.037866130496106
JPN.45_1,JPN,Yamagata Prefecture,2016,8.755432813918102
JPN.45_1,JPN,Yamagata Prefecture,2017,8.4729994973401
JPN.45_1,JPN,Yamagata Prefecture,2018,8.190566180762096
JPN.45_1,JPN,Yamagata Prefecture,2019,7.9081328641840924
JPN.45_1,JPN,Yamagata Prefecture,2020,7.625699547606089
JPN.45_1,JPN,Yamagata Prefecture,2021,7.343266231028085
JPN.45_1,JPN,Yamagata Prefecture,2022,7.060832914450083
JPN.45_1,JPN,Yamagata Prefecture,2023,6.778399597872079
JPN.45_1,JPN,Yamagata Prefecture,2024,6.495966281294076
JPN.45_1,JPN,Yamagata Prefecture,2025,6.213532964716073
JPN.45_1,JPN,Yamagata Prefecture,2026,5.931099648138069
JPN.45_1,JPN,Yamagata Prefecture,2027,5.648666331560066
JPN.45_1,JPN,Yamagata Prefecture,2028,5.366233014982063
JPN.45_1,JPN,Yamagata Prefecture,2029,5.08379969840406
JPN.45_1,JPN,Yamagata Prefecture,2030,4.801366381826056
JPN.45_1,JPN,Yamagata Prefecture,2031,4.561298062734753
JPN.45_1,JPN,Yamagata Prefecture,2032,4.321229743643451
JPN.45_1,JPN,Yamagata Prefecture,2033,4.081161424552148
JPN.45_1,JPN,Yamagata Prefecture,2034,3.841093105460845
JPN.45_1,JPN,Yamagata Prefecture,2035,3.601024786369542
JPN.45_1,JPN,Yamagata Prefecture,2036,3.3609564672782395
JPN.45_1,JPN,Yamagata Prefecture,2037,3.1208881481869364
JPN.45_1,JPN,Yamagata Prefecture,2038,2.8808198290956337
JPN.45_1,JPN,Yamagata Prefecture,2039,2.640751510004331
JPN.45_1,JPN,Yamagata Prefecture,2040,2.400683190913028
JPN.45_1,JPN,Yamagata Prefecture,2041,2.1606148718217253
JPN.45_1,JPN,Yamagata Prefecture,2042,1.9205465527304224
JPN.45_1,JPN,Yamagata Prefecture,2043,1.6804782336391197
JPN.45_1,JPN,Yamagata Prefecture,2044,1.4404099145478169
JPN.45_1,JPN,Yamagata Prefecture,2045,1.200341595456514
JPN.45_1,JPN,Yamagata Prefecture,2046,0.9602732763652112
JPN.45_1,JPN,Yamagata Prefecture,2047,0.7202049572739084
JPN.45_1,JPN,Yamagata Prefecture,2048,0.4801366381826056
JPN.45_1,JPN,Yamagata Prefecture,2049,0.24006831909130327
JPN.45_1,JPN,Yamagata Prefecture,2050,0
JPN.46_1,JPN,Yamaguchi Prefecture,2013,34.389254390207476
JPN.46_1,JPN,Yamaguchi Prefecture,2014,33.276660865818414
JPN.46_1,JPN,Yamaguchi Prefecture,2015,32.164067341429345
JPN.46_1,JPN,Yamaguchi Prefecture,2016,31.05147381704028
JPN.46_1,JPN,Yamaguchi Prefecture,2017,29.938880292651213
JPN.46_1,JPN,Yamaguchi Prefecture,2018,28.826286768262147
JPN.46_1,JPN,Yamaguchi Prefecture,2019,27.71369324387308
JPN.46_1,JPN,Yamaguchi Prefecture,2020,26.601099719484015
JPN.46_1,JPN,Yamaguchi Prefecture,2021,25.48850619509495
JPN.46_1,JPN,Yamaguchi Prefecture,2022,24.375912670705883
JPN.46_1,JPN,Yamaguchi Prefecture,2023,23.263319146316817
JPN.46_1,JPN,Yamaguchi Prefecture,2024,22.15072562192775
JPN.46_1,JPN,Yamaguchi Prefecture,2025,21.038132097538686
JPN.46_1,JPN,Yamaguchi Prefecture,2026,19.925538573149627
JPN.46_1,JPN,Yamaguchi Prefecture,2027,18.81294504876056
JPN.46_1,JPN,Yamaguchi Prefecture,2028,17.700351524371495
JPN.46_1,JPN,Yamaguchi Prefecture,2029,16.58775799998243
JPN.46_1,JPN,Yamaguchi Prefecture,2030,15.475164475593362
JPN.47_1,JPN,Yamanashi Prefecture,2013,3.9519012782289034
JPN.47_1,JPN,Yamanashi Prefecture,2014,3.8914604351501083
JPN.47_1,JPN,Yamanashi Prefecture,2015,3.8310195920713133
JPN.47_1,JPN,Yamanashi Prefecture,2016,3.770578748992518
JPN.47_1,JPN,Yamanashi Prefecture,2017,3.710137905913723
JPN.47_1,JPN,Yamanashi Prefecture,2018,3.649697062834928
JPN.47_1,JPN,Yamanashi Prefecture,2019,3.589256219756133
JPN.47_1,JPN,Yamanashi Prefecture,2020,3.528815376677338
JPN.47_1,JPN,Yamanashi Prefecture,2021,3.468374533598543
JPN.47_1,JPN,Yamanashi Prefecture,2022,3.4079336905197484
JPN.47_1,JPN,Yamanashi Prefecture,2023,3.3474928474409533
JPN.47_1,JPN,Yamanashi Prefecture,2024,3.287052004362158
JPN.47_1,JPN,Yamanashi Prefecture,2025,3.2266111612833632
JPN.47_1,JPN,Yamanashi Prefecture,2026,3.166170318204568
JPN.47_1,JPN,Yamanashi Prefecture,2027,3.105729475125773
JPN.47_1,JPN,Yamanashi Prefecture,2028,3.045288632046978
JPN.47_1,JPN,Yamanashi Prefecture,2029,2.984847788968183
JPN.47_1,JPN,Yamanashi Prefecture,2030,2.9244069458893884
JPN.47_1,JPN,Yamanashi Prefecture,2031,2.778186598594919
JPN.47_1,JPN,Yamanashi Prefecture,2032,2.6319662513004496
JPN.47_1,JPN,Yamanashi Prefecture,2033,2.48574590400598
JPN.47_1,JPN,Yamanashi Prefecture,2034,2.3395255567115107
JPN.47_1,JPN,Yamanashi Prefecture,2035,2.1933052094170415
JPN.47_1,JPN,Yamanashi Prefecture,2036,2.047084862122572
JPN.47_1,JPN,Yamanashi Prefecture,2037,1.9008645148281025
JPN.47_1,JPN,Yamanashi Prefecture,2038,1.7546441675336328
JPN.47_1,JPN,Yamanashi Prefecture,2039,1.6084238202391634
JPN.47_1,JPN,Yamanashi Prefecture,2040,1.4622034729446942
JPN.47_1,JPN,Yamanashi Prefecture,2041,1.3159831256502246
JPN.47_1,JPN,Yamanashi Prefecture,2042,1.1697627783557554
JPN.47_1,JPN,Yamanashi Prefecture,2043,1.0235424310612857
JPN.47_1,JPN,Yamanashi Prefecture,2044,0.8773220837668166
JPN.47_1,JPN,Yamanashi Prefecture,2045,0.7311017364723468
JPN.47_1,JPN,Yamanashi Prefecture,2046,0.5848813891778775
JPN.47_1,JPN,Yamanashi Prefecture,2047,0.4386610418834081
JPN.47_1,JPN,Yamanashi Prefecture,2048,0.29244069458893873
JPN.47_1,JPN,Yamanashi Prefecture,2049,0.14622034729446937
JPN.47_1,JPN,Yamanashi Prefecture,2050,0
JPN.4_1,JPN,Chiba Prefecture,2013,73.30615708774059
JPN.4_1,JPN,Chiba Prefecture,2014,71.32257871948407
JPN.4_1,JPN,Chiba Prefecture,2015,69.33900035122757
JPN.4_1,JPN,Chiba Prefecture,2016,67.35542198297105
JPN.4_1,JPN,Chiba Prefecture,2017,65.37184361471455
JPN.4_1,JPN,Chiba Prefecture,2018,63.38826524645803
JPN.4_1,JPN,Chiba Prefecture,2019,61.404686878201524
JPN.4_1,JPN,Chiba Prefecture,2020,59.421108509945014
JPN.4_1,JPN,Chiba Prefecture,2021,57.437530141688505
JPN.4_1,JPN,Chiba Prefecture,2022,55.453951773431996
JPN.4_1,JPN,Chiba Prefecture,2023,53.47037340517548
JPN.4_1,JPN,Chiba Prefecture,2024,51.48679503691897
JPN.4_1,JPN,Chiba Prefecture,2025,49.50321666866246
JPN.4_1,JPN,Chiba Prefecture,2026,47.51963830040595
JPN.4_1,JPN,Chiba Prefecture,2027,45.53605993214944
JPN.4_1,JPN,Chiba Prefecture,2028,43.55248156389293
JPN.4_1,JPN,Chiba Prefecture,2029,41.56890319563642
JPN.4_1,JPN,Chiba Prefecture,2030,39.585324827379914
JPN.4_1,JPN,Chiba Prefecture,2031,37.60605858601092
JPN.4_1,JPN,Chiba Prefecture,2032,35.62679234464193
JPN.4_1,JPN,Chiba Prefecture,2033,33.647526103272924
JPN.4_1,JPN,Chiba Prefecture,2034,31.668259861903927
JPN.4_1,JPN,Chiba Prefecture,2035,29.688993620534934
JPN.4_1,JPN,Chiba Prefecture,2036,27.70972737916594
JPN.4_1,JPN,Chiba Prefecture,2037,25.730461137796947
JPN.4_1,JPN,Chiba Prefecture,2038,23.751194896427943
JPN.4_1,JPN,Chiba Prefecture,2039,21.77192865505895
JPN.4_1,JPN,Chiba Prefecture,2040,19.792662413689957
JPN.4_1,JPN,Chiba Prefecture,2041,17.813396172320957
JPN.4_1,JPN,Chiba Prefecture,2042,15.834129930951963
JPN.4_1,JPN,Chiba Prefecture,2043,13.85486368958297
JPN.4_1,JPN,Chiba Prefecture,2044,11.875597448213975
JPN.4_1,JPN,Chiba Prefecture,2045,9.896331206844978
JPN.4_1,JPN,Chiba Prefecture,2046,7.91706496547598
JPN.4_1,JPN,Chiba Prefecture,2047,5.937798724106989
JPN.4_1,JPN,Chiba Prefecture,2048,3.958532482737988
JPN.4_1,JPN,Chiba Prefecture,2049,1.979266241368994
JPN.4_1,JPN,Chiba Prefecture,2050,0
JPN.5_1,JPN,Ehime Prefecture,2013,14.896591837149792
JPN.5_1,JPN,Ehime Prefecture,2014,14.659998907971529
JPN.5_1,JPN,Ehime Prefecture,2015,14.42340597879327
JPN.5_1,JPN,Ehime Prefecture,2016,14.186813049615006
JPN.5_1,JPN,Ehime Prefecture,2017,13.950220120436747
JPN.5_1,JPN,Ehime Prefecture,2018,13.713627191258485
JPN.5_1,JPN,Ehime Prefecture,2019,13.477034262080222
JPN.5_1,JPN,Ehime Prefecture,2020,13.240441332901963
JPN.5_1,JPN,Ehime Prefecture,2021,13.0038484037237
JPN.5_1,JPN,Ehime Prefecture,2022,12.76725547454544
JPN.5_1,JPN,Ehime Prefecture,2023,12.530662545367177
JPN.5_1,JPN,Ehime Prefecture,2024,12.294069616188917
JPN.5_1,JPN,Ehime Prefecture,2025,12.057476687010656
JPN.5_1,JPN,Ehime Prefecture,2026,11.820883757832393
JPN.5_1,JPN,Ehime Prefecture,2027,11.584290828654133
JPN.5_1,JPN,Ehime Prefecture,2028,11.34769789947587
JPN.5_1,JPN,Ehime Prefecture,2029,11.111104970297609
JPN.5_1,JPN,Ehime Prefecture,2030,10.874512041119349
JPN.5_1,JPN,Ehime Prefecture,2031,10.330786439063381
JPN.5_1,JPN,Ehime Prefecture,2032,9.787060837007413
JPN.5_1,JPN,Ehime Prefecture,2033,9.243335234951445
JPN.5_1,JPN,Ehime Prefecture,2034,8.699609632895479
JPN.5_1,JPN,Ehime Prefecture,2035,8.15588403083951
JPN.5_1,JPN,Ehime Prefecture,2036,7.612158428783544
JPN.5_1,JPN,Ehime Prefecture,2037,7.068432826727577
JPN.5_1,JPN,Ehime Prefecture,2038,6.524707224671609
JPN.5_1,JPN,Ehime Prefecture,2039,5.980981622615641
JPN.5_1,JPN,Ehime Prefecture,2040,5.4372560205596745
JPN.5_1,JPN,Ehime Prefecture,2041,4.8935304185037065
JPN.5_1,JPN,Ehime Prefecture,2042,4.349804816447739
JPN.5_1,JPN,Ehime Prefecture,2043,3.806079214391772
JPN.5_1,JPN,Ehime Prefecture,2044,3.262353612335805
JPN.5_1,JPN,Ehime Prefecture,2045,2.7186280102798372
JPN.5_1,JPN,Ehime Prefecture,2046,2.1749024082238693
JPN.5_1,JPN,Ehime Prefecture,2047,1.6311768061679024
JPN.5_1,JPN,Ehime Prefecture,2048,1.0874512041119337
JPN.5_1,JPN,Ehime Prefecture,2049,0.5437256020559688
JPN.5_1,JPN,Ehime Prefecture,2050,0
JPN.6_1,JPN,Fukui Prefecture,2013,10.084825461344872
JPN.6_1,JPN,Fukui Prefecture,2014,9.847535450489698
JPN.6_1,JPN,Fukui Prefecture,2015,9.610245439634525
JPN.6_1,JPN,Fukui Prefecture,2016,9.37295542877935
JPN.6_1,JPN,Fukui Prefecture,2017,9.135665417924177
JPN.6_1,JPN,Fukui Prefecture,2018,8.898375407069006
JPN.6_1,JPN,Fukui Prefecture,2019,8.661085396213831
JPN.6_1,JPN,Fukui Prefecture,2020,8.423795385358657
JPN.6_1,JPN,Fukui Prefecture,2021,8.186505374503485
JPN.6_1,JPN,Fukui Prefecture,2022,7.94921536364831
JPN.6_1,JPN,Fukui Prefecture,2023,7.711925352793137
JPN.6_1,JPN,Fukui Prefecture,2024,7.4746353419379625
JPN.6_1,JPN,Fukui Prefecture,2025,7.237345331082789
JPN.6_1,JPN,Fukui Prefecture,2026,7.0000553202276175
JPN.6_1,JPN,Fukui Prefecture,2027,6.762765309372444
JPN.6_1,JPN,Fukui Prefecture,2028,6.52547529851727
JPN.6_1,JPN,Fukui Prefecture,2029,6.288185287662096
JPN.6_1,JPN,Fukui Prefecture,2030,6.050895276806923
JPN.6_1,JPN,Fukui Prefecture,2031,5.748350512966577
JPN.6_1,JPN,Fukui Prefecture,2032,5.44580574912623
JPN.6_1,JPN,Fukui Prefecture,2033,5.143260985285884
JPN.6_1,JPN,Fukui Prefecture,2034,4.840716221445538
JPN.6_1,JPN,Fukui Prefecture,2035,4.538171457605192
JPN.6_1,JPN,Fukui Prefecture,2036,4.2356266937648455
JPN.6_1,JPN,Fukui Prefecture,2037,3.9330819299244997
JPN.6_1,JPN,Fukui Prefecture,2038,3.6305371660841534
JPN.6_1,JPN,Fukui Prefecture,2039,3.3279924022438077
JPN.6_1,JPN,Fukui Prefecture,2040,3.0254476384034614
JPN.6_1,JPN,Fukui Prefecture,2041,2.7229028745631148
JPN.6_1,JPN,Fukui Prefecture,2042,2.420358110722769
JPN.6_1,JPN,Fukui Prefecture,2043,2.1178133468824227
JPN.6_1,JPN,Fukui Prefecture,2044,1.8152685830420767
JPN.6_1,JPN,Fukui Prefecture,2045,1.5127238192017303
JPN.6_1,JPN,Fukui Prefecture,2046,1.2101790553613845
JPN.6_1,JPN,Fukui Prefecture,2047,0.9076342915210388
JPN.6_1,JPN,Fukui Prefecture,2048,0.6050895276806922
JPN.6_1,JPN,Fukui Prefecture,2049,0.3025447638403466
JPN.6_1,JPN,Fukui Prefecture,2050,0
JPN.7_1,JPN,Fukuoka Prefecture,2013,36.56744179053013
JPN.7_1,JPN,Fukuoka Prefecture,2014,35.577969836198136
JPN.7_1,JPN,Fukuoka Prefecture,2015,34.58849788186615
JPN.7_1,JPN,Fukuoka Prefecture,2016,33.59902592753416
JPN.7_1,JPN,Fukuoka Prefecture,2017,32.60955397320216
JPN.7_1,JPN,Fukuoka Prefecture,2018,31.62008201887017
JPN.7_1,JPN,Fukuoka Prefecture,2019,30.630610064538182
JPN.7_1,JPN,Fukuoka Prefecture,2020,29.641138110206185
JPN.7_1,JPN,Fukuoka Prefecture,2021,28.651666155874196
JPN.7_1,JPN,Fukuoka Prefecture,2022,27.662194201542206
JPN.7_1,JPN,Fukuoka Prefecture,2023,26.672722247210213
JPN.7_1,JPN,Fukuoka Prefecture,2024,25.683250292878217
JPN.7_1,JPN,Fukuoka Prefecture,2025,24.693778338546228
JPN.7_1,JPN,Fukuoka Prefecture,2026,23.704306384214238
JPN.7_1,JPN,Fukuoka Prefecture,2027,22.71483442988224
JPN.7_1,JPN,Fukuoka Prefecture,2028,21.725362475550252
JPN.7_1,JPN,Fukuoka Prefecture,2029,20.735890521218263
JPN.7_1,JPN,Fukuoka Prefecture,2030,19.74641856688627
JPN.8_1,JPN,Fukushima Prefecture,2013,31.73149918697853
JPN.8_1,JPN,Fukushima Prefecture,2014,30.79821979912622
JPN.8_1,JPN,Fukushima Prefecture,2015,29.86494041127391
JPN.8_1,JPN,Fukushima Prefecture,2016,28.9316610234216
JPN.8_1,JPN,Fukushima Prefecture,2017,27.998381635569288
JPN.8_1,JPN,Fukushima Prefecture,2018,27.065102247716982
JPN.8_1,JPN,Fukushima Prefecture,2019,26.13182285986467
JPN.8_1,JPN,Fukushima Prefecture,2020,25.198543472012364
JPN.8_1,JPN,Fukushima Prefecture,2021,24.26526408416005
JPN.8_1,JPN,Fukushima Prefecture,2022,23.331984696307742
JPN.8_1,JPN,Fukushima Prefecture,2023,22.39870530845543
JPN.8_1,JPN,Fukushima Prefecture,2024,21.465425920603124
JPN.8_1,JPN,Fukushima Prefecture,2025,20.532146532750815
JPN.8_1,JPN,Fukushima Prefecture,2026,19.598867144898502
JPN.8_1,JPN,Fukushima Prefecture,2027,18.665587757046193
JPN.8_1,JPN,Fukushima Prefecture,2028,17.732308369193884
JPN.8_1,JPN,Fukushima Prefecture,2029,16.799028981341575
JPN.8_1,JPN,Fukushima Prefecture,2030,15.865749593489266
JPN.8_1,JPN,Fukushima Prefecture,2031,15.072462113814801
JPN.8_1,JPN,Fukushima Prefecture,2032,14.27917463414034
JPN.8_1,JPN,Fukushima Prefecture,2033,13.485887154465876
JPN.8_1,JPN,Fukushima Prefecture,2034,12.692599674791412
JPN.8_1,JPN,Fukushima Prefecture,2035,11.899312195116948
JPN.8_1,JPN,Fukushima Prefecture,2036,11.106024715442485
JPN.8_1,JPN,Fukushima Prefecture,2037,10.312737235768024
JPN.8_1,JPN,Fukushima Prefecture,2038,9.519449756093557
JPN.8_1,JPN,Fukushima Prefecture,2039,8.726162276419096
JPN.8_1,JPN,Fukushima Prefecture,2040,7.932874796744633
JPN.8_1,JPN,Fukushima Prefecture,2041,7.13958731707017
JPN.8_1,JPN,Fukushima Prefecture,2042,6.346299837395708
JPN.8_1,JPN,Fukushima Prefecture,2043,5.553012357721243
JPN.8_1,JPN,Fukushima Prefecture,2044,4.7597248780467805
JPN.8_1,JPN,Fukushima Prefecture,2045,3.966437398372317
JPN.8_1,JPN,Fukushima Prefecture,2046,3.1731499186978525
JPN.8_1,JPN,Fukushima Prefecture,2047,2.3798624390233902
JPN.8_1,JPN,Fukushima Prefecture,2048,1.5865749593489262
JPN.8_1,JPN,Fukushima Prefecture,2049,0.7932874796744641
JPN.8_1,JPN,Fukushima Prefecture,2050,0
JPN.9_1,JPN,Gifu Prefecture,2013,11.458106750276432
JPN.9_1,JPN,Gifu Prefecture,2014,10.986302354676813
JPN.9_1,JPN,Gifu Prefecture,2015,10.514497959077197
JPN.9_1,JPN,Gifu Prefecture,2016,10.042693563477577
JPN.9_1,JPN,Gifu Prefecture,2017,9.570889167877962
JPN.9_1,JPN,Gifu Prefecture,2018,9.099084772278342
JPN.9_1,JPN,Gifu Prefecture,2019,8.627280376678724
JPN.9_1,JPN,Gifu Prefecture,2020,8.155475981079107
JPN.9_1,JPN,Gifu Prefecture,2021,7.683671585479489
JPN.9_1,JPN,Gifu Prefecture,2022,7.211867189879872
JPN.9_1,JPN,Gifu Prefecture,2023,6.740062794280254
JPN.9_1,JPN,Gifu Prefecture,2024,6.2682583986806355
JPN.9_1,JPN,Gifu Prefecture,2025,5.796454003081018
JPN.9_1,JPN,Gifu Prefecture,2026,5.324649607481401
JPN.9_1,JPN,Gifu Prefecture,2027,4.8528452118817835
JPN.9_1,JPN,Gifu Prefecture,2028,4.381040816282165
JPN.9_1,JPN,Gifu Prefecture,2029,3.9092364206825474
JPN.9_1,JPN,Gifu Prefecture,2030,3.4374320250829298
JPN.9_1,JPN,Gifu Prefecture,2031,3.2655604238287834
JPN.9_1,JPN,Gifu Prefecture,2032,3.093688822574637
JPN.9_1,JPN,Gifu Prefecture,2033,2.9218172213204903
JPN.9_1,JPN,Gifu Prefecture,2034,2.749945620066344
JPN.9_1,JPN,Gifu Prefecture,2035,2.578074018812197
JPN.9_1,JPN,Gifu Prefecture,2036,2.406202417558051
JPN.9_1,JPN,Gifu Prefecture,2037,2.234330816303905
JPN.9_1,JPN,Gifu Prefecture,2038,2.062459215049758
JPN.9_1,JPN,Gifu Prefecture,2039,1.8905876137956115
JPN.9_1,JPN,Gifu Prefecture,2040,1.7187160125414649
JPN.9_1,JPN,Gifu Prefecture,2041,1.5468444112873185
JPN.9_1,JPN,Gifu Prefecture,2042,1.3749728100331722
JPN.9_1,JPN,Gifu Prefecture,2043,1.2031012087790254
JPN.9_1,JPN,Gifu Prefecture,2044,1.0312296075248792
JPN.9_1,JPN,Gifu Prefecture,2045,0.8593580062707328
JPN.9_1,JPN,Gifu Prefecture,2046,0.6874864050165858
JPN.9_1,JPN,Gifu Prefecture,2047,0.5156148037624396
JPN.9_1,JPN,Gifu Prefecture,2048,0.3437432025082931
JPN.9_1,JPN,Gifu Prefecture,2049,0.17187160125414655
JPN.9_1,JPN,Gifu Prefecture,2050,0
KOR.10_1,KOR,South Gyeongsang,2022,57.14852108696381
KOR.10_1,KOR,South Gyeongsang,2023,55.107502476715105
KOR.10_1,KOR,South Gyeongsang,2024,53.0664838664664
KOR.10_1,KOR,South Gyeongsang,2025,51.025465256217686
KOR.10_1,KOR,South Gyeongsang,2026,48.98444664596898
KOR.10_1,KOR,South Gyeongsang,2027,46.943428035720274
KOR.10_1,KOR,South Gyeongsang,2028,44.90240942547157
KOR.10_1,KOR,South Gyeongsang,2029,42.86139081522286
KOR.10_1,KOR,South Gyeongsang,2030,40.82037220497415
KOR.10_1,KOR,South Gyeongsang,2031,38.77935359472544
KOR.10_1,KOR,South Gyeongsang,2032,36.73833498447673
KOR.10_1,KOR,South Gyeongsang,2033,34.69731637422803
KOR.10_1,KOR,South Gyeongsang,2034,32.656297763979325
KOR.10_1,KOR,South Gyeongsang,2035,30.61527915373061
KOR.10_1,KOR,South Gyeongsang,2036,28.574260543481905
KOR.10_1,KOR,South Gyeongsang,2037,26.5332419332332
KOR.10_1,KOR,South Gyeongsang,2038,24.49222332298449
KOR.10_1,KOR,South Gyeongsang,2039,22.451204712735787
KOR.10_1,KOR,South Gyeongsang,2040,20.41018610248707
KOR.10_1,KOR,South Gyeongsang,2041,18.369167492238365
KOR.10_1,KOR,South Gyeongsang,2042,16.32814888198966
KOR.10_1,KOR,South Gyeongsang,2043,14.287130271740951
KOR.10_1,KOR,South Gyeongsang,2044,12.246111661492243
KOR.10_1,KOR,South Gyeongsang,2045,10.205093051243535
KOR.10_1,KOR,South Gyeongsang,2046,8.164074440994836
KOR.10_1,KOR,South Gyeongsang,2047,6.123055830746122
KOR.10_1,KOR,South Gyeongsang,2048,4.082037220497415
KOR.10_1,KOR,South Gyeongsang,2049,2.0410186102487073
KOR.10_1,KOR,South Gyeongsang,2050,0
KOR.13_1,KOR,North Jeolla,2022,25.612696586982928
KOR.13_1,KOR,North Jeolla,2023,24.69795742316211
KOR.13_1,KOR,North Jeolla,2024,23.783218259341293
KOR.13_1,KOR,North Jeolla,2025,22.86847909552047
KOR.13_1,KOR,North Jeolla,2026,21.95373993169965
KOR.13_1,KOR,North Jeolla,2027,21.039000767878836
KOR.13_1,KOR,North Jeolla,2028,20.124261604058017
KOR.13_1,KOR,North Jeolla,2029,19.209522440237194
KOR.13_1,KOR,North Jeolla,2030,18.294783276416375
KOR.13_1,KOR,North Jeolla,2031,17.38004411259556
KOR.13_1,KOR,North Jeolla,2032,16.46530494877474
KOR.13_1,KOR,North Jeolla,2033,15.55056578495392
KOR.13_1,KOR,North Jeolla,2034,14.635826621133102
KOR.13_1,KOR,North Jeolla,2035,13.721087457312283
KOR.13_1,KOR,North Jeolla,2036,12.806348293491464
KOR.13_1,KOR,North Jeolla,2037,11.891609129670647
KOR.13_1,KOR,North Jeolla,2038,10.976869965849827
KOR.13_1,KOR,North Jeolla,2039,10.062130802029008
KOR.13_1,KOR,North Jeolla,2040,9.147391638208187
KOR.13_1,KOR,North Jeolla,2041,8.23265247438737
KOR.13_1,KOR,North Jeolla,2042,7.317913310566552
KOR.13_1,KOR,North Jeolla,2043,6.403174146745734
KOR.13_1,KOR,North Jeolla,2044,5.488434982924912
KOR.13_1,KOR,North Jeolla,2045,4.573695819104094
KOR.13_1,KOR,North Jeolla,2046,3.658956655283276
KOR.13_1,KOR,North Jeolla,2047,2.744217491462454
KOR.13_1,KOR,North Jeolla,2048,1.8294783276416362
KOR.13_1,KOR,North Jeolla,2049,0.9147391638208181
KOR.13_1,KOR,North Jeolla,2050,0
KOR.14_1,KOR,South Jeolla,2022,48.876110835872275
KOR.14_1,KOR,South Jeolla,2023,47.13053544887684
KOR.14_1,KOR,South Jeolla,2024,45.3849600618814
KOR.14_1,KOR,South Jeolla,2025,43.63938467488596
KOR.14_1,KOR,South Jeolla,2026,41.89380928789053
KOR.14_1,KOR,South Jeolla,2027,40.148233900895086
KOR.14_1,KOR,South Jeolla,2028,38.402658513899645
KOR.14_1,KOR,South Jeolla,2029,36.657083126904205
KOR.14_1,KOR,South Jeolla,2030,34.91150773990877
KOR.14_1,KOR,South Jeolla,2031,33.16593235291333
KOR.14_1,KOR,South Jeolla,2032,31.420356965917893
KOR.14_1,KOR,South Jeolla,2033,29.674781578922452
KOR.14_1,KOR,South Jeolla,2034,27.929206191927015
KOR.14_1,KOR,South Jeolla,2035,26.18363080493158
KOR.14_1,KOR,South Jeolla,2036,24.438055417936138
KOR.14_1,KOR,South Jeolla,2037,22.6924800309407
KOR.14_1,KOR,South Jeolla,2038,20.946904643945263
KOR.14_1,KOR,South Jeolla,2039,19.201329256949826
KOR.14_1,KOR,South Jeolla,2040,17.455753869954382
KOR.14_1,KOR,South Jeolla,2041,15.710178482958947
KOR.14_1,KOR,South Jeolla,2042,13.964603095963508
KOR.14_1,KOR,South Jeolla,2043,12.219027708968072
KOR.14_1,KOR,South Jeolla,2044,10.473452321972632
KOR.14_1,KOR,South Jeolla,2045,8.727876934977196
KOR.14_1,KOR,South Jeolla,2046,6.982301547981754
KOR.14_1,KOR,South Jeolla,2047,5.236726160986311
KOR.14_1,KOR,South Jeolla,2048,3.491150773990877
KOR.14_1,KOR,South Jeolla,2049,1.7455753869954347
KOR.14_1,KOR,South Jeolla,2050,0
KOR.2_1,KOR,North Chungcheong,2022,26.489991463268506
KOR.2_1,KOR,North Chungcheong,2023,25.543920339580346
KOR.2_1,KOR,North Chungcheong,2024,24.597849215892186
KOR.2_1,KOR,North Chungcheong,2025,23.651778092204022
KOR.2_1,KOR,North Chungcheong,2026,22.705706968515866
KOR.2_1,KOR,North Chungcheong,2027,21.759635844827706
KOR.2_1,KOR,North Chungcheong,2028,20.813564721139542
KOR.2_1,KOR,North Chungcheong,2029,19.867493597451382
KOR.2_1,KOR,North Chungcheong,2030,18.92142247376322
KOR.2_1,KOR,North Chungcheong,2031,17.97535135007506
KOR.2_1,KOR,North Chungcheong,2032,17.0292802263869
KOR.2_1,KOR,North Chungcheong,2033,16.083209102698735
KOR.2_1,KOR,North Chungcheong,2034,15.137137979010577
KOR.2_1,KOR,North Chungcheong,2035,14.191066855322415
KOR.2_1,KOR,North Chungcheong,2036,13.244995731634253
KOR.2_1,KOR,North Chungcheong,2037,12.298924607946093
KOR.2_1,KOR,North Chungcheong,2038,11.352853484257933
KOR.2_1,KOR,North Chungcheong,2039,10.406782360569771
KOR.2_1,KOR,North Chungcheong,2040,9.46071123688161
KOR.2_1,KOR,North Chungcheong,2041,8.51464011319345
KOR.2_1,KOR,North Chungcheong,2042,7.5685689895052874
KOR.2_1,KOR,North Chungcheong,2043,6.622497865817126
KOR.2_1,KOR,North Chungcheong,2044,5.676426742128965
KOR.2_1,KOR,North Chungcheong,2045,4.730355618440806
KOR.2_1,KOR,North Chungcheong,2046,3.7842844947526455
KOR.2_1,KOR,North Chungcheong,2047,2.8382133710644806
KOR.2_1,KOR,North Chungcheong,2048,1.8921422473763228
KOR.2_1,KOR,North Chungcheong,2049,0.9460711236881614
KOR.2_1,KOR,North Chungcheong,2050,0
KOR.3_1,KOR,South Chungcheong,2022,57.27440904171284
KOR.3_1,KOR,South Chungcheong,2023,55.22889443308024
KOR.3_1,KOR,South Chungcheong,2024,53.18337982444764
KOR.3_1,KOR,South Chungcheong,2025,51.13786521581504
KOR.3_1,KOR,South Chungcheong,2026,49.09235060718244
KOR.3_1,KOR,South Chungcheong,2027,47.04683599854983
KOR.3_1,KOR,South Chungcheong,2028,45.00132138991723
KOR.3_1,KOR,South Chungcheong,2029,42.95580678128463
KOR.3_1,KOR,South Chungcheong,2030,40.910292172652035
KOR.3_1,KOR,South Chungcheong,2031,38.86477756401943
KOR.3_1,KOR,South Chungcheong,2032,36.81926295538683
KOR.3_1,KOR,South Chungcheong,2033,34.773748346754225
KOR.3_1,KOR,South Chungcheong,2034,32.728233738121624
KOR.3_1,KOR,South Chungcheong,2035,30.682719129489023
KOR.3_1,KOR,South Chungcheong,2036,28.63720452085642
KOR.3_1,KOR,South Chungcheong,2037,26.59168991222382
KOR.3_1,KOR,South Chungcheong,2038,24.546175303591223
KOR.3_1,KOR,South Chungcheong,2039,22.50066069495862
KOR.3_1,KOR,South Chungcheong,2040,20.45514608632601
KOR.3_1,KOR,South Chungcheong,2041,18.40963147769341
KOR.3_1,KOR,South Chungcheong,2042,16.364116869060815
KOR.3_1,KOR,South Chungcheong,2043,14.318602260428213
KOR.3_1,KOR,South Chungcheong,2044,12.273087651795612
KOR.3_1,KOR,South Chungcheong,2045,10.227573043163009
KOR.3_1,KOR,South Chungcheong,2046,8.182058434530408
KOR.3_1,KOR,South Chungcheong,2047,6.136543825897806
KOR.3_1,KOR,South Chungcheong,2048,4.091029217265204
KOR.3_1,KOR,South Chungcheong,2049,2.045514608632602
KOR.3_1,KOR,South Chungcheong,2050,0
KOR.6_1,KOR,Gangwon-do,2022,49.11080800651082
KOR.6_1,KOR,Gangwon-do,2023,47.356850577706865
KOR.6_1,KOR,Gangwon-do,2024,45.60289314890291
KOR.6_1,KOR,Gangwon-do,2025,43.84893572009895
KOR.6_1,KOR,Gangwon-do,2026,42.09497829129499
KOR.6_1,KOR,Gangwon-do,2027,40.341020862491035
KOR.6_1,KOR,Gangwon-do,2028,38.58706343368708
KOR.6_1,KOR,Gangwon-do,2029,36.83310600488312
KOR.6_1,KOR,Gangwon-do,2030,35.07914857607916
KOR.6_1,KOR,Gangwon-do,2031,33.3251911472752
KOR.6_1,KOR,Gangwon-do,2032,31.571233718471245
KOR.6_1,KOR,Gangwon-do,2033,29.817276289667287
KOR.6_1,KOR,Gangwon-do,2034,28.06331886086333
KOR.6_1,KOR,Gangwon-do,2035,26.30936143205937
KOR.6_1,KOR,Gangwon-do,2036,24.55540400325541
KOR.6_1,KOR,Gangwon-do,2037,22.801446574451454
KOR.6_1,KOR,Gangwon-do,2038,21.047489145647496
KOR.6_1,KOR,Gangwon-do,2039,19.293531716843543
KOR.6_1,KOR,Gangwon-do,2040,17.539574288039578
KOR.6_1,KOR,Gangwon-do,2041,15.785616859235622
KOR.6_1,KOR,Gangwon-do,2042,14.031659430431665
KOR.6_1,KOR,Gangwon-do,2043,12.277702001627706
KOR.6_1,KOR,Gangwon-do,2044,10.523744572823748
KOR.6_1,KOR,Gangwon-do,2045,8.76978714401979
KOR.6_1,KOR,Gangwon-do,2046,7.015829715215832
KOR.6_1,KOR,Gangwon-do,2047,5.261872286411874
KOR.6_1,KOR,Gangwon-do,2048,3.507914857607916
KOR.6_1,KOR,Gangwon-do,2049,1.753957428803958
KOR.6_1,KOR,Gangwon-do,2050,0
KOR.8_1,KOR,Gyeonggi-do,2022,104.05016243188453
KOR.8_1,KOR,Gyeonggi-do,2023,100.33408520217436
KOR.8_1,KOR,Gyeonggi-do,2024,96.6180079724642
KOR.8_1,KOR,Gyeonggi-do,2025,92.90193074275405
KOR.8_1,KOR,Gyeonggi-do,2026,89.18585351304388
KOR.8_1,KOR,Gyeonggi-do,2027,85.46977628333372
KOR.8_1,KOR,Gyeonggi-do,2028,81.75369905362356
KOR.8_1,KOR,Gyeonggi-do,2029,78.0376218239134
KOR.8_1,KOR,Gyeonggi-do,2030,74.32154459420323
KOR.8_1,KOR,Gyeonggi-do,2031,70.60546736449307
KOR.8_1,KOR,Gyeonggi-do,2032,66.88939013478291
KOR.8_1,KOR,Gyeonggi-do,2033,63.17331290507275
KOR.8_1,KOR,Gyeonggi-do,2034,59.45723567536259
KOR.8_1,KOR,Gyeonggi-do,2035,55.741158445652424
KOR.8_1,KOR,Gyeonggi-do,2036,52.025081215942265
KOR.8_1,KOR,Gyeonggi-do,2037,48.3090039862321
KOR.8_1,KOR,Gyeonggi-do,2038,44.59292675652194
KOR.8_1,KOR,Gyeonggi-do,2039,40.87684952681179
KOR.8_1,KOR,Gyeonggi-do,2040,37.16077229710161
KOR.8_1,KOR,Gyeonggi-do,2041,33.44469506739146
KOR.8_1,KOR,Gyeonggi-do,2042,29.728617837681295
KOR.8_1,KOR,Gyeonggi-do,2043,26.012540607971133
KOR.8_1,KOR,Gyeonggi-do,2044,22.29646337826097
KOR.8_1,KOR,Gyeonggi-do,2045,18.580386148550808
KOR.8_1,KOR,Gyeonggi-do,2046,14.864308918840647
KOR.8_1,KOR,Gyeonggi-do,2047,11.148231689130485
KOR.8_1,KOR,Gyeonggi-do,2048,7.432154459420324
KOR.8_1,KOR,Gyeonggi-do,2049,3.716077229710162
KOR.8_1,KOR,Gyeonggi-do,2050,0
KOR.9_1,KOR,North Gyeongsang,2022,59.206428397512994
KOR.9_1,KOR,North Gyeongsang,2023,57.09191309760182
KOR.9_1,KOR,North Gyeongsang,2024,54.977397797690635
KOR.9_1,KOR,North Gyeongsang,2025,52.86288249777946
KOR.9_1,KOR,North Gyeongsang,2026,50.748367197868284
KOR.9_1,KOR,North Gyeongsang,2027,48.6338518979571
KOR.9_1,KOR,North Gyeongsang,2028,46.519336598045925
KOR.9_1,KOR,North Gyeongsang,2029,44.40482129813474
KOR.9_1,KOR,North Gyeongsang,2030,42.29030599822357
KOR.9_1,KOR,North Gyeongsang,2031,40.17579069831239
KOR.9_1,KOR,North Gyeongsang,2032,38.061275398401214
KOR.9_1,KOR,North Gyeongsang,2033,35.94676009849003
KOR.9_1,KOR,North Gyeongsang,2034,33.832244798578856
KOR.9_1,KOR,North Gyeongsang,2035,31.717729498667676
KOR.9_1,KOR,North Gyeongsang,2036,29.603214198756497
KOR.9_1,KOR,North Gyeongsang,2037,27.488698898845318
KOR.9_1,KOR,North Gyeongsang,2038,25.374183598934145
KOR.9_1,KOR,North Gyeongsang,2039,23.259668299022966
KOR.9_1,KOR,North Gyeongsang,2040,21.14515299911178
KOR.9_1,KOR,North Gyeongsang,2041,19.0306376992006
KOR.9_1,KOR,North Gyeongsang,2042,16.916122399289428
KOR.9_1,KOR,North Gyeongsang,2043,14.80160709937825
KOR.9_1,KOR,North Gyeongsang,2044,12.687091799467073
KOR.9_1,KOR,North Gyeongsang,2045,10.572576499555893
KOR.9_1,KOR,North Gyeongsang,2046,8.458061199644714
KOR.9_1,KOR,North Gyeongsang,2047,6.343545899733536
KOR.9_1,KOR,North Gyeongsang,2048,4.229030599822357
KOR.9_1,KOR,North Gyeongsang,2049,2.1145152999111785
KOR.9_1,KOR,North Gyeongsang,2050,0
MEX.14_1,MEX,Jalisco,2010,41.25352700972374
MEX.14_1,MEX,Jalisco,2011,41.902670844100456
MEX.14_1,MEX,Jalisco,2012,42.55181467847716
MEX.14_1,MEX,Jalisco,2013,43.20095851285387
MEX.14_1,MEX,Jalisco,2014,43.85010234723058
MEX.14_1,MEX,Jalisco,2015,44.4992461816073
MEX.14_1,MEX,Jalisco,2016,45.148390015984006
MEX.14_1,MEX,Jalisco,2017,45.79753385036072
MEX.14_1,MEX,Jalisco,2018,46.44667768473743
MEX.14_1,MEX,Jalisco,2019,47.095821519114146
MEX.14_1,MEX,Jalisco,2020,44.877059549680865
MEX.14_1,MEX,Jalisco,2021,42.658297580247584
MEX.14_1,MEX,Jalisco,2022,40.4395356108143
MEX.14_1,MEX,Jalisco,2023,38.220773641381015
MEX.14_1,MEX,Jalisco,2024,36.00201167194774
MEX.14_1,MEX,Jalisco,2025,33.78324970251446
MEX.14_1,MEX,Jalisco,2026,31.564487733081176
MEX.14_1,MEX,Jalisco,2027,29.345725763647895
MEX.14_1,MEX,Jalisco,2028,27.126963794214614
MEX.14_1,MEX,Jalisco,2029,24.908201824781337
MEX.14_1,MEX,Jalisco,2030,22.689439855348056
MEX.14_1,MEX,Jalisco,2031,21.554967862580654
MEX.14_1,MEX,Jalisco,2032,20.420495869813248
MEX.14_1,MEX,Jalisco,2033,19.286023877045846
MEX.14_1,MEX,Jalisco,2034,18.151551884278444
MEX.14_1,MEX,Jalisco,2035,17.01707989151104
MEX.14_1,MEX,Jalisco,2036,15.882607898743636
MEX.14_1,MEX,Jalisco,2037,14.748135905976236
MEX.14_1,MEX,Jalisco,2038,13.613663913208834
MEX.14_1,MEX,Jalisco,2039,12.47919192044143
MEX.14_1,MEX,Jalisco,2040,11.344719927674028
MEX.14_1,MEX,Jalisco,2041,10.210247934906624
MEX.14_1,MEX,Jalisco,2042,9.075775942139222
MEX.14_1,MEX,Jalisco,2043,7.941303949371818
MEX.14_1,MEX,Jalisco,2044,6.806831956604418
MEX.14_1,MEX,Jalisco,2045,5.672359963837013
MEX.14_1,MEX,Jalisco,2046,4.537887971069612
MEX.14_1,MEX,Jalisco,2047,3.4034159783022067
MEX.14_1,MEX,Jalisco,2048,2.268943985534806
MEX.14_1,MEX,Jalisco,2049,1.1344719927674047
MEX.14_1,MEX,Jalisco,2050,0
MEX.15_1,MEX,Mexico State,2010,40.336156630030814
MEX.15_1,MEX,Mexico State,2011,39.831954672155426
MEX.15_1,MEX,Mexico State,2012,39.32775271428004
MEX.15_1,MEX,Mexico State,2013,38.82355075640465
MEX.15_1,MEX,Mexico State,2014,38.31934879852927
MEX.15_1,MEX,Mexico State,2015,37.81514684065388
MEX.15_1,MEX,Mexico State,2016,37.3109448827785
MEX.15_1,MEX,Mexico State,2017,36.80674292490312
MEX.15_1,MEX,Mexico State,2018,36.30254096702773
MEX.15_1,MEX,Mexico State,2019,35.79833900915234
MEX.15_1,MEX,Mexico State,2020,35.29413705127696
MEX.15_1,MEX,Mexico State,2021,34.789935093401574
MEX.15_1,MEX,Mexico State,2022,34.285733135526186
MEX.15_1,MEX,Mexico State,2023,33.781531177650805
MEX.15_1,MEX,Mexico State,2024,33.27732921977542
MEX.15_1,MEX,Mexico State,2025,32.773127261900036
MEX.15_1,MEX,Mexico State,2026,32.26892530402465
MEX.15_1,MEX,Mexico State,2027,31.764723346149268
MEX.15_1,MEX,Mexico State,2028,31.26052138827388
MEX.15_1,MEX,Mexico State,2029,30.756319430398495
MEX.15_1,MEX,Mexico State,2030,30.252117472523107
MEX.15_1,MEX,Mexico State,2031,29.747915514647723
MEX.15_1,MEX,Mexico State,2032,29.243713556772338
MEX.15_1,MEX,Mexico State,2033,28.739511598896954
MEX.15_1,MEX,Mexico State,2034,28.23530964102157
MEX.15_1,MEX,Mexico State,2035,27.73110768314618
MEX.15_1,MEX,Mexico State,2036,27.226905725270797
MEX.15_1,MEX,Mexico State,2037,26.722703767395412
MEX.15_1,MEX,Mexico State,2038,26.218501809520028
MEX.15_1,MEX,Mexico State,2039,25.714299851644643
MEX.15_1,MEX,Mexico State,2040,25.210097893769255
MEX.15_1,MEX,Mexico State,2041,24.70589593589387
MEX.15_1,MEX,Mexico State,2042,24.201693978018486
MEX.15_1,MEX,Mexico State,2043,23.697492020143102
MEX.15_1,MEX,Mexico State,2044,23.193290062267717
MEX.15_1,MEX,Mexico State,2045,22.68908810439233
MEX.15_1,MEX,Mexico State,2046,22.184886146516945
MEX.15_1,MEX,Mexico State,2047,21.68068418864156
MEX.15_1,MEX,Mexico State,2048,21.176482230766176
MEX.15_1,MEX,Mexico State,2049,20.67228027289079
MEX.15_1,MEX,Mexico State,2050,20.168078315015407
MEX.19_1,MEX,Nuevo León,2019,49.14636251159178
MEX.19_1,MEX,Nuevo León,2020,47.30337391740709
MEX.19_1,MEX,Nuevo León,2021,45.4603853232224
MEX.19_1,MEX,Nuevo León,2022,43.61739672903771
MEX.19_1,MEX,Nuevo León,2023,41.77440813485302
MEX.19_1,MEX,Nuevo León,2024,39.93141954066832
MEX.19_1,MEX,Nuevo León,2025,38.08843094648363
MEX.19_1,MEX,Nuevo León,2026,36.245442352298944
MEX.19_1,MEX,Nuevo León,2027,34.40245375811425
MEX.23_1,MEX,Quintana Roo,2015,6.920845741256011
MEX.23_1,MEX,Quintana Roo,2016,6.8239539008784265
MEX.23_1,MEX,Quintana Roo,2017,6.727062060500843
MEX.23_1,MEX,Quintana Roo,2018,6.630170220123259
MEX.23_1,MEX,Quintana Roo,2019,6.533278379745674
MEX.23_1,MEX,Quintana Roo,2020,6.43638653936809
MEX.23_1,MEX,Quintana Roo,2021,6.3394946989905065
MEX.23_1,MEX,Quintana Roo,2022,6.242602858612921
MEX.23_1,MEX,Quintana Roo,2023,6.145711018235337
MEX.23_1,MEX,Quintana Roo,2024,6.0488191778577525
MEX.23_1,MEX,Quintana Roo,2025,5.951927337480169
MEX.23_1,MEX,Quintana Roo,2026,5.855035497102585
MEX.23_1,MEX,Quintana Roo,2027,5.758143656725
MEX.23_1,MEX,Quintana Roo,2028,5.661251816347416
MEX.23_1,MEX,Quintana Roo,2029,5.564359975969833
MEX.23_1,MEX,Quintana Roo,2030,5.467468135592248
MEX.23_1,MEX,Quintana Roo,2031,5.322130375025872
MEX.23_1,MEX,Quintana Roo,2032,5.176792614459496
MEX.23_1,MEX,Quintana Roo,2033,5.03145485389312
MEX.23_1,MEX,Quintana Roo,2034,4.886117093326743
MEX.23_1,MEX,Quintana Roo,2035,4.740779332760368
MEX.23_1,MEX,Quintana Roo,2036,4.595441572193991
MEX.23_1,MEX,Quintana Roo,2037,4.450103811627615
MEX.23_1,MEX,Quintana Roo,2038,4.304766051061239
MEX.23_1,MEX,Quintana Roo,2039,4.159428290494862
MEX.23_1,MEX,Quintana Roo,2040,4.014090529928486
MEX.23_1,MEX,Quintana Roo,2041,3.8687527693621098
MEX.23_1,MEX,Quintana Roo,2042,3.723415008795734
MEX.23_1,MEX,Quintana Roo,2043,3.5780772482293575
MEX.23_1,MEX,Quintana Roo,2044,3.4327394876629818
MEX.23_1,MEX,Quintana Roo,2045,3.287401727096605
MEX.23_1,MEX,Quintana Roo,2046,3.142063966530229
MEX.23_1,MEX,Quintana Roo,2047,2.996726205963853
MEX.23_1,MEX,Quintana Roo,2048,2.8513884453974767
MEX.23_1,MEX,Quintana Roo,2049,2.7060506848311006
MEX.23_1,MEX,Quintana Roo,2050,2.5607129242647244
MEX.31_1,MEX,Yucatan,2005,10.34626595546664
MEX.31_1,MEX,Yucatan,2006,10.180725700179172
MEX.31_1,MEX,Yucatan,2007,10.015185444891706
MEX.31_1,MEX,Yucatan,2008,9.84964518960424
MEX.31_1,MEX,Yucatan,2009,9.684104934316775
MEX.31_1,MEX,Yucatan,2010,9.518564679029309
MEX.31_1,MEX,Yucatan,2011,9.353024423741841
MEX.31_1,MEX,Yucatan,2012,9.187484168454375
MEX.31_1,MEX,Yucatan,2013,9.021943913166908
MEX.31_1,MEX,Yucatan,2014,8.856403657879444
MEX.31_1,MEX,Yucatan,2015,8.690863402591978
MEX.31_1,MEX,Yucatan,2016,8.52532314730451
MEX.31_1,MEX,Yucatan,2017,8.359782892017044
MEX.31_1,MEX,Yucatan,2018,8.194242636729578
MEX.31_1,MEX,Yucatan,2019,8.028702381442113
MEX.31_1,MEX,Yucatan,2020,7.863162126154647
MEX.31_1,MEX,Yucatan,2021,7.69762187086718
MEX.31_1,MEX,Yucatan,2022,7.532081615579713
MEX.31_1,MEX,Yucatan,2023,7.3665413602922465
MEX.31_1,MEX,Yucatan,2024,7.201001105004781
MEX.31_1,MEX,Yucatan,2025,7.035460849717315
MEX.31_1,MEX,Yucatan,2026,6.869920594429849
MEX.31_1,MEX,Yucatan,2027,6.704380339142382
MEX.31_1,MEX,Yucatan,2028,6.538840083854915
MEX.31_1,MEX,Yucatan,2029,6.37329982856745
MEX.31_1,MEX,Yucatan,2030,6.207759573279984
POL.15_1,POL,Greater Poland,2022,28.530009077386474
POL.15_1,POL,Greater Poland,2023,26.94500857308722
POL.15_1,POL,Greater Poland,2024,25.360008068787977
POL.15_1,POL,Greater Poland,2025,23.775007564488728
POL.15_1,POL,Greater Poland,2026,22.19000706018948
POL.15_1,POL,Greater Poland,2027,20.605006555890228
POL.15_1,POL,Greater Poland,2028,19.020006051590983
POL.15_1,POL,Greater Poland,2029,17.435005547291734
POL.15_1,POL,Greater Poland,2030,15.850005042992485
POL.15_1,POL,Greater Poland,2031,14.265004538693237
POL.15_1,POL,Greater Poland,2032,12.680004034393987
POL.15_1,POL,Greater Poland,2033,11.09500353009474
POL.15_1,POL,Greater Poland,2034,9.510003025795493
POL.15_1,POL,Greater Poland,2035,7.925002521496244
POL.15_1,POL,Greater Poland,2036,6.340002017196994
POL.15_1,POL,Greater Poland,2037,4.755001512897745
POL.15_1,POL,Greater Poland,2038,3.170001008598499
POL.15_1,POL,Greater Poland,2039,1.5850005042992494
POL.15_1,POL,Greater Poland,2040,0
POL.6_1,POL,Lesser Poland Voivodeship,2018,22.003444315412107
POL.6_1,POL,Lesser Poland Voivodeship,2019,21.269996171565037
POL.6_1,POL,Lesser Poland Voivodeship,2020,20.536548027717966
POL.6_1,POL,Lesser Poland Voivodeship,2021,19.803099883870896
POL.6_1,POL,Lesser Poland Voivodeship,2022,19.069651740023826
POL.6_1,POL,Lesser Poland Voivodeship,2023,18.336203596176755
POL.6_1,POL,Lesser Poland Voivodeship,2024,17.60275545232969
POL.6_1,POL,Lesser Poland Voivodeship,2025,16.869307308482618
POL.6_1,POL,Lesser Poland Voivodeship,2026,16.135859164635548
POL.6_1,POL,Lesser Poland Voivodeship,2027,15.402411020788476
POL.6_1,POL,Lesser Poland Voivodeship,2028,14.668962876941405
POL.6_1,POL,Lesser Poland Voivodeship,2029,13.935514733094335
POL.6_1,POL,Lesser Poland Voivodeship,2030,13.202066589247265
RUS.61_1,RUS,Sakhalin Oblast,2022,55.588902755988705
RUS.61_1,RUS,Sakhalin Oblast,2023,37.05926850399247
RUS.61_1,RUS,Sakhalin Oblast,2024,18.529634251996235
RUS.61_1,RUS,Sakhalin Oblast,2025,0
USA.10_1,USA,Florida,1990,179.89782739334325
USA.10_1,USA,Florida,1991,177.49918969476533
USA.10_1,USA,Florida,1992,175.10055199618742
USA.10_1,USA,Florida,1993,172.7019142976095
USA.10_1,USA,Florida,1994,170.3032765990316
USA.10_1,USA,Florida,1995,167.90463890045368
USA.10_1,USA,Florida,1996,165.5060012018758
USA.10_1,USA,Florida,1997,163.10736350329788
USA.10_1,USA,Florida,1998,160.70872580471996
USA.10_1,USA,Florida,1999,158.31008810614205
USA.10_1,USA,Florida,2000,155.91145040756413
USA.10_1,USA,Florida,2001,153.51281270898622
USA.10_1,USA,Florida,2002,151.1141750104083
USA.10_1,USA,Florida,2003,148.7155373118304
USA.10_1,USA,Florida,2004,146.3168996132525
USA.10_1,USA,Florida,2005,143.9182619146746
USA.10_1,USA,Florida,2006,141.51962421609667
USA.10_1,USA,Florida,2007,139.12098651751876
USA.10_1,USA,Florida,2008,136.72234881894084
USA.10_1,USA,Florida,2009,134.32371112036293
USA.10_1,USA,Florida,2010,131.92507342178504
USA.10_1,USA,Florida,2011,129.52643572320713
USA.10_1,USA,Florida,2012,127.12779802462921
USA.10_1,USA,Florida,2013,124.7291603260513
USA.10_1,USA,Florida,2014,122.33052262747339
USA.10_1,USA,Florida,2015,119.93188492889547
USA.10_1,USA,Florida,2016,117.53324723031756
USA.10_1,USA,Florida,2017,115.13460953173967
USA.10_1,USA,Florida,2018,112.73597183316176
USA.10_1,USA,Florida,2019,110.33733413458384
USA.10_1,USA,Florida,2020,107.93869643600594
USA.10_1,USA,Florida,2021,105.54005873742803
USA.10_1,USA,Florida,2022,103.14142103885011
USA.10_1,USA,Florida,2023,100.7427833402722
USA.10_1,USA,Florida,2024,98.3441456416943
USA.10_1,USA,Florida,2025,95.94550794311638
USA.10_1,USA,Florida,2026,93.54687024453847
USA.10_1,USA,Florida,2027,91.14823254596055
USA.10_1,USA,Florida,2028,88.74959484738267
USA.10_1,USA,Florida,2029,86.35095714880474
USA.10_1,USA,Florida,2030,83.95231945022684
USA.10_1,USA,Florida,2031,81.55368175164892
USA.10_1,USA,Florida,2032,79.15504405307102
USA.10_1,USA,Florida,2033,76.7564063544931
USA.10_1,USA,Florida,2034,74.3577686559152
USA.10_1,USA,Florida,2035,71.9591309573373
USA.10_1,USA,Florida,2036,69.56049325875937
USA.10_1,USA,Florida,2037,67.16185556018146
USA.10_1,USA,Florida,2038,64.76321786160354
USA.10_1,USA,Florida,2039,62.36458016302565
USA.10_1,USA,Florida,2040,59.96594246444772
USA.10_1,USA,Florida,2041,57.56730476586983
USA.10_1,USA,Florida,2042,55.1686670672919
USA.10_1,USA,Florida,2043,52.770029368714006
USA.10_1,USA,Florida,2044,50.37139167013609
USA.10_1,USA,Florida,2045,47.972753971558184
USA.10_1,USA,Florida,2046,45.57411627298027
USA.10_1,USA,Florida,2047,43.17547857440236
USA.10_1,USA,Florida,2048,40.776840875824455
USA.10_1,USA,Florida,2049,38.37820317724654
USA.10_1,USA,Florida,2050,35.97956547866863
USA.12_1,USA,Hawaii,1990,8.801980114413874
USA.12_1,USA,Hawaii,1991,8.641944112333622
USA.12_1,USA,Hawaii,1992,8.48190811025337
USA.12_1,USA,Hawaii,1993,8.321872108173118
USA.12_1,USA,Hawaii,1994,8.161836106092865
USA.12_1,USA,Hawaii,1995,8.001800104012613
USA.12_1,USA,Hawaii,1996,7.841764101932361
USA.12_1,USA,Hawaii,1997,7.6817280998521085
USA.12_1,USA,Hawaii,1998,7.521692097771856
USA.12_1,USA,Hawaii,1999,7.361656095691604
USA.12_1,USA,Hawaii,2000,7.201620093611353
USA.12_1,USA,Hawaii,2001,7.041584091531099
USA.12_1,USA,Hawaii,2002,6.881548089450847
USA.12_1,USA,Hawaii,2003,6.721512087370595
USA.12_1,USA,Hawaii,2004,6.561476085290343
USA.12_1,USA,Hawaii,2005,6.40144008321009
USA.12_1,USA,Hawaii,2006,6.241404081129838
USA.12_1,USA,Hawaii,2007,6.081368079049585
USA.12_1,USA,Hawaii,2008,5.921332076969333
USA.12_1,USA,Hawaii,2009,5.7612960748890805
USA.12_1,USA,Hawaii,2010,5.601260072808829
USA.12_1,USA,Hawaii,2011,5.441224070728577
USA.12_1,USA,Hawaii,2012,5.281188068648325
USA.12_1,USA,Hawaii,2013,5.121152066568073
USA.12_1,USA,Hawaii,2014,4.96111606448782
USA.12_1,USA,Hawaii,2015,4.801080062407568
USA.12_1,USA,Hawaii,2016,4.6410440603273155
USA.12_1,USA,Hawaii,2017,4.481008058247063
USA.12_1,USA,Hawaii,2018,4.320972056166812
USA.12_1,USA,Hawaii,2019,4.16093605408656
USA.12_1,USA,Hawaii,2020,4.000900052006307
USA.12_1,USA,Hawaii,2021,3.8408640499260547
USA.12_1,USA,Hawaii,2022,3.6808280478458024
USA.12_1,USA,Hawaii,2023,3.5207920457655497
USA.12_1,USA,Hawaii,2024,3.3607560436852975
USA.12_1,USA,Hawaii,2025,3.200720041605045
USA.12_1,USA,Hawaii,2026,3.0406840395247925
USA.12_1,USA,Hawaii,2027,2.8806480374445402
USA.12_1,USA,Hawaii,2028,2.720612035364288
USA.12_1,USA,Hawaii,2029,2.5605760332840366
USA.12_1,USA,Hawaii,2030,2.400540031203784
USA.12_1,USA,Hawaii,2031,2.2405040291235316
USA.12_1,USA,Hawaii,2032,2.0804680270432794
USA.12_1,USA,Hawaii,2033,1.920432024963027
USA.12_1,USA,Hawaii,2034,1.7603960228827744
USA.12_1,USA,Hawaii,2035,1.6003600208025222
USA.12_1,USA,Hawaii,2036,1.4403240187222706
USA.12_1,USA,Hawaii,2037,1.2802880166420183
USA.12_1,USA,Hawaii,2038,1.1202520145617658
USA.12_1,USA,Hawaii,2039,0.9602160124815134
USA.12_1,USA,Hawaii,2040,0.800180010401262
USA.12_1,USA,Hawaii,2041,0.6401440083210096
USA.12_1,USA,Hawaii,2042,0.48010800624075717
USA.12_1,USA,Hawaii,2043,0.3200720041605048
USA.12_1,USA,Hawaii,2044,0.1600360020802524
USA.12_1,USA,Hawaii,2045,0
USA.14_1,USA,Illinois,2005,298.42876141960966
USA.14_1,USA,Illinois,2006,294.54918752115475
USA.14_1,USA,Illinois,2007,290.6696136226998
USA.14_1,USA,Illinois,2008,286.7900397242449
USA.14_1,USA,Illinois,2009,282.91046582578997
USA.14_1,USA,Illinois,2010,279.030891927335
USA.14_1,USA,Illinois,2011,275.1513180288801
USA.14_1,USA,Illinois,2012,271.2717441304252
USA.14_1,USA,Illinois,2013,267.3921702319702
USA.14_1,USA,Illinois,2014,263.5125963335153
USA.14_1,USA,Illinois,2015,259.6330224350604
USA.14_1,USA,Illinois,2016,255.75344853660548
USA.14_1,USA,Illinois,2017,251.87387463815057
USA.14_1,USA,Illinois,2018,247.99430073969563
USA.14_1,USA,Illinois,2019,244.1147268412407
USA.14_1,USA,Illinois,2020,240.2351529427858
USA.14_1,USA,Illinois,2021,236.35557904433085
USA.14_1,USA,Illinois,2022,232.47600514587594
USA.14_1,USA,Illinois,2023,228.59643124742104
USA.14_1,USA,Illinois,2024,224.7168573489661
USA.14_1,USA,Illinois,2025,220.83728345051117
USA.14_1,USA,Illinois,2026,212.00379211249071
USA.14_1,USA,Illinois,2027,203.17030077447026
USA.14_1,USA,Illinois,2028,194.3368094364498
USA.14_1,USA,Illinois,2029,185.5033180984294
USA.14_1,USA,Illinois,2030,176.66982676040894
USA.14_1,USA,Illinois,2031,167.8363354223885
USA.14_1,USA,Illinois,2032,159.002844084368
USA.14_1,USA,Illinois,2033,150.1693527463476
USA.14_1,USA,Illinois,2034,141.33586140832716
USA.14_1,USA,Illinois,2035,132.50237007030668
USA.14_1,USA,Illinois,2036,123.66887873228625
USA.14_1,USA,Illinois,2037,114.8353873942658
USA.14_1,USA,Illinois,2038,106.00189605624536
USA.14_1,USA,Illinois,2039,97.16840471822489
USA.14_1,USA,Illinois,2040,88.33491338020447
USA.14_1,USA,Illinois,2041,79.50142204218403
USA.14_1,USA,Illinois,2042,70.66793070416355
USA.14_1,USA,Illinois,2043,61.83443936614314
USA.14_1,USA,Illinois,2044,53.000948028122664
USA.14_1,USA,Illinois,2045,44.16745669010222
USA.14_1,USA,Illinois,2046,35.333965352081805
USA.14_1,USA,Illinois,2047,26.500474014061332
USA.14_1,USA,Illinois,2048,17.666982676040888
USA.14_1,USA,Illinois,2049,8.833491338020444
USA.14_1,USA,Illinois,2050,0
USA.19_1,USA,Louisiana,2005,173.42862915558945
USA.19_1,USA,Louisiana,2006,171.1740569765668
USA.19_1,USA,Louisiana,2007,168.91948479754413
USA.19_1,USA,Louisiana,2008,166.66491261852147
USA.19_1,USA,Louisiana,2009,164.4103404394988
USA.19_1,USA,Louisiana,2010,162.15576826047615
USA.19_1,USA,Louisiana,2011,159.90119608145346
USA.19_1,USA,Louisiana,2012,157.64662390243083
USA.19_1,USA,Louisiana,2013,155.39205172340817
USA.19_1,USA,Louisiana,2014,153.13747954438549
USA.19_1,USA,Louisiana,2015,150.88290736536283
USA.19_1,USA,Louisiana,2016,148.62833518634017
USA.19_1,USA,Louisiana,2017,146.3737630073175
USA.19_1,USA,Louisiana,2018,144.11919082829485
USA.19_1,USA,Louisiana,2019,141.86461864927216
USA.19_1,USA,Louisiana,2020,139.61004647024953
USA.19_1,USA,Louisiana,2021,137.35547429122687
USA.19_1,USA,Louisiana,2022,135.10090211220418
USA.19_1,USA,Louisiana,2023,132.84632993318152
USA.19_1,USA,Louisiana,2024,130.59175775415886
USA.19_1,USA,Louisiana,2025,128.3371855751362
USA.19_1,USA,Louisiana,2026,123.20369815213076
USA.19_1,USA,Louisiana,2027,118.07021072912531
USA.19_1,USA,Louisiana,2028,112.93672330611986
USA.19_1,USA,Louisiana,2029,107.80323588311441
USA.19_1,USA,Louisiana,2030,102.66974846010896
USA.19_1,USA,Louisiana,2031,97.5362610371035
USA.19_1,USA,Louisiana,2032,92.40277361409805
USA.19_1,USA,Louisiana,2033,87.2692861910926
USA.19_1,USA,Louisiana,2034,82.13579876808718
USA.19_1,USA,Louisiana,2035,77.00231134508172
USA.19_1,USA,Louisiana,2036,71.86882392207627
USA.19_1,USA,Louisiana,2037,66.73533649907083
USA.19_1,USA,Louisiana,2038,61.60184907606538
USA.19_1,USA,Louisiana,2039,56.468361653059915
USA.19_1,USA,Louisiana,2040,51.33487423005448
USA.19_1,USA,Louisiana,2041,46.20138680704903
USA.19_1,USA,Louisiana,2042,41.06789938404357
USA.19_1,USA,Louisiana,2043,35.934411961038144
USA.19_1,USA,Louisiana,2044,30.80092453803268
USA.19_1,USA,Louisiana,2045,25.667437115027234
USA.19_1,USA,Louisiana,2046,20.533949692021803
USA.19_1,USA,Louisiana,2047,15.40046226901634
USA.19_1,USA,Louisiana,2048,10.266974846010893
USA.19_1,USA,Louisiana,2049,5.133487423005446
USA.19_1,USA,Louisiana,2050,0
USA.20_1,USA,Maine,1990,25.19177972705593
USA.20_1,USA,Maine,1991,24.90837220512655
USA.20_1,USA,Maine,1992,24.62496468319717
USA.20_1,USA,Maine,1993,24.34155716126779
USA.20_1,USA,Maine,1994,24.05814963933841
USA.20_1,USA,Maine,1995,23.774742117409033
USA.20_1,USA,Maine,1996,23.491334595479657
USA.20_1,USA,Maine,1997,23.207927073550277
USA.20_1,USA,Maine,1998,22.924519551620897
USA.20_1,USA,Maine,1999,22.641112029691516
USA.20_1,USA,Maine,2000,22.357704507762136
USA.20_1,USA,Maine,2001,22.07429698583276
USA.20_1,USA,Maine,2002,21.79088946390338
USA.20_1,USA,Maine,2003,21.507481941974
USA.20_1,USA,Maine,2004,21.22407442004462
USA.20_1,USA,Maine,2005,20.94066689811524
USA.20_1,USA,Maine,2006,20.65725937618586
USA.20_1,USA,Maine,2007,20.373851854256483
USA.20_1,USA,Maine,2008,20.090444332327106
USA.20_1,USA,Maine,2009,19.807036810397726
USA.20_1,USA,Maine,2010,19.523629288468346
USA.20_1,USA,Maine,2011,19.240221766538966
USA.20_1,USA,Maine,2012,18.956814244609586
USA.20_1,USA,Maine,2013,18.67340672268021
USA.20_1,USA,Maine,2014,18.38999920075083
USA.20_1,USA,Maine,2015,18.10659167882145
USA.20_1,USA,Maine,2016,17.82318415689207
USA.20_1,USA,Maine,2017,17.53977663496269
USA.20_1,USA,Maine,2018,17.25636911303331
USA.20_1,USA,Maine,2019,16.972961591103935
USA.20_1,USA,Maine,2020,16.68955406917455
USA.20_1,USA,Maine,2021,16.40614654724517
USA.20_1,USA,Maine,2022,16.122739025315795
USA.20_1,USA,Maine,2023,15.839331503386415
USA.20_1,USA,Maine,2024,15.555923981457036
USA.20_1,USA,Maine,2025,15.272516459527656
USA.20_1,USA,Maine,2026,14.989108937598276
USA.20_1,USA,Maine,2027,14.705701415668898
USA.20_1,USA,Maine,2028,14.42229389373952
USA.20_1,USA,Maine,2029,14.13888637181014
USA.20_1,USA,Maine,2030,13.855478849880761
USA.20_1,USA,Maine,2031,12.931780259888711
USA.20_1,USA,Maine,2032,12.008081669896658
USA.20_1,USA,Maine,2033,11.084383079904608
USA.20_1,USA,Maine,2034,10.160684489912558
USA.20_1,USA,Maine,2035,9.236985899920509
USA.20_1,USA,Maine,2036,8.313287309928457
USA.20_1,USA,Maine,2037,7.389588719936405
USA.20_1,USA,Maine,2038,6.465890129944356
USA.20_1,USA,Maine,2039,5.542191539952304
USA.20_1,USA,Maine,2040,4.618492949960254
USA.20_1,USA,Maine,2041,3.694794359968204
USA.20_1,USA,Maine,2042,2.771095769976152
USA.20_1,USA,Maine,2043,1.8473971799841002
USA.20_1,USA,Maine,2044,0.9236985899920501
USA.20_1,USA,Maine,2045,0
USA.21_1,USA,Maryland,2006,64.49916040220674
USA.21_1,USA,Maryland,2007,62.95118055255378
USA.21_1,USA,Maryland,2008,61.40320070290082
USA.21_1,USA,Maryland,2009,59.85522085324786
USA.21_1,USA,Maryland,2010,58.30724100359489
USA.21_1,USA,Maryland,2011,56.75926115394193
USA.21_1,USA,Maryland,2012,55.21128130428897
USA.21_1,USA,Maryland,2013,53.663301454636006
USA.21_1,USA,Maryland,2014,52.115321604983045
USA.21_1,USA,Maryland,2015,50.567341755330084
USA.21_1,USA,Maryland,2016,49.01936190567712
USA.21_1,USA,Maryland,2017,47.47138205602416
USA.21_1,USA,Maryland,2018,45.9234022063712
USA.21_1,USA,Maryland,2019,44.37542235671824
USA.21_1,USA,Maryland,2020,42.82744250706527
USA.21_1,USA,Maryland,2021,41.27946265741232
USA.21_1,USA,Maryland,2022,39.73148280775935
USA.21_1,USA,Maryland,2023,38.18350295810638
USA.21_1,USA,Maryland,2024,36.63552310845343
USA.21_1,USA,Maryland,2025,35.08754325880046
USA.21_1,USA,Maryland,2026,33.539563409147505
USA.21_1,USA,Maryland,2027,31.991583559494543
USA.21_1,USA,Maryland,2028,30.44360370984158
USA.21_1,USA,Maryland,2029,28.895623860188618
USA.21_1,USA,Maryland,2030,27.347644010535657
USA.21_1,USA,Maryland,2031,25.799664160882696
USA.21_1,USA,Maryland,2032,23.956831006533932
USA.21_1,USA,Maryland,2033,22.113997852185168
USA.21_1,USA,Maryland,2034,20.271164697836408
USA.21_1,USA,Maryland,2035,18.42833154348764
USA.21_1,USA,Maryland,2036,16.585498389138877
USA.21_1,USA,Maryland,2037,14.742665234790113
USA.21_1,USA,Maryland,2038,12.899832080441348
USA.21_1,USA,Maryland,2039,11.056998926092586
USA.21_1,USA,Maryland,2040,9.214165771743819
USA.21_1,USA,Maryland,2041,7.371332617395055
USA.21_1,USA,Maryland,2042,5.528499463046294
USA.21_1,USA,Maryland,2043,3.685666308697529
USA.21_1,USA,Maryland,2044,1.8428331543487646
USA.21_1,USA,Maryland,2045,0
USA.22_1,USA,Massachusetts,1990,48.787481486190316
USA.22_1,USA,Massachusetts,1991,48.327485232177665
USA.22_1,USA,Massachusetts,1992,47.867488978165014
USA.22_1,USA,Massachusetts,1993,47.40749272415236
USA.22_1,USA,Massachusetts,1994,46.94749647013971
USA.22_1,USA,Massachusetts,1995,46.48750021612706
USA.22_1,USA,Massachusetts,1996,46.02750396211441
USA.22_1,USA,Massachusetts,1997,45.56750770810176
USA.22_1,USA,Massachusetts,1998,45.107511454089106
USA.22_1,USA,Massachusetts,1999,44.647515200076455
USA.22_1,USA,Massachusetts,2000,44.187518946063804
USA.22_1,USA,Massachusetts,2001,43.72752269205115
USA.22_1,USA,Massachusetts,2002,43.2675264380385
USA.22_1,USA,Massachusetts,2003,42.80753018402584
USA.22_1,USA,Massachusetts,2004,42.34753393001319
USA.22_1,USA,Massachusetts,2005,41.88753767600055
USA.22_1,USA,Massachusetts,2006,41.42754142198789
USA.22_1,USA,Massachusetts,2007,40.967545167975246
USA.22_1,USA,Massachusetts,2008,40.507548913962594
USA.22_1,USA,Massachusetts,2009,40.04755265994994
USA.22_1,USA,Massachusetts,2010,39.58755640593729
USA.22_1,USA,Massachusetts,2011,39.12756015192464
USA.22_1,USA,Massachusetts,2012,38.66756389791199
USA.22_1,USA,Massachusetts,2013,38.20756764389934
USA.22_1,USA,Massachusetts,2014,37.74757138988669
USA.22_1,USA,Massachusetts,2015,37.287575135874036
USA.22_1,USA,Massachusetts,2016,36.827578881861385
USA.22_1,USA,Massachusetts,2017,36.367582627848726
USA.22_1,USA,Massachusetts,2018,35.907586373836075
USA.22_1,USA,Massachusetts,2019,35.447590119823424
USA.22_1,USA,Massachusetts,2020,34.98759386581077
USA.22_1,USA,Massachusetts,2021,34.52759761179812
USA.22_1,USA,Massachusetts,2022,34.06760135778547
USA.22_1,USA,Massachusetts,2023,33.60760510377282
USA.22_1,USA,Massachusetts,2024,33.14760884976017
USA.22_1,USA,Massachusetts,2025,32.68761259574752
USA.22_1,USA,Massachusetts,2026,31.028838225217044
USA.22_1,USA,Massachusetts,2027,29.370063854686574
USA.22_1,USA,Massachusetts,2028,27.7112894841561
USA.22_1,USA,Massachusetts,2029,26.05251511362563
USA.22_1,USA,Massachusetts,2030,24.393740743095158
USA.22_1,USA,Massachusetts,2031,23.174053705940402
USA.22_1,USA,Massachusetts,2032,21.954366668785642
USA.22_1,USA,Massachusetts,2033,20.734679631630886
USA.22_1,USA,Massachusetts,2034,19.514992594476126
USA.22_1,USA,Massachusetts,2035,18.29530555732137
USA.22_1,USA,Massachusetts,2036,17.075618520166614
USA.22_1,USA,Massachusetts,2037,15.855931483011855
USA.22_1,USA,Massachusetts,2038,14.636244445857095
USA.22_1,USA,Massachusetts,2039,13.416557408702339
USA.22_1,USA,Massachusetts,2040,12.196870371547579
USA.22_1,USA,Massachusetts,2041,10.977183334392821
USA.22_1,USA,Massachusetts,2042,9.757496297238065
USA.22_1,USA,Massachusetts,2043,8.537809260083305
USA.22_1,USA,Massachusetts,2044,7.31812222292855
USA.22_1,USA,Massachusetts,2045,6.0984351857737895
USA.22_1,USA,Massachusetts,2046,4.87874814861903
USA.22_1,USA,Massachusetts,2047,3.6590611114642733
USA.22_1,USA,Massachusetts,2048,2.4393740743095167
USA.22_1,USA,Massachusetts,2049,1.2196870371547601
USA.22_1,USA,Massachusetts,2050,0
USA.23_1,USA,Michigan,2005,165.47062995093702
USA.23_1,USA,Michigan,2006,163.15404113162393
USA.23_1,USA,Michigan,2007,160.83745231231077
USA.23_1,USA,Michigan,2008,158.52086349299768
USA.23_1,USA,Michigan,2009,156.20427467368458
USA.23_1,USA,Michigan,2010,153.88768585437143
USA.23_1,USA,Michigan,2011,151.57109703505833
USA.23_1,USA,Michigan,2012,149.2545082157452
USA.23_1,USA,Michigan,2013,146.93791939643208
USA.23_1,USA,Michigan,2014,144.62133057711895
USA.23_1,USA,Michigan,2015,142.30474175780586
USA.23_1,USA,Michigan,2016,139.9881529384927
USA.23_1,USA,Michigan,2017,137.6715641191796
USA.23_1,USA,Michigan,2018,135.3549752998665
USA.23_1,USA,Michigan,2019,133.03838648055338
USA.23_1,USA,Michigan,2020,130.72179766124026
USA.23_1,USA,Michigan,2021,128.40520884192713
USA.23_1,USA,Michigan,2022,126.08862002261402
USA.23_1,USA,Michigan,2023,123.7720312033009
USA.23_1,USA,Michigan,2024,121.45544238398779
USA.23_1,USA,Michigan,2025,119.13885356467466
USA.23_1,USA,Michigan,2026,111.19626332702968
USA.23_1,USA,Michigan,2027,103.2536730893847
USA.23_1,USA,Michigan,2028,95.31108285173974
USA.23_1,USA,Michigan,2029,87.36849261409475
USA.23_1,USA,Michigan,2030,79.42590237644978
USA.23_1,USA,Michigan,2031,75.45460725762729
USA.23_1,USA,Michigan,2032,71.48331213880479
USA.23_1,USA,Michigan,2033,67.51201701998231
USA.23_1,USA,Michigan,2034,63.54072190115982
USA.23_1,USA,Michigan,2035,59.56942678233734
USA.23_1,USA,Michigan,2036,55.59813166351484
USA.23_1,USA,Michigan,2037,51.62683654469235
USA.23_1,USA,Michigan,2038,47.65554142586987
USA.23_1,USA,Michigan,2039,43.684246307047374
USA.23_1,USA,Michigan,2040,39.71295118822489
USA.23_1,USA,Michigan,2041,35.741656069402396
USA.23_1,USA,Michigan,2042,31.77036095057991
USA.23_1,USA,Michigan,2043,27.799065831757417
USA.23_1,USA,Michigan,2044,23.827770712934935
USA.23_1,USA,Michigan,2045,19.856475594112442
USA.23_1,USA,Michigan,2046,15.885180475289955
USA.23_1,USA,Michigan,2047,11.913885356467471
USA.23_1,USA,Michigan,2048,7.94259023764497
USA.23_1,USA,Michigan,2049,3.971295118822485
USA.23_1,USA,Michigan,2050,0
USA.24_1,USA,Minnesota,2005,132.48738683244116
USA.24_1,USA,Minnesota,2006,130.50007602995456
USA.24_1,USA,Minnesota,2007,128.51276522746792
USA.24_1,USA,Minnesota,2008,126.5254544249813
USA.24_1,USA,Minnesota,2009,124.5381436224947
USA.24_1,USA,Minnesota,2010,122.55083282000808
USA.24_1,USA,Minnesota,2011,120.56352201752146
USA.24_1,USA,Minnesota,2012,118.57621121503485
USA.24_1,USA,Minnesota,2013,116.58890041254823
USA.24_1,USA,Minnesota,2014,114.60158961006161
USA.24_1,USA,Minnesota,2015,112.61427880757499
USA.24_1,USA,Minnesota,2016,110.62696800508837
USA.24_1,USA,Minnesota,2017,108.63965720260175
USA.24_1,USA,Minnesota,2018,106.65234640011515
USA.24_1,USA,Minnesota,2019,104.66503559762853
USA.24_1,USA,Minnesota,2020,102.6777247951419
USA.24_1,USA,Minnesota,2021,100.6904139926553
USA.24_1,USA,Minnesota,2022,98.70310319016868
USA.24_1,USA,Minnesota,2023,96.71579238768206
USA.24_1,USA,Minnesota,2024,94.72848158519545
USA.24_1,USA,Minnesota,2025,92.74117078270882
USA.24_1,USA,Minnesota,2026,90.09142304606
USA.24_1,USA,Minnesota,2027,87.44167530941118
USA.24_1,USA,Minnesota,2028,84.79192757276236
USA.24_1,USA,Minnesota,2029,82.14217983611353
USA.24_1,USA,Minnesota,2030,79.4924320994647
USA.24_1,USA,Minnesota,2031,76.84268436281589
USA.24_1,USA,Minnesota,2032,74.19293662616705
USA.24_1,USA,Minnesota,2033,71.54318888951823
USA.24_1,USA,Minnesota,2034,68.8934411528694
USA.24_1,USA,Minnesota,2035,66.2436934162206
USA.24_1,USA,Minnesota,2036,63.59394567957176
USA.24_1,USA,Minnesota,2037,60.94419794292294
USA.24_1,USA,Minnesota,2038,58.294450206274114
USA.24_1,USA,Minnesota,2039,55.64470246962529
USA.24_1,USA,Minnesota,2040,52.994954732976474
USA.24_1,USA,Minnesota,2041,50.34520699632765
USA.24_1,USA,Minnesota,2042,47.69545925967882
USA.24_1,USA,Minnesota,2043,45.04571152303
USA.24_1,USA,Minnesota,2044,42.39596378638118
USA.24_1,USA,Minnesota,2045,39.74621604973235
USA.24_1,USA,Minnesota,2046,37.09646831308353
USA.24_1,USA,Minnesota,2047,34.4467205764347
USA.24_1,USA,Minnesota,2048,31.79697283978588
USA.24_1,USA,Minnesota,2049,29.14722510313706
USA.24_1,USA,Minnesota,2050,26.497477366488233
USA.27_1,USA,Montana,2005,78.58501281445103
USA.27_1,USA,Montana,2006,76.83867919635212
USA.27_1,USA,Montana,2007,75.09234557825322
USA.27_1,USA,Montana,2008,73.34601196015431
USA.27_1,USA,Montana,2009,71.5996783420554
USA.27_1,USA,Montana,2010,69.85334472395648
USA.27_1,USA,Montana,2011,68.10701110585757
USA.27_1,USA,Montana,2012,66.36067748775865
USA.27_1,USA,Montana,2013,64.61434386965975
USA.27_1,USA,Montana,2014,62.86801025156083
USA.27_1,USA,Montana,2015,61.121676633461924
USA.27_1,USA,Montana,2016,59.37534301536301
USA.27_1,USA,Montana,2017,57.62900939726409
USA.27_1,USA,Montana,2018,55.88267577916518
USA.27_1,USA,Montana,2019,54.136342161066274
USA.27_1,USA,Montana,2020,52.390008542967365
USA.27_1,USA,Montana,2021,50.64367492486845
USA.27_1,USA,Montana,2022,48.89734130676953
USA.27_1,USA,Montana,2023,47.15100768867062
USA.27_1,USA,Montana,2024,45.404674070571716
USA.27_1,USA,Montana,2025,43.6583404524728
USA.27_1,USA,Montana,2026,41.912006834373884
USA.27_1,USA,Montana,2027,40.165673216274975
USA.27_1,USA,Montana,2028,38.41933959817607
USA.27_1,USA,Montana,2029,36.67300598007716
USA.27_1,USA,Montana,2030,34.92667236197824
USA.27_1,USA,Montana,2031,33.18033874387933
USA.27_1,USA,Montana,2032,31.43400512578042
USA.27_1,USA,Montana,2033,29.687671507681504
USA.27_1,USA,Montana,2034,27.941337889582588
USA.27_1,USA,Montana,2035,26.195004271483683
USA.27_1,USA,Montana,2036,24.448670653384767
USA.27_1,USA,Montana,2037,22.702337035285854
USA.27_1,USA,Montana,2038,20.956003417186945
USA.27_1,USA,Montana,2039,19.20966979908803
USA.27_1,USA,Montana,2040,17.463336180989117
USA.27_1,USA,Montana,2041,15.717002562890201
USA.27_1,USA,Montana,2042,13.970668944791303
USA.27_1,USA,Montana,2043,12.224335326692387
USA.27_1,USA,Montana,2044,10.478001708593473
USA.27_1,USA,Montana,2045,8.731668090494558
USA.27_1,USA,Montana,2046,6.985334472395643
USA.27_1,USA,Montana,2047,5.239000854296729
USA.27_1,USA,Montana,2048,3.492667236197814
USA.27_1,USA,Montana,2049,1.7463336180989146
USA.27_1,USA,Montana,2050,0
USA.29_1,USA,Nevada,2005,48.311283849432755
USA.29_1,USA,Nevada,2006,47.634925875540695
USA.29_1,USA,Nevada,2007,46.958567901648635
USA.29_1,USA,Nevada,2008,46.282209927756575
USA.29_1,USA,Nevada,2009,45.605851953864516
USA.29_1,USA,Nevada,2010,44.929493979972456
USA.29_1,USA,Nevada,2011,44.2531360060804
USA.29_1,USA,Nevada,2012,43.576778032188344
USA.29_1,USA,Nevada,2013,42.900420058296284
USA.29_1,USA,Nevada,2014,42.224062084404224
USA.29_1,USA,Nevada,2015,41.547704110512164
USA.29_1,USA,Nevada,2016,40.871346136620105
USA.29_1,USA,Nevada,2017,40.19498816272805
USA.29_1,USA,Nevada,2018,39.51863018883599
USA.29_1,USA,Nevada,2019,38.84227221494393
USA.29_1,USA,Nevada,2020,38.16591424105187
USA.29_1,USA,Nevada,2021,37.48955626715982
USA.29_1,USA,Nevada,2022,36.81319829326776
USA.29_1,USA,Nevada,2023,36.1368403193757
USA.29_1,USA,Nevada,2024,35.46048234548365
USA.29_1,USA,Nevada,2025,34.78412437159158
USA.29_1,USA,Nevada,2026,33.39275939672792
USA.29_1,USA,Nevada,2027,32.001394421864255
USA.29_1,USA,Nevada,2028,30.610029447000592
USA.29_1,USA,Nevada,2029,29.21866447213693
USA.29_1,USA,Nevada,2030,27.827299497273266
USA.29_1,USA,Nevada,2031,26.435934522409603
USA.29_1,USA,Nevada,2032,25.04456954754594
USA.29_1,USA,Nevada,2033,23.653204572682277
USA.29_1,USA,Nevada,2034,22.261839597818614
USA.29_1,USA,Nevada,2035,20.87047462295495
USA.29_1,USA,Nevada,2036,19.479109648091285
USA.29_1,USA,Nevada,2037,18.087744673227622
USA.29_1,USA,Nevada,2038,16.69637969836396
USA.29_1,USA,Nevada,2039,15.305014723500296
USA.29_1,USA,Nevada,2040,13.913649748636633
USA.29_1,USA,Nevada,2041,12.52228477377297
USA.29_1,USA,Nevada,2042,11.130919798909307
USA.29_1,USA,Nevada,2043,9.739554824045642
USA.29_1,USA,Nevada,2044,8.34818984918198
USA.29_1,USA,Nevada,2045,6.9568248743183165
USA.29_1,USA,Nevada,2046,5.565459899454654
USA.29_1,USA,Nevada,2047,4.17409492459099
USA.29_1,USA,Nevada,2048,2.782729949727327
USA.29_1,USA,Nevada,2049,1.3913649748636634
USA.29_1,USA,Nevada,2050,0
USA.31_1,USA,New Jersey,2006,77.35266081702261
USA.31_1,USA,New Jersey,2007,75.7411470500013
USA.31_1,USA,New Jersey,2008,74.12963328298
USA.31_1,USA,New Jersey,2009,72.5181195159587
USA.31_1,USA,New Jersey,2010,70.90660574893738
USA.31_1,USA,New Jersey,2011,69.29509198191609
USA.31_1,USA,New Jersey,2012,67.68357821489478
USA.31_1,USA,New Jersey,2013,66.07206444787347
USA.31_1,USA,New Jersey,2014,64.46055068085218
USA.31_1,USA,New Jersey,2015,62.84903691383087
USA.31_1,USA,New Jersey,2016,61.237523146809565
USA.31_1,USA,New Jersey,2017,59.626009379788265
USA.31_1,USA,New Jersey,2018,58.01449561276695
USA.31_1,USA,New Jersey,2019,56.40298184574565
USA.31_1,USA,New Jersey,2020,54.79146807872434
USA.31_1,USA,New Jersey,2021,53.17995431170304
USA.31_1,USA,New Jersey,2022,51.56844054468174
USA.31_1,USA,New Jersey,2023,49.95692677766043
USA.31_1,USA,New Jersey,2024,48.34541301063913
USA.31_1,USA,New Jersey,2025,46.73389924361783
USA.31_1,USA,New Jersey,2026,45.12238547659652
USA.31_1,USA,New Jersey,2027,43.51087170957521
USA.31_1,USA,New Jersey,2028,41.89935794255391
USA.31_1,USA,New Jersey,2029,40.28784417553261
USA.31_1,USA,New Jersey,2030,38.676330408511305
USA.31_1,USA,New Jersey,2031,37.51604049625596
USA.31_1,USA,New Jersey,2032,36.355750584000624
USA.31_1,USA,New Jersey,2033,35.19546067174529
USA.31_1,USA,New Jersey,2034,34.035170759489944
USA.31_1,USA,New Jersey,2035,32.87488084723461
USA.31_1,USA,New Jersey,2036,31.714590934979267
USA.31_1,USA,New Jersey,2037,30.554301022723926
USA.31_1,USA,New Jersey,2038,29.39401111046859
USA.31_1,USA,New Jersey,2039,28.23372119821325
USA.31_1,USA,New Jersey,2040,27.07343128595791
USA.31_1,USA,New Jersey,2041,25.913141373702572
USA.31_1,USA,New Jersey,2042,24.752851461447232
USA.31_1,USA,New Jersey,2043,23.592561549191892
USA.31_1,USA,New Jersey,2044,22.43227163693655
USA.31_1,USA,New Jersey,2045,21.271981724681215
USA.31_1,USA,New Jersey,2046,20.111691812425875
USA.31_1,USA,New Jersey,2047,18.951401900170534
USA.31_1,USA,New Jersey,2048,17.791111987915194
USA.31_1,USA,New Jersey,2049,16.630822075659857
USA.31_1,USA,New Jersey,2050,15.470532163404517
USA.32_1,USA,New Mexico,2005,93.56149243702995
USA.32_1,USA,New Mexico,2006,91.87738557316342
USA.32_1,USA,New Mexico,2007,90.19327870929688
USA.32_1,USA,New Mexico,2008,88.50917184543034
USA.32_1,USA,New Mexico,2009,86.82506498156381
USA.32_1,USA,New Mexico,2010,85.14095811769727
USA.32_1,USA,New Mexico,2011,83.45685125383072
USA.32_1,USA,New Mexico,2012,81.77274438996417
USA.32_1,USA,New Mexico,2013,80.08863752609764
USA.32_1,USA,New Mexico,2014,78.4045306622311
USA.32_1,USA,New Mexico,2015,76.72042379836456
USA.32_1,USA,New Mexico,2016,75.03631693449803
USA.32_1,USA,New Mexico,2017,73.35221007063149
USA.32_1,USA,New Mexico,2018,71.66810320676495
USA.32_1,USA,New Mexico,2019,69.9839963428984
USA.32_1,USA,New Mexico,2020,68.29988947903186
USA.32_1,USA,New Mexico,2021,66.61578261516533
USA.32_1,USA,New Mexico,2022,64.93167575129878
USA.32_1,USA,New Mexico,2023,63.247568887432244
USA.32_1,USA,New Mexico,2024,61.56346202356571
USA.32_1,USA,New Mexico,2025,59.87935515969917
USA.32_1,USA,New Mexico,2026,58.195248295832634
USA.32_1,USA,New Mexico,2027,56.511141431966095
USA.32_1,USA,New Mexico,2028,54.82703456809955
USA.32_1,USA,New Mexico,2029,53.14292770423301
USA.32_1,USA,New Mexico,2030,51.45882084036648
USA.33_1,USA,New York,1990,134.65799714512156
USA.33_1,USA,New York,1991,133.31141717367032
USA.33_1,USA,New York,1992,131.96483720221912
USA.33_1,USA,New York,1993,130.6182572307679
USA.33_1,USA,New York,1994,129.27167725931668
USA.33_1,USA,New York,1995,127.92509728786546
USA.33_1,USA,New York,1996,126.57851731641425
USA.33_1,USA,New York,1997,125.23193734496304
USA.33_1,USA,New York,1998,123.88535737351182
USA.33_1,USA,New York,1999,122.5387774020606
USA.33_1,USA,New York,2000,121.1921974306094
USA.33_1,USA,New York,2001,119.84561745915816
USA.33_1,USA,New York,2002,118.49903748770696
USA.33_1,USA,New York,2003,117.15245751625574
USA.33_1,USA,New York,2004,115.80587754480453
USA.33_1,USA,New York,2005,114.45929757335333
USA.33_1,USA,New York,2006,113.11271760190209
USA.33_1,USA,New York,2007,111.76613763045087
USA.33_1,USA,New York,2008,110.41955765899966
USA.33_1,USA,New York,2009,109.07297768754846
USA.33_1,USA,New York,2010,107.72639771609724
USA.33_1,USA,New York,2011,106.37981774464602
USA.33_1,USA,New York,2012,105.0332377731948
USA.33_1,USA,New York,2013,103.68665780174359
USA.33_1,USA,New York,2014,102.34007783029237
USA.33_1,USA,New York,2015,100.99349785884115
USA.33_1,USA,New York,2016,99.64691788738995
USA.33_1,USA,New York,2017,98.30033791593874
USA.33_1,USA,New York,2018,96.9537579444875
USA.33_1,USA,New York,2019,95.60717797303629
USA.33_1,USA,New York,2020,94.26059800158508
USA.33_1,USA,New York,2021,92.91401803013387
USA.33_1,USA,New York,2022,91.56743805868265
USA.33_1,USA,New York,2023,90.22085808723143
USA.33_1,USA,New York,2024,88.87427811578021
USA.33_1,USA,New York,2025,87.52769814432901
USA.33_1,USA,New York,2026,86.18111817287779
USA.33_1,USA,New York,2027,84.83453820142657
USA.33_1,USA,New York,2028,83.48795822997536
USA.33_1,USA,New York,2029,82.14137825852416
USA.33_1,USA,New York,2030,80.79479828707292
USA.33_1,USA,New York,2031,76.75505837271929
USA.33_1,USA,New York,2032,72.71531845836563
USA.33_1,USA,New York,2033,68.67557854401198
USA.33_1,USA,New York,2034,64.63583862965834
USA.33_1,USA,New York,2035,60.5960987153047
USA.33_1,USA,New York,2036,56.556358800951045
USA.33_1,USA,New York,2037,52.5166188865974
USA.33_1,USA,New York,2038,48.47687897224375
USA.33_1,USA,New York,2039,44.43713905789011
USA.33_1,USA,New York,2040,40.39739914353646
USA.33_1,USA,New York,2041,36.357659229182815
USA.33_1,USA,New York,2042,32.31791931482917
USA.33_1,USA,New York,2043,28.278179400475523
USA.33_1,USA,New York,2044,24.238439486121877
USA.33_1,USA,New York,2045,20.19869957176823
USA.33_1,USA,New York,2046,16.158959657414584
USA.33_1,USA,New York,2047,12.119219743060947
USA.33_1,USA,New York,2048,8.079479828707292
USA.33_1,USA,New York,2049,4.039739914353654
USA.33_1,USA,New York,2050,0
USA.34_1,USA,North Carolina,2005,176.5440596540736
USA.34_1,USA,North Carolina,2006,173.01317846099212
USA.34_1,USA,North Carolina,2007,169.48229726791067
USA.34_1,USA,North Carolina,2008,165.95141607482918
USA.34_1,USA,North Carolina,2009,162.42053488174773
USA.34_1,USA,North Carolina,2010,158.88965368866621
USA.34_1,USA,North Carolina,2011,155.35877249558476
USA.34_1,USA,North Carolina,2012,151.82789130250328
USA.34_1,USA,North Carolina,2013,148.29701010942182
USA.34_1,USA,North Carolina,2014,144.76612891634036
USA.34_1,USA,North Carolina,2015,141.23524772325888
USA.34_1,USA,North Carolina,2016,137.70436653017742
USA.34_1,USA,North Carolina,2017,134.17348533709594
USA.34_1,USA,North Carolina,2018,130.64260414401446
USA.34_1,USA,North Carolina,2019,127.11172295093299
USA.34_1,USA,North Carolina,2020,123.58084175785152
USA.34_1,USA,North Carolina,2021,120.04996056477005
USA.34_1,USA,North Carolina,2022,116.51907937168858
USA.34_1,USA,North Carolina,2023,112.9881981786071
USA.34_1,USA,North Carolina,2024,109.45731698552564
USA.34_1,USA,North Carolina,2025,105.92643579244415
USA.34_1,USA,North Carolina,2026,102.39555459936268
USA.34_1,USA,North Carolina,2027,98.86467340628121
USA.34_1,USA,North Carolina,2028,95.33379221319973
USA.34_1,USA,North Carolina,2029,91.80291102011827
USA.34_1,USA,North Carolina,2030,88.2720298270368
USA.35_1,USA,North Dakota,2022,122.80434734432515
USA.35_1,USA,North Dakota,2023,107.45380392628451
USA.35_1,USA,North Dakota,2024,92.10326050824386
USA.35_1,USA,North Dakota,2025,76.75271709020322
USA.35_1,USA,North Dakota,2026,61.402173672162576
USA.35_1,USA,North Dakota,2027,46.05163025412193
USA.35_1,USA,North Dakota,2028,30.701086836081295
USA.35_1,USA,North Dakota,2029,15.350543418040647
USA.35_1,USA,North Dakota,2030,0
USA.38_1,USA,Oregon,1990,60.723190482479836
USA.38_1,USA,Oregon,1991,60.10215785254538
USA.38_1,USA,Oregon,1992,59.48112522261093
USA.38_1,USA,Oregon,1993,58.86009259267647
USA.38_1,USA,Oregon,1994,58.239059962742026
USA.38_1,USA,Oregon,1995,57.61802733280757
USA.38_1,USA,Oregon,1996,56.99699470287312
USA.38_1,USA,Oregon,1997,56.37596207293866
USA.38_1,USA,Oregon,1998,55.754929443004215
USA.38_1,USA,Oregon,1999,55.13389681306976
USA.38_1,USA,Oregon,2000,54.51286418313531
USA.38_1,USA,Oregon,2001,53.89183155320086
USA.38_1,USA,Oregon,2002,53.2707989232664
USA.38_1,USA,Oregon,2003,52.64976629333194
USA.38_1,USA,Oregon,2004,52.02873366339749
USA.38_1,USA,Oregon,2005,51.40770103346305
USA.38_1,USA,Oregon,2006,50.78666840352859
USA.38_1,USA,Oregon,2007,50.16563577359413
USA.38_1,USA,Oregon,2008,49.54460314365968
USA.38_1,USA,Oregon,2009,48.92357051372523
USA.38_1,USA,Oregon,2010,48.30253788379078
USA.38_1,USA,Oregon,2011,47.68150525385632
USA.38_1,USA,Oregon,2012,47.06047262392187
USA.38_1,USA,Oregon,2013,46.43943999398742
USA.38_1,USA,Oregon,2014,45.818407364052966
USA.38_1,USA,Oregon,2015,45.19737473411851
USA.38_1,USA,Oregon,2016,44.576342104184064
USA.38_1,USA,Oregon,2017,43.95530947424961
USA.38_1,USA,Oregon,2018,43.334276844315156
USA.38_1,USA,Oregon,2019,42.7132442143807
USA.38_1,USA,Oregon,2020,42.092211584446254
USA.38_1,USA,Oregon,2021,41.47117895451179
USA.38_1,USA,Oregon,2022,40.850146324577345
USA.38_1,USA,Oregon,2023,40.229113694642884
USA.38_1,USA,Oregon,2024,39.60808106470844
USA.38_1,USA,Oregon,2025,38.98704843477398
USA.38_1,USA,Oregon,2026,38.36601580483953
USA.38_1,USA,Oregon,2027,37.74498317490508
USA.38_1,USA,Oregon,2028,37.123950544970626
USA.38_1,USA,Oregon,2029,36.50291791503617
USA.38_1,USA,Oregon,2030,35.881885285101724
USA.38_1,USA,Oregon,2031,35.26085265516727
USA.38_1,USA,Oregon,2032,34.639820025232815
USA.38_1,USA,Oregon,2033,34.01878739529836
USA.38_1,USA,Oregon,2034,33.397754765363906
USA.38_1,USA,Oregon,2035,32.069434973559666
USA.38_1,USA,Oregon,2036,30.741115181755415
USA.38_1,USA,Oregon,2037,29.41279538995117
USA.38_1,USA,Oregon,2038,28.084475598146923
USA.38_1,USA,Oregon,2039,26.756155806342676
USA.38_1,USA,Oregon,2040,25.42783601453843
USA.38_1,USA,Oregon,2041,24.099516222734184
USA.38_1,USA,Oregon,2042,22.771196430929937
USA.38_1,USA,Oregon,2043,21.44287663912569
USA.38_1,USA,Oregon,2044,20.114556847321442
USA.38_1,USA,Oregon,2045,18.786237055517198
USA.38_1,USA,Oregon,2046,17.45791726371295
USA.38_1,USA,Oregon,2047,16.129597471908703
USA.38_1,USA,Oregon,2048,14.801277680104457
USA.38_1,USA,Oregon,2049,13.47295788830021
USA.38_1,USA,Oregon,2050,12.144638096495964
USA.39_1,USA,Pennsylvania,2005,270.27850138709096
USA.39_1,USA,Pennsylvania,2006,266.7648808690588
USA.39_1,USA,Pennsylvania,2007,263.25126035102664
USA.39_1,USA,Pennsylvania,2008,259.73763983299443
USA.39_1,USA,Pennsylvania,2009,256.2240193149622
USA.39_1,USA,Pennsylvania,2010,252.71039879693006
USA.39_1,USA,Pennsylvania,2011,249.19677827889788
USA.39_1,USA,Pennsylvania,2012,245.6831577608657
USA.39_1,USA,Pennsylvania,2013,242.1695372428335
USA.39_1,USA,Pennsylvania,2014,238.65591672480133
USA.39_1,USA,Pennsylvania,2015,235.14229620676917
USA.39_1,USA,Pennsylvania,2016,231.62867568873696
USA.39_1,USA,Pennsylvania,2017,228.11505517070478
USA.39_1,USA,Pennsylvania,2018,224.6014346526726
USA.39_1,USA,Pennsylvania,2019,221.08781413464044
USA.39_1,USA,Pennsylvania,2020,217.57419361660823
USA.39_1,USA,Pennsylvania,2021,214.06057309857607
USA.39_1,USA,Pennsylvania,2022,210.5469525805439
USA.39_1,USA,Pennsylvania,2023,207.03333206251168
USA.39_1,USA,Pennsylvania,2024,203.51971154447952
USA.39_1,USA,Pennsylvania,2025,200.00609102644734
USA.39_1,USA,Pennsylvania,2026,194.16807539648616
USA.39_1,USA,Pennsylvania,2027,188.330059766525
USA.39_1,USA,Pennsylvania,2028,182.49204413656383
USA.39_1,USA,Pennsylvania,2029,176.65402850660269
USA.39_1,USA,Pennsylvania,2030,170.8160128766415
USA.39_1,USA,Pennsylvania,2031,164.97799724668033
USA.39_1,USA,Pennsylvania,2032,159.13998161671915
USA.39_1,USA,Pennsylvania,2033,153.301965986758
USA.39_1,USA,Pennsylvania,2034,147.46395035679683
USA.39_1,USA,Pennsylvania,2035,141.62593472683568
USA.39_1,USA,Pennsylvania,2036,135.7879190968745
USA.39_1,USA,Pennsylvania,2037,129.94990346691336
USA.39_1,USA,Pennsylvania,2038,124.11188783695218
USA.39_1,USA,Pennsylvania,2039,118.273872206991
USA.39_1,USA,Pennsylvania,2040,112.43585657702985
USA.39_1,USA,Pennsylvania,2041,106.59784094706868
USA.39_1,USA,Pennsylvania,2042,100.75982531710751
USA.39_1,USA,Pennsylvania,2043,94.92180968714635
USA.39_1,USA,Pennsylvania,2044,89.08379405718519
USA.39_1,USA,Pennsylvania,2045,83.24577842722401
USA.39_1,USA,Pennsylvania,2046,77.40776279726286
USA.39_1,USA,Pennsylvania,2047,71.56974716730168
USA.39_1,USA,Pennsylvania,2048,65.73173153734052
USA.39_1,USA,Pennsylvania,2049,59.89371590737936
USA.39_1,USA,Pennsylvania,2050,54.0557002774182
USA.40_1,USA,Rhode Island,1990,6.345928196464744
USA.40_1,USA,Rhode Island,1991,6.26131582051188
USA.40_1,USA,Rhode Island,1992,6.176703444559017
USA.40_1,USA,Rhode Island,1993,6.0920910686061545
USA.40_1,USA,Rhode Island,1994,6.007478692653291
USA.40_1,USA,Rhode Island,1995,5.922866316700427
USA.40_1,USA,Rhode Island,1996,5.838253940747563
USA.40_1,USA,Rhode Island,1997,5.753641564794701
USA.40_1,USA,Rhode Island,1998,5.669029188841837
USA.40_1,USA,Rhode Island,1999,5.584416812888974
USA.40_1,USA,Rhode Island,2000,5.499804436936111
USA.40_1,USA,Rhode Island,2001,5.415192060983248
USA.40_1,USA,Rhode Island,2002,5.330579685030384
USA.40_1,USA,Rhode Island,2003,5.245967309077521
USA.40_1,USA,Rhode Island,2004,5.161354933124658
USA.40_1,USA,Rhode Island,2005,5.076742557171794
USA.40_1,USA,Rhode Island,2006,4.992130181218932
USA.40_1,USA,Rhode Island,2007,4.907517805266068
USA.40_1,USA,Rhode Island,2008,4.822905429313205
USA.40_1,USA,Rhode Island,2009,4.738293053360341
USA.40_1,USA,Rhode Island,2010,4.653680677407479
USA.40_1,USA,Rhode Island,2011,4.569068301454615
USA.40_1,USA,Rhode Island,2012,4.484455925501751
USA.40_1,USA,Rhode Island,2013,4.399843549548889
USA.40_1,USA,Rhode Island,2014,4.315231173596025
USA.40_1,USA,Rhode Island,2015,4.230618797643162
USA.40_1,USA,Rhode Island,2016,4.1460064216902985
USA.40_1,USA,Rhode Island,2017,4.061394045737436
USA.40_1,USA,Rhode Island,2018,3.976781669784572
USA.40_1,USA,Rhode Island,2019,3.8921692938317087
USA.40_1,USA,Rhode Island,2020,3.8075569178788458
USA.40_1,USA,Rhode Island,2021,3.722944541925982
USA.40_1,USA,Rhode Island,2022,3.6383321659731194
USA.40_1,USA,Rhode Island,2023,3.553719790020256
USA.40_1,USA,Rhode Island,2024,3.4691074140673925
USA.40_1,USA,Rhode Island,2025,3.384495038114529
USA.40_1,USA,Rhode Island,2026,3.2998826621616666
USA.40_1,USA,Rhode Island,2027,3.2152702862088027
USA.40_1,USA,Rhode Island,2028,3.1306579102559398
USA.40_1,USA,Rhode Island,2029,3.046045534303076
USA.40_1,USA,Rhode Island,2030,2.9614331583502134
USA.40_1,USA,Rhode Island,2031,2.87682078239735
USA.40_1,USA,Rhode Island,2032,2.7922084064444865
USA.40_1,USA,Rhode Island,2033,2.707596030491623
USA.40_1,USA,Rhode Island,2034,2.6229836545387606
USA.40_1,USA,Rhode Island,2035,2.5383712785858967
USA.40_1,USA,Rhode Island,2036,2.4537589026330333
USA.40_1,USA,Rhode Island,2037,2.3691465266801703
USA.40_1,USA,Rhode Island,2038,2.284534150727307
USA.40_1,USA,Rhode Island,2039,2.199921774774444
USA.40_1,USA,Rhode Island,2040,2.11530939882158
USA.40_1,USA,Rhode Island,2041,2.030697022868717
USA.40_1,USA,Rhode Island,2042,1.946084646915854
USA.40_1,USA,Rhode Island,2043,1.8614722709629907
USA.40_1,USA,Rhode Island,2044,1.7768598950101278
USA.40_1,USA,Rhode Island,2045,1.6922475190572646
USA.40_1,USA,Rhode Island,2046,1.6076351431044005
USA.40_1,USA,Rhode Island,2047,1.5230227671515384
USA.40_1,USA,Rhode Island,2048,1.4384103911986743
USA.40_1,USA,Rhode Island,2049,1.3537980152458111
USA.40_1,USA,Rhode Island,2050,1.269185639292948
USA.45_1,USA,Utah,2005,88.60047880612905
USA.45_1,USA,Utah,2006,87.49297282105245
USA.45_1,USA,Utah,2007,86.38546683597582
USA.45_1,USA,Utah,2008,85.27796085089922
USA.45_1,USA,Utah,2009,84.17045486582259
USA.45_1,USA,Utah,2010,83.06294888074599
USA.45_1,USA,Utah,2011,81.95544289566936
USA.45_1,USA,Utah,2012,80.84793691059276
USA.45_1,USA,Utah,2013,79.74043092551614
USA.45_1,USA,Utah,2014,78.63292494043954
USA.45_1,USA,Utah,2015,77.52541895536291
USA.45_1,USA,Utah,2016,76.41791297028631
USA.45_1,USA,Utah,2017,75.31040698520971
USA.45_1,USA,Utah,2018,74.20290100013308
USA.45_1,USA,Utah,2019,73.09539501505648
USA.45_1,USA,Utah,2020,71.98788902997985
USA.45_1,USA,Utah,2021,70.88038304490325
USA.45_1,USA,Utah,2022,69.77287705982664
USA.45_1,USA,Utah,2023,68.66537107475003
USA.45_1,USA,Utah,2024,67.5578650896734
USA.45_1,USA,Utah,2025,66.4503591045968
USA.45_1,USA,Utah,2026,64.50114857086196
USA.45_1,USA,Utah,2027,62.551938037127115
USA.45_1,USA,Utah,2028,60.60272750339228
USA.45_1,USA,Utah,2029,58.65351696965744
USA.45_1,USA,Utah,2030,56.70430643592259
USA.45_1,USA,Utah,2031,54.755095902187755
USA.45_1,USA,Utah,2032,52.80588536845291
USA.45_1,USA,Utah,2033,50.85667483471808
USA.45_1,USA,Utah,2034,48.907464300983236
USA.45_1,USA,Utah,2035,46.958253767248394
USA.45_1,USA,Utah,2036,45.009043233513566
USA.45_1,USA,Utah,2037,43.059832699778724
USA.45_1,USA,Utah,2038,41.110622166043875
USA.45_1,USA,Utah,2039,39.16141163230903
USA.45_1,USA,Utah,2040,37.212201098574205
USA.45_1,USA,Utah,2041,35.26299056483936
USA.45_1,USA,Utah,2042,33.31378003110452
USA.45_1,USA,Utah,2043,31.364569497369683
USA.45_1,USA,Utah,2044,29.41535896363484
USA.45_1,USA,Utah,2045,27.4661484299
USA.45_1,USA,Utah,2046,25.516937896165164
USA.45_1,USA,Utah,2047,23.567727362430325
USA.45_1,USA,Utah,2048,21.618516828695483
USA.45_1,USA,Utah,2049,19.66930629496065
USA.45_1,USA,Utah,2050,17.720095761225803
USA.46_1,USA,Vermont,1990,9.29696094078235
USA.46_1,USA,Vermont,1991,9.387785499588926
USA.46_1,USA,Vermont,1992,9.4786100583955
USA.46_1,USA,Vermont,1993,9.569434617202075
USA.46_1,USA,Vermont,1994,9.66025917600865
USA.46_1,USA,Vermont,1995,9.751083734815225
USA.46_1,USA,Vermont,1996,9.8419082936218
USA.46_1,USA,Vermont,1997,9.932732852428375
USA.46_1,USA,Vermont,1998,10.02355741123495
USA.46_1,USA,Vermont,1999,10.114381970041524
USA.46_1,USA,Vermont,2000,10.2052065288481
USA.46_1,USA,Vermont,2001,10.296031087654676
USA.46_1,USA,Vermont,2002,10.38685564646125
USA.46_1,USA,Vermont,2003,10.477680205267825
USA.46_1,USA,Vermont,2004,10.5685047640744
USA.46_1,USA,Vermont,2005,10.659329322880977
USA.46_1,USA,Vermont,2006,10.520758041683523
USA.46_1,USA,Vermont,2007,10.38218676048607
USA.46_1,USA,Vermont,2008,10.243615479288618
USA.46_1,USA,Vermont,2009,10.105044198091164
USA.46_1,USA,Vermont,2010,9.966472916893713
USA.46_1,USA,Vermont,2011,9.82790163569626
USA.46_1,USA,Vermont,2012,9.689330354498807
USA.46_1,USA,Vermont,2013,9.550759073301354
USA.46_1,USA,Vermont,2014,9.412187792103902
USA.46_1,USA,Vermont,2015,9.273616510906448
USA.46_1,USA,Vermont,2016,9.135045229708995
USA.46_1,USA,Vermont,2017,8.996473948511545
USA.46_1,USA,Vermont,2018,8.857902667314091
USA.46_1,USA,Vermont,2019,8.71933138611664
USA.46_1,USA,Vermont,2020,8.580760104919186
USA.46_1,USA,Vermont,2021,8.442188823721732
USA.46_1,USA,Vermont,2022,8.30361754252428
USA.46_1,USA,Vermont,2023,8.165046261326827
USA.46_1,USA,Vermont,2024,8.026474980129375
USA.46_1,USA,Vermont,2025,7.887903698931922
USA.46_1,USA,Vermont,2026,6.682201396776832
USA.46_1,USA,Vermont,2027,5.476499094621741
USA.46_1,USA,Vermont,2028,4.27079679246665
USA.46_1,USA,Vermont,2029,3.06509449031156
USA.46_1,USA,Vermont,2030,1.8593921881564697
USA.47_1,USA,Virginia,2005,125.7683515322987
USA.47_1,USA,Virginia,2006,122.62414274399123
USA.47_1,USA,Virginia,2007,119.47993395568376
USA.47_1,USA,Virginia,2008,116.3357251673763
USA.47_1,USA,Virginia,2009,113.19151637906882
USA.47_1,USA,Virginia,2010,110.04730759076136
USA.47_1,USA,Virginia,2011,106.9030988024539
USA.47_1,USA,Virginia,2012,103.75889001414643
USA.47_1,USA,Virginia,2013,100.61468122583896
USA.47_1,USA,Virginia,2014,97.47047243753148
USA.47_1,USA,Virginia,2015,94.32626364922403
USA.47_1,USA,Virginia,2016,91.18205486091655
USA.47_1,USA,Virginia,2017,88.0378460726091
USA.47_1,USA,Virginia,2018,84.89363728430162
USA.47_1,USA,Virginia,2019,81.74942849599415
USA.47_1,USA,Virginia,2020,78.60521970768669
USA.47_1,USA,Virginia,2021,75.46101091937922
USA.47_1,USA,Virginia,2022,72.31680213107174
USA.47_1,USA,Virginia,2023,69.17259334276429
USA.47_1,USA,Virginia,2024,66.02838455445682
USA.47_1,USA,Virginia,2025,62.88417576614935
USA.47_1,USA,Virginia,2026,59.739966977841874
USA.47_1,USA,Virginia,2027,56.59575818953441
USA.47_1,USA,Virginia,2028,53.451549401226956
USA.47_1,USA,Virginia,2029,50.30734061291948
USA.47_1,USA,Virginia,2030,47.16313182461201
USA.47_1,USA,Virginia,2031,44.01892303630455
USA.47_1,USA,Virginia,2032,40.874714247997076
USA.47_1,USA,Virginia,2033,37.73050545968962
USA.47_1,USA,Virginia,2034,34.586296671382144
USA.47_1,USA,Virginia,2035,31.44208788307467
USA.47_1,USA,Virginia,2036,28.297879094767197
USA.47_1,USA,Virginia,2037,25.15367030645974
USA.47_1,USA,Virginia,2038,22.009461518152282
USA.47_1,USA,Virginia,2039,18.86525272984481
USA.47_1,USA,Virginia,2040,15.721043941537335
USA.47_1,USA,Virginia,2041,12.576835153229862
USA.47_1,USA,Virginia,2042,9.432626364922404
USA.47_1,USA,Virginia,2043,6.288417576614946
USA.47_1,USA,Virginia,2044,3.144208788307473
USA.47_1,USA,Virginia,2045,0
USA.48_1,USA,Washington State,1990,84.45298087581851
USA.48_1,USA,Washington State,1991,83.50288484096555
USA.48_1,USA,Washington State,1992,82.55278880611259
USA.48_1,USA,Washington State,1993,81.60269277125964
USA.48_1,USA,Washington State,1994,80.65259673640666
USA.48_1,USA,Washington State,1995,79.70250070155372
USA.48_1,USA,Washington State,1996,78.75240466670076
USA.48_1,USA,Washington State,1997,77.8023086318478
USA.48_1,USA,Washington State,1998,76.85221259699485
USA.48_1,USA,Washington State,1999,75.90211656214188
USA.48_1,USA,Washington State,2000,74.95202052728892
USA.48_1,USA,Washington State,2001,74.00192449243596
USA.48_1,USA,Washington State,2002,73.05182845758301
USA.48_1,USA,Washington State,2003,72.10173242273004
USA.48_1,USA,Washington State,2004,71.15163638787709
USA.48_1,USA,Washington State,2005,70.20154035302413
USA.48_1,USA,Washington State,2006,69.25144431817117
USA.48_1,USA,Washington State,2007,68.30134828331822
USA.48_1,USA,Washington State,2008,67.35125224846526
USA.48_1,USA,Washington State,2009,66.4011562136123
USA.48_1,USA,Washington State,2010,65.45106017875933
USA.48_1,USA,Washington State,2011,64.50096414390639
USA.48_1,USA,Washington State,2012,63.55086810905342
USA.48_1,USA,Washington State,2013,62.600772074200464
USA.48_1,USA,Washington State,2014,61.65067603934751
USA.48_1,USA,Washington State,2015,60.70058000449455
USA.48_1,USA,Washington State,2016,59.750483969641586
USA.48_1,USA,Washington State,2017,58.80038793478863
USA.48_1,USA,Washington State,2018,57.85029189993568
USA.48_1,USA,Washington State,2019,56.90019586508271
USA.48_1,USA,Washington State,2020,55.95009983022976
USA.48_1,USA,Washington State,2021,55.0000037953768
USA.48_1,USA,Washington State,2022,54.049907760523844
USA.48_1,USA,Washington State,2023,53.09981172567089
USA.48_1,USA,Washington State,2024,52.14971569081792
USA.48_1,USA,Washington State,2025,51.19961965596497
USA.48_1,USA,Washington State,2026,50.249523621112004
USA.48_1,USA,Washington State,2027,49.29942758625904
USA.48_1,USA,Washington State,2028,48.349331551406095
USA.48_1,USA,Washington State,2029,47.399235516553134
USA.48_1,USA,Washington State,2030,46.44913948170017
USA.48_1,USA,Washington State,2031,44.126682507615165
USA.48_1,USA,Washington State,2032,41.80422553353016
USA.48_1,USA,Washington State,2033,39.48176855944515
USA.48_1,USA,Washington State,2034,37.159311585360136
USA.48_1,USA,Washington State,2035,34.83685461127513
USA.48_1,USA,Washington State,2036,32.51439763719012
USA.48_1,USA,Washington State,2037,30.191940663105115
USA.48_1,USA,Washington State,2038,27.869483689020104
USA.48_1,USA,Washington State,2039,25.547026714935093
USA.48_1,USA,Washington State,2040,23.224569740850086
USA.48_1,USA,Washington State,2041,20.902112766765075
USA.48_1,USA,Washington State,2042,18.579655792680068
USA.48_1,USA,Washington State,2043,16.25719881859506
USA.48_1,USA,Washington State,2044,13.934741844510055
USA.48_1,USA,Washington State,2045,11.612284870425045
USA.48_1,USA,Washington State,2046,9.289827896340034
USA.48_1,USA,Washington State,2047,6.967370922255024
USA.48_1,USA,Washington State,2048,4.6449139481700135
USA.48_1,USA,Washington State,2049,2.3224569740850107
USA.48_1,USA,Washington State,2050,0
USA.50_1,USA,Wisconsin,2005,136.72899890335705
USA.50_1,USA,Wisconsin,2006,134.88315741816174
USA.50_1,USA,Wisconsin,2007,133.0373159329664
USA.50_1,USA,Wisconsin,2008,131.1914744477711
USA.50_1,USA,Wisconsin,2009,129.3456329625758
USA.50_1,USA,Wisconsin,2010,127.49979147738046
USA.50_1,USA,Wisconsin,2011,125.65394999218513
USA.50_1,USA,Wisconsin,2012,123.80810850698981
USA.50_1,USA,Wisconsin,2013,121.9622670217945
USA.50_1,USA,Wisconsin,2014,120.11642553659918
USA.50_1,USA,Wisconsin,2015,118.27058405140384
USA.50_1,USA,Wisconsin,2016,116.42474256620852
USA.50_1,USA,Wisconsin,2017,114.5789010810132
USA.50_1,USA,Wisconsin,2018,112.73305959581789
USA.50_1,USA,Wisconsin,2019,110.88721811062257
USA.50_1,USA,Wisconsin,2020,109.04137662542725
USA.50_1,USA,Wisconsin,2021,107.19553514023193
USA.50_1,USA,Wisconsin,2022,105.3496936550366
USA.50_1,USA,Wisconsin,2023,103.5038521698413
USA.50_1,USA,Wisconsin,2024,101.65801068464597
USA.50_1,USA,Wisconsin,2025,99.81216919945064
USA.5_1,USA,California,1990,388.76788473155545
USA.5_1,USA,California,1991,384.8802058842399
USA.5_1,USA,California,1992,380.99252703692434
USA.5_1,USA,California,1993,377.1048481896088
USA.5_1,USA,California,1994,373.2171693422933
USA.5_1,USA,California,1995,369.32949049497773
USA.5_1,USA,California,1996,365.4418116476622
USA.5_1,USA,California,1997,361.55413280034657
USA.5_1,USA,California,1998,357.666453953031
USA.5_1,USA,California,1999,353.77877510571545
USA.5_1,USA,California,2000,349.8910962583999
USA.5_1,USA,California,2001,346.00341741108434
USA.5_1,USA,California,2002,342.1157385637688
USA.5_1,USA,California,2003,338.22805971645323
USA.5_1,USA,California,2004,334.34038086913773
USA.5_1,USA,California,2005,330.4527020218222
USA.5_1,USA,California,2006,326.56502317450656
USA.5_1,USA,California,2007,322.677344327191
USA.5_1,USA,California,2008,318.78966547987545
USA.5_1,USA,California,2009,314.9019866325599
USA.5_1,USA,California,2010,311.01430778524434
USA.5_1,USA,California,2011,307.1266289379288
USA.5_1,USA,California,2012,303.23895009061323
USA.5_1,USA,California,2013,299.3512712432977
USA.5_1,USA,California,2014,295.4635923959821
USA.5_1,USA,California,2015,291.5759135486666
USA.5_1,USA,California,2016,287.68823470135106
USA.5_1,USA,California,2017,283.8005558540355
USA.5_1,USA,California,2018,279.91287700671995
USA.5_1,USA,California,2019,276.0251981594044
USA.5_1,USA,California,2020,272.13751931208884
USA.5_1,USA,California,2021,268.24984046477323
USA.5_1,USA,California,2022,264.3621616174577
USA.5_1,USA,California,2023,260.4744827701421
USA.5_1,USA,California,2024,256.58680392282656
USA.5_1,USA,California,2025,252.69912507551103
USA.5_1,USA,California,2026,248.81144622819548
USA.5_1,USA,California,2027,244.92376738087992
USA.5_1,USA,California,2028,241.0360885335644
USA.5_1,USA,California,2029,237.1484096862488
USA.5_1,USA,California,2030,233.26073083893326
USA.5_1,USA,California,2031,217.71001544967103
USA.5_1,USA,California,2032,202.15930006040884
USA.5_1,USA,California,2033,186.6085846711466
USA.5_1,USA,California,2034,171.0578692818844
USA.5_1,USA,California,2035,155.50715389262217
USA.5_1,USA,California,2036,139.95643850335995
USA.5_1,USA,California,2037,124.40572311409773
USA.5_1,USA,California,2038,108.85500772483553
USA.5_1,USA,California,2039,93.30429233557332
USA.5_1,USA,California,2040,77.75357694631109
USA.5_1,USA,California,2041,62.202861557048884
USA.5_1,USA,California,2042,46.652146167786626
USA.5_1,USA,California,2043,31.101430778524428
USA.5_1,USA,California,2044,15.5507153892622
USA.5_1,USA,California,2045,0
USA.6_1,USA,Colorado,2005,126.54486908569586
USA.6_1,USA,Colorado,2006,124.89978578758182
USA.6_1,USA,Colorado,2007,123.25470248946777
USA.6_1,USA,Colorado,2008,121.60961919135373
USA.6_1,USA,Colorado,2009,119.96453589323967
USA.6_1,USA,Colorado,2010,118.31945259512563
USA.6_1,USA,Colorado,2011,116.67436929701158
USA.6_1,USA,Colorado,2012,115.02928599889754
USA.6_1,USA,Colorado,2013,113.38420270078349
USA.6_1,USA,Colorado,2014,111.73911940266944
USA.6_1,USA,Colorado,2015,110.0940361045554
USA.6_1,USA,Colorado,2016,108.44895280644135
USA.6_1,USA,Colorado,2017,106.80386950832731
USA.6_1,USA,Colorado,2018,105.15878621021326
USA.6_1,USA,Colorado,2019,103.5137029120992
USA.6_1,USA,Colorado,2020,101.86861961398516
USA.6_1,USA,Colorado,2021,100.22353631587112
USA.6_1,USA,Colorado,2022,98.57845301775707
USA.6_1,USA,Colorado,2023,96.93336971964303
USA.6_1,USA,Colorado,2024,95.28828642152898
USA.6_1,USA,Colorado,2025,93.64320312341493
USA.6_1,USA,Colorado,2026,87.56904940730153
USA.6_1,USA,Colorado,2027,81.49489569118812
USA.6_1,USA,Colorado,2028,75.42074197507473
USA.6_1,USA,Colorado,2029,69.34658825896133
USA.6_1,USA,Colorado,2030,63.27243454284793
USA.6_1,USA,Colorado,2031,60.74153716113401
USA.6_1,USA,Colorado,2032,58.21063977942009
USA.6_1,USA,Colorado,2033,55.67974239770618
USA.6_1,USA,Colorado,2034,53.148845015992265
USA.6_1,USA,Colorado,2035,50.617947634278345
USA.6_1,USA,Colorado,2036,48.08705025256443
USA.6_1,USA,Colorado,2037,45.55615287085052
USA.6_1,USA,Colorado,2038,43.02525548913659
USA.6_1,USA,Colorado,2039,40.49435810742268
USA.6_1,USA,Colorado,2040,37.963460725708764
USA.6_1,USA,Colorado,2041,35.43256334399484
USA.6_1,USA,Colorado,2042,32.90166596228093
USA.6_1,USA,Colorado,2043,30.370768580567006
USA.6_1,USA,Colorado,2044,27.839871198853096
USA.6_1,USA,Colorado,2045,25.30897381713918
USA.6_1,USA,Colorado,2046,22.778076435425252
USA.6_1,USA,Colorado,2047,20.24717905371134
USA.6_1,USA,Colorado,2048,17.71628167199742
USA.6_1,USA,Colorado,2049,15.185384290283508
USA.6_1,USA,Colorado,2050,12.65448690856959
USA.7_1,USA,Connecticut,2001,32.36109415104312
USA.7_1,USA,Connecticut,2002,31.858939241802798
USA.7_1,USA,Connecticut,2003,31.356784332562473
USA.7_1,USA,Connecticut,2004,30.854629423322148
USA.7_1,USA,Connecticut,2005,30.352474514081823
USA.7_1,USA,Connecticut,2006,29.850319604841502
USA.7_1,USA,Connecticut,2007,29.348164695601177
USA.7_1,USA,Connecticut,2008,28.846009786360852
USA.7_1,USA,Connecticut,2009,28.343854877120524
USA.7_1,USA,Connecticut,2010,27.8416999678802
USA.7_1,USA,Connecticut,2011,27.339545058639878
USA.7_1,USA,Connecticut,2012,26.837390149399553
USA.7_1,USA,Connecticut,2013,26.33523524015923
USA.7_1,USA,Connecticut,2014,25.833080330918904
USA.7_1,USA,Connecticut,2015,25.33092542167858
USA.7_1,USA,Connecticut,2016,24.828770512438258
USA.7_1,USA,Connecticut,2017,24.326615603197933
USA.7_1,USA,Connecticut,2018,23.824460693957608
USA.7_1,USA,Connecticut,2019,23.322305784717283
USA.7_1,USA,Connecticut,2020,22.82015087547696
USA.7_1,USA,Connecticut,2021,22.317995966236637
USA.7_1,USA,Connecticut,2022,21.81584105699631
USA.7_1,USA,Connecticut,2023,21.313686147755988
USA.7_1,USA,Connecticut,2024,20.81153123851566
USA.7_1,USA,Connecticut,2025,20.30937632927534
USA.7_1,USA,Connecticut,2026,19.807221420035013
USA.7_1,USA,Connecticut,2027,19.30506651079469
USA.7_1,USA,Connecticut,2028,18.802911601554364
USA.7_1,USA,Connecticut,2029,18.30075669231404
USA.7_1,USA,Connecticut,2030,17.798601783073718
USA.7_1,USA,Connecticut,2031,17.23228263543046
USA.7_1,USA,Connecticut,2032,16.665963487787206
USA.7_1,USA,Connecticut,2033,16.099644340143954
USA.7_1,USA,Connecticut,2034,15.533325192500698
USA.7_1,USA,Connecticut,2035,14.967006044857442
USA.7_1,USA,Connecticut,2036,14.400686897214188
USA.7_1,USA,Connecticut,2037,13.834367749570932
USA.7_1,USA,Connecticut,2038,13.26804860192768
USA.7_1,USA,Connecticut,2039,12.701729454284422
USA.7_1,USA,Connecticut,2040,12.13541030664117
USA.7_1,USA,Connecticut,2041,11.569091158997914
USA.7_1,USA,Connecticut,2042,11.002772011354658
USA.7_1,USA,Connecticut,2043,10.436452863711406
USA.7_1,USA,Connecticut,2044,9.87013371606815
USA.7_1,USA,Connecticut,2045,9.303814568424896
USA.7_1,USA,Connecticut,2046,8.73749542078164
USA.7_1,USA,Connecticut,2047,8.171176273138387
USA.7_1,USA,Connecticut,2048,7.60485712549513
USA.7_1,USA,Connecticut,2049,7.038537977851877
USA.7_1,USA,Connecticut,2050,6.472218830208622
USA.8_1,USA,Delaware,2005,17.680465121895455
USA.8_1,USA,Delaware,2006,17.43293861018892
USA.8_1,USA,Delaware,2007,17.18541209848238
USA.8_1,USA,Delaware,2008,16.937885586775845
USA.8_1,USA,Delaware,2009,16.69035907506931
USA.8_1,USA,Delaware,2010,16.442832563362774
USA.8_1,USA,Delaware,2011,16.195306051656235
USA.8_1,USA,Delaware,2012,15.9477795399497
USA.8_1,USA,Delaware,2013,15.700253028243164
USA.8_1,USA,Delaware,2014,15.452726516536627
USA.8_1,USA,Delaware,2015,15.20520000483009
USA.8_1,USA,Delaware,2016,14.957673493123554
USA.8_1,USA,Delaware,2017,14.710146981417017
USA.8_1,USA,Delaware,2018,14.46262046971048
USA.8_1,USA,Delaware,2019,14.215093958003946
USA.8_1,USA,Delaware,2020,13.967567446297407
USA.8_1,USA,Delaware,2021,13.720040934590873
USA.8_1,USA,Delaware,2022,13.472514422884336
USA.8_1,USA,Delaware,2023,13.224987911177799
USA.8_1,USA,Delaware,2024,12.977461399471263
USA.8_1,USA,Delaware,2025,12.729934887764726
